{"sections":{"1640945005db240647":{"type":"slideshow","blocks":{"164094500556b7bdb3-0":{"type":"image","settings":{"title":"","title_size":80,"subheading":"","link":"","link_text":"","text_align":"vertical-bottom horizontal-left","image":"shopify:\/\/shop_images\/BA8I2321.jpg","focal_point":"bottom center"}}},"block_order":["164094500556b7bdb3-0"],"settings":{"section_height":"450px","mobile_height":"auto","parallax":false,"style":"dots","autoplay":false,"autoplay_speed":5}},"main":{"type":"blog-template","settings":{"blog_show_tag_filter":true,"blog_show_rss":false,"blog_show_tags":true,"blog_show_date":true,"blog_show_comments":true,"blog_show_author":false}},"1640945333c93a38e1":{"type":"apps","blocks":{"fefacef9-87f2-49ca-abb8-5f7bafe42372":{"type":"shopify:\/\/apps\/covet-pics-instagram-feed\/blocks\/app-block-standard\/577480e8-b5be-4890-968c-06ccfb458c74","settings":{"gallery_embed_id":211417,"show_text":true,"title_text":"EXPLORE THE LIFESTYLE","title_color":"#000000","title_size":22,"subtitle_text":"","subtitle_color":"#000000","subtitle_size":14,"text_alignment":"left","margin":20,"custom_html_above":"","custom_html_below":""}}},"block_order":["fefacef9-87f2-49ca-abb8-5f7bafe42372"],"settings":{"full_width":false,"space_around":true}}},"order":["1640945005db240647","main","1640945333c93a38e1"]}