{"sections":{"16400706762b6fd985":{"type":"advanced-content","disabled":true,"blocks":{"1640070676720b89aa-0":{"type":"image","disabled":true,"settings":{"image":"shopify:\/\/shop_images\/20211228144416.png","link":"","width":"100%","alignment":"bottom-middle"}}},"block_order":["1640070676720b89aa-0"],"settings":{"full_width":true,"space_around":true}},"16400707191bfd3f8d":{"type":"rich-text","disabled":true,"blocks":{"1640070719b5f048fc-0":{"type":"heading","settings":{"title":""}},"1640070719b5f048fc-1":{"type":"text","disabled":true,"settings":{"enlarge_text":false,"text":"<p>Use this text to share information about your brand with your customers. Describe a product, share announcements, or welcome customers to your store.<\/p>"}}},"block_order":["1640070719b5f048fc-0","1640070719b5f048fc-1"],"settings":{"align_text":"center","narrow_column":true,"divider":false}},"main-collection":{"type":"main-collection","blocks":{"collection_description":{"type":"collection_description","settings":{}},"product_grid":{"type":"product_grid","settings":{"collection_subnav_style":"inline","per_row":4,"mobile_flush_grid":false}}},"block_order":["collection_description","product_grid"],"settings":{"collection_image_enable":true,"collection_image_height":550,"parallax":true,"enable_sidebar":false,"collapsed":false,"enable_color_swatches":false,"enable_sort":false}}},"order":["16400706762b6fd985","16400707191bfd3f8d","main-collection"]}