{"sections":{"featured-collection":{"type":"featured-collection","settings":{"title":"","home_featured_products":"gear","per_row":3,"rows":1,"view_all":true,"divider":false}},"featured-collections":{"type":"featured-collections","disabled":true,"blocks":{"collection1":{"type":"collection","settings":{"collection":"","focal_point":"center center","size":"square-small"}},"collection2":{"type":"collection","settings":{"collection":"","focal_point":"center center","size":"square-small"}},"collection3":{"type":"collection","settings":{"collection":"","focal_point":"center center","size":"square-small"}},"collection4":{"type":"collection","settings":{"collection":"","focal_point":"center center","size":"square-small"}}},"block_order":["collection1","collection2","collection3","collection4"],"settings":{"title":"You may also like","divider":false,"enable_gutter":false}},"slideshow":{"type":"slideshow","blocks":{"slideshow-0":{"type":"image","settings":{"title":"Two line\nslide title.","title_size":80,"subheading":"And an optional subheading","link":"","link_text":"","text_align":"vertical-bottom horizontal-left","focal_point":"center center"}}},"block_order":["slideshow-0"],"settings":{"section_height":"550px","mobile_height":"auto","parallax":false,"style":"minimal","autoplay":false,"autoplay_speed":7}},"featured-collection2":{"type":"featured-collection","disabled":true,"settings":{"title":"Featured collection","home_featured_products":"","per_row":4,"rows":1,"view_all":true,"divider":false}},"featured-collection3":{"type":"featured-collection","settings":{"title":"Featured collection","home_featured_products":"","per_row":4,"rows":1,"view_all":true,"divider":false}},"main-collection":{"type":"main-collection","disabled":true,"blocks":{"collection_description":{"type":"collection_description","settings":{}},"product_grid":{"type":"product_grid","settings":{"collection_subnav_style":"inline","per_row":4,"mobile_flush_grid":false}}},"block_order":["collection_description","product_grid"],"settings":{"collection_image_enable":true,"collection_image_height":550,"parallax":true,"enable_sidebar":true,"collapsed":true,"enable_color_swatches":false,"enable_sort":false}},"1643018966e9925958":{"type":"featured-collection-switcher","disabled":true,"settings":{"title":"Most popular","collection1":"","collection2":"","per_row":4,"view_all":true,"divider":false}},"16430190350db7ed9d":{"type":"text-columns","disabled":true,"blocks":{"16430190355908d892-0":{"type":"text_block","settings":{"enable_image":true,"image_width":650,"title":"Example title","text":"<p>Use this section to explain a set of product features, to link to a series of pages, or to answer common questions about your products. Add images for emphasis.<\/p>","button_label":"Optional button","button_link":""}},"16430190355908d892-1":{"type":"text_block","settings":{"enable_image":true,"image_width":650,"title":"Example title","text":"<p>Use this section to explain a set of product features, to link to a series of pages, or to answer common questions about your products. Add images for emphasis.<\/p>","button_label":"Optional button","button_link":""}},"16430190355908d892-2":{"type":"text_block","settings":{"enable_image":true,"image_width":650,"title":"Example title","text":"<p>Use this section to explain a set of product features, to link to a series of pages, or to answer common questions about your products. Add images for emphasis.<\/p>","button_label":"Optional button","button_link":""}}},"block_order":["16430190355908d892-0","16430190355908d892-1","16430190355908d892-2"],"settings":{"title":"","align_text":"center","divider":false}},"164301904374fbeb07":{"type":"featured-collections","disabled":true,"blocks":{"16430190430caab61d-0":{"type":"collection","settings":{"collection":"","focal_point":"center center","size":"wide"}},"16430190430caab61d-1":{"type":"collection","settings":{"collection":"","focal_point":"center center","size":"square-small"}},"16430190430caab61d-2":{"type":"collection","settings":{"collection":"","focal_point":"center center","size":"square-small"}},"16430190430caab61d-3":{"type":"collection","disabled":true,"settings":{"collection":"","focal_point":"center center","size":"square-small"}},"16430190430caab61d-4":{"type":"collection","disabled":true,"settings":{"collection":"","focal_point":"center center","size":"square-small"}},"16430190430caab61d-5":{"type":"collection","disabled":true,"settings":{"collection":"","focal_point":"center center","size":"wide"}}},"block_order":["16430190430caab61d-0","16430190430caab61d-1","16430190430caab61d-2","16430190430caab61d-3","16430190430caab61d-4","16430190430caab61d-5"],"settings":{"title":"Collection list","divider":true,"enable_gutter":false}}},"order":["featured-collection","featured-collections","slideshow","featured-collection2","featured-collection3","main-collection","1643018966e9925958","16430190350db7ed9d","164301904374fbeb07"]}