{"sections":{"1644578646374ed0d0":{"type":"slideshow","blocks":{"108c5d57-0ea6-400e-be74-40398dc74e14":{"type":"image","settings":{"contain":false,"header_to_dark":true,"custom_class":"hero__text-content--custom","title":"Made to\ntake on\nexperiences","custom_heading_styles":true,"title_size":86,"subheading":"A durable, fat tire ebike for all terrain.","custom_subtitle_styles":true,"link":"shopify:\/\/products\/velotric-nomad-1","link_text":"Pre Order","text_align":"vertical-center horizontal-left","image":"shopify:\/\/shop_images\/Banner_ef894012-05fb-4f13-b2c6-24dd645c4384.png","overlay_direction":"none","text_align_m":"mobile-vertical-top mobile-horizontal-left","image_mobile":"shopify:\/\/shop_images\/mobile_Banner.png","overlay_direction_m":"none","focal_point":"center center"}},"2e3e7859-b965-4577-894e-f4f027799791":{"type":"image","settings":{"contain":false,"header_to_dark":false,"custom_class":"","title":"Biggest Sale\nof the Year\nSave $600 Now","custom_heading_styles":false,"title_size":80,"subheading":"Offer ends 8\/31 at 11:59pm PST.","custom_subtitle_styles":false,"link":"shopify:\/\/products\/velotric-discover-1","link_text":"Shop Now","text_align":"vertical-center horizontal-left","image":"shopify:\/\/shop_images\/Copy_of__CLE9276-R_1.png","overlay_direction":"left","text_align_m":"mobile-vertical-bottom mobile-horizontal-left","image_mobile":"shopify:\/\/shop_images\/Copy_of__CLE9276-R_1_1.png","overlay_direction_m":"bottom","focal_point":"bottom center"}},"1644578646ba310d60-0":{"type":"image","settings":{"contain":false,"header_to_dark":false,"custom_class":"","title":"Urban \nAdventure \n& Beyond.","custom_heading_styles":true,"title_size":90,"subheading":"A stylish and high-quality commuter \nebike, designed for  everyday life.","custom_subtitle_styles":false,"link":"shopify:\/\/products\/velotric-discover-1","link_text":"Shop Now","text_align":"vertical-center horizontal-left","image":"shopify:\/\/shop_images\/A5_1.png","overlay_direction":"left","text_align_m":"mobile-vertical-bottom mobile-horizontal-left","image_mobile":"shopify:\/\/shop_images\/Copy_of__CLE8815-R_1.png","overlay_direction_m":"bottom","focal_point":"bottom center"}}},"block_order":["108c5d57-0ea6-400e-be74-40398dc74e14","2e3e7859-b965-4577-894e-f4f027799791","1644578646ba310d60-0"],"settings":{"section_height":"natural","mobile_height":"auto","parallax":false,"style":"arrows","autoplay":true,"autoplay_speed":9}},"16546815390fe8ba56":{"type":"professional-testimonial","blocks":{"21151598-20e0-4e48-858a-8931b64d7077":{"type":"block","settings":{"image":"shopify:\/\/shop_images\/Forbes-5-jul.png","description":"\"This May Be The Best E-Bike For Under $1,400\""}},"b03609b4-47f6-47c2-b9b5-0b2fc3dbd613":{"type":"block","settings":{"image":"shopify:\/\/shop_images\/TNW-5-jul.png","description":"\"A premium-feeling ebike at a not-so-premium price\""}},"32e8cafa-73e1-43c8-ae9c-c4063a88e830":{"type":"block","settings":{"image":"shopify:\/\/shop_images\/zdnet-5-jul.png","description":"\"Accessibly built, attractively priced\""}},"d0d7e310-ce0d-458b-a833-aad18cc6d0c8":{"type":"block","settings":{"image":"shopify:\/\/shop_images\/TechRadar_logo-5-jul.png","description":"“This tough e-bike has an 60-mile range and is much cheaper than you’d expect.”"}}},"block_order":["21151598-20e0-4e48-858a-8931b64d7077","b03609b4-47f6-47c2-b9b5-0b2fc3dbd613","32e8cafa-73e1-43c8-ae9c-c4063a88e830","d0d7e310-ce0d-458b-a833-aad18cc6d0c8"],"settings":{"title":"","background_color":"#fafafa","featured_on_title":""}},"1659960443b2fec506":{"type":"custom-featured-product","blocks":{"b8aceb0f-041a-42ba-a9b4-d5d91ebc1c79":{"type":"variant_select","settings":{"reverse":false,"mb":true,"info":false}},"d131454b-549b-4b4c-a3ea-1e1080ae5791":{"type":"images","settings":{}},"74f96bea-7f82-4cad-bb6a-9d72077138db":{"type":"size_info","settings":{}},"294bd182-72ef-4452-9c4c-515d4a9d2a63":{"type":"btn","settings":{}}},"block_order":["b8aceb0f-041a-42ba-a9b4-d5d91ebc1c79","d131454b-549b-4b4c-a3ea-1e1080ae5791","74f96bea-7f82-4cad-bb6a-9d72077138db","294bd182-72ef-4452-9c4c-515d4a9d2a63"],"settings":{"default_sand":false,"product":"velotric-nomad-1","title":"Nomad 1","subtitle":"The powerful fat tire ebike that can conquer all road and weather conditions","bg":"#edeff1","btn_text":"Pre Order","dark":true,"t1":"","t2":"","t3":"","t4":"","t5":"","t6":"","t7":""}},"16597449932ea3b02c":{"type":"new-featured-product","disabled":true,"blocks":{"78dd0507-33a8-4844-9b46-6a3868a68d2f":{"type":"custom","settings":{"code":"<div class=\"text-center fps-title\">The powerful fat tire ebike that can conquer all road and weather conditions.<\/div>"}},"1659744993e4cc821a-1":{"type":"separator","disabled":true,"settings":{}},"1659744993e4cc821a-2":{"type":"variant_picker","settings":{"variant_labels":false,"reverse":false,"picker_type":"button","color_swatches":false}},"a99d95a6-16d7-4e2d-8438-9eaa8e310934":{"type":"images","settings":{"t1":"","t2":"","t3":"","t4":"","t5":"","t6":"","t7":""}},"9d181b2c-7a54-4d62-a3ec-589067e6db0f":{"type":"size_info","settings":{}},"1659744993e4cc821a-0":{"type":"price","settings":{"html":""}},"1659744993e4cc821a-3":{"type":"buy_buttons","settings":{"disable_vw":true,"show_atc_button":true,"atc_labels":"Pre Order","show_detail_button":false,"detail_labels":"Discover more","show_dynamic_checkout":false,"surface_pickup_enable":false,"pre_order_text":"Pre Order","pre_order_message_color":"#ff0000","hide_atc_btn":false}},"1659744993e4cc821a-4":{"type":"description","disabled":true,"settings":{"is_tab":false}}},"block_order":["78dd0507-33a8-4844-9b46-6a3868a68d2f","1659744993e4cc821a-1","1659744993e4cc821a-2","a99d95a6-16d7-4e2d-8438-9eaa8e310934","9d181b2c-7a54-4d62-a3ec-589067e6db0f","1659744993e4cc821a-0","1659744993e4cc821a-3","1659744993e4cc821a-4"],"settings":{"featured_product":"velotric-nomad-1","header":"Nomad","dark":true,"bg":"#e4e6e8","divider":false,"sku_enable":false,"image_size":"small","product_zoom_enable":false,"thumbnail_position":"below","thumbnail_arrows":false,"enable_video_looping":false,"product_video_style":"muted","featured_price":""}},"1654774158004ae36dmsc":{"type":"product-specifications","blocks":{"76acbbc4632b":{"type":"block","settings":{"image":"shopify:\/\/shop_images\/akar-icons_battery-charging_85037855-371b-42c1-864a-a3e80d675892.png","title":"48V 14.4Ah","subtitle":"Battery"}},"4e4218b4aec5":{"type":"block","settings":{"image":"shopify:\/\/shop_images\/healthicons_weight-outline_be43571c-9bbf-4865-a4bc-3ae7ea87416e.png","title":"6 hours","subtitle":"Charging Time"}},"6768a977bee8":{"type":"block","settings":{"image":"shopify:\/\/shop_images\/icons8-azimuth-30_80c68add-a3db-4fbe-9ad7-4f951a4cc7e1.png","title":"Up to 55 Miles","subtitle":"Max Range"}},"bf6e837993cb":{"type":"block","settings":{"image":"shopify:\/\/shop_images\/fluent_engine-20-regular_f19878d4-a954-4bfa-86a8-bff1766052e1.png","title":"750 W\/1200W","subtitle":"Rated\/Peak Motor"}},"3077f2f9927b":{"type":"block","settings":{"image":"shopify:\/\/shop_images\/fluent_auto-fit-height-20-regular_4875370c-9e72-4001-baf7-415b98c5077f.png","title":"5’1 to 6’9","subtitle":"Height Range"}}},"block_order":["76acbbc4632b","4e4218b4aec5","6768a977bee8","bf6e837993cb","3077f2f9927b"],"settings":{"bg_color":"#d6d9db","text_color":"#384450","subtitle_color":"#384450","custom_class":"product-specification-container--custom"}},"165997496040ee0be4":{"type":"custom-featured-product","blocks":{"48d961e6-9bc6-4d6b-8d57-fcca0c1fc2b0":{"type":"variant_select","settings":{"reverse":false,"mb":true,"info":false}},"557e605a-3bc9-4c73-8d06-099b9b8bd72e":{"type":"images","settings":{}},"a6552e47-3ed2-447b-8155-cd7eb4cf523c":{"type":"size_info","settings":{}},"9f48298f-5a5a-45c0-b2e7-ca8e25351038":{"type":"btn","settings":{}}},"block_order":["48d961e6-9bc6-4d6b-8d57-fcca0c1fc2b0","557e605a-3bc9-4c73-8d06-099b9b8bd72e","a6552e47-3ed2-447b-8155-cd7eb4cf523c","9f48298f-5a5a-45c0-b2e7-ca8e25351038"],"settings":{"default_sand":false,"product":"velotric-discover-1","title":"Discover 1","subtitle":"Premium quality commuter ebike that’s affordable for everyone.","bg":"#f1f0ed","btn_text":"Shop Now","dark":false,"t1":"","t2":"","t3":"","t4":"","t5":"","t6":"","t7":""}},"165975560444a8bbb2":{"type":"new-featured-product","disabled":true,"blocks":{"bbe6a5be-7deb-49c0-9ae6-3a22cc4b132f":{"type":"custom","settings":{"code":"<div class=\"text-center \n fps-title\">Premium quality commuter ebike \nthat’s affordable for everyone.<\/div>"}},"1659755604fa00f143-1":{"type":"separator","disabled":true,"settings":{}},"1659755604fa00f143-2":{"type":"variant_picker","settings":{"variant_labels":false,"reverse":false,"picker_type":"button","color_swatches":false}},"0d8d030f-65c7-4916-92a5-892ba0b945d6":{"type":"images","settings":{"t1":"","t2":"","t3":"","t4":"","t5":"","t6":"","t7":""}},"0491a4d7-5a3d-4086-9b5a-c8c7cc51ecc5":{"type":"size_info","settings":{}},"1659755604fa00f143-0":{"type":"price","settings":{"html":""}},"1659755604fa00f143-3":{"type":"buy_buttons","settings":{"disable_vw":true,"show_atc_button":true,"atc_labels":"Add to cart","show_detail_button":false,"detail_labels":"Discover more","show_dynamic_checkout":false,"surface_pickup_enable":false,"pre_order_text":"Pre Order","pre_order_message_color":"#ff0000","hide_atc_btn":false}},"1659755604fa00f143-4":{"type":"description","disabled":true,"settings":{"is_tab":false}}},"block_order":["bbe6a5be-7deb-49c0-9ae6-3a22cc4b132f","1659755604fa00f143-1","1659755604fa00f143-2","0d8d030f-65c7-4916-92a5-892ba0b945d6","0491a4d7-5a3d-4086-9b5a-c8c7cc51ecc5","1659755604fa00f143-0","1659755604fa00f143-3","1659755604fa00f143-4"],"settings":{"featured_product":"velotric-discover-1","header":"Discover 1","dark":false,"bg":"#f1f0ed","divider":false,"sku_enable":false,"image_size":"small","product_zoom_enable":false,"thumbnail_position":"below","thumbnail_arrows":false,"enable_video_looping":false,"product_video_style":"muted","featured_price":""}},"1654774158004ae36d":{"type":"product-specifications","blocks":{"8202a8dc-9264-4ae7-9111-76acbbc4632b":{"type":"block","settings":{"image":"shopify:\/\/shop_images\/image_100.png","title":"48V 14.4Ah","subtitle":"Battery"}},"97fa74aa-19dd-4415-a8f2-4e4218b4aec5":{"type":"block","settings":{"image":"shopify:\/\/shop_images\/image_104.png","title":"6 hours","subtitle":"Charging Time"}},"ba612d2d-0f7f-457a-98bd-6768a977bee8":{"type":"block","settings":{"image":"shopify:\/\/shop_images\/image_101.png","title":"Up to 60 Miles","subtitle":"Max Range"}},"d35b9fca-4c02-4387-a9f2-bf6e837993cb":{"type":"block","settings":{"image":"shopify:\/\/shop_images\/image_102.png","title":"500 W\/900W","subtitle":"Rated\/Peak Motor"}},"f921d0f8-a75e-4165-aafe-3077f2f9927b":{"type":"block","settings":{"image":"shopify:\/\/shop_images\/image_103.png","title":"5’1 to 6’9","subtitle":"Height Range"}}},"block_order":["8202a8dc-9264-4ae7-9111-76acbbc4632b","97fa74aa-19dd-4415-a8f2-4e4218b4aec5","ba612d2d-0f7f-457a-98bd-6768a977bee8","d35b9fca-4c02-4387-a9f2-bf6e837993cb","f921d0f8-a75e-4165-aafe-3077f2f9927b"],"settings":{"bg_color":"#e0dfdb","text_color":"#000000","subtitle_color":"#000000","custom_class":"product-specification-container--custom"}},"16456995174257ad47":{"type":"featured-product","disabled":true,"blocks":{"16456995177a5a36f4-0":{"type":"price","settings":{"html":"<div class=\"product-save product-save--special\">\n<div class=\"save-btn\">Buy more, Save up to $600<\/div>\n<\/div>"}},"d0ac19f8-964d-4dc0-8342-9b63aff207b2":{"type":"custom","disabled":true,"settings":{"code":"<div class=\"product-save\">\n<div class=\"save-btn\">Buy more, Save up to $600<\/div>\n<\/div>"}},"f047fd96-cbb3-4b7c-a571-74c23b986b7f":{"type":"custom","settings":{"code":"Meet Discover 1. Premium quality commuter ebike that’s affordable for everyone.\nThe Velotric Discover 1 ebike takes you on the next adventure in a stylish and comfortable ride. The sleek and elegantly simple design is crafted with the highest quality materials and technology."}},"1ed18e45-d6f6-4ef4-b7e8-71d358553d45":{"type":"variant_picker","settings":{"variant_labels":true,"picker_type":"button","color_swatches":true}},"76a9502f-dddd-44d2-8d07-7ad5c824ca5e":{"type":"custom","disabled":true,"settings":{"code":"<div class=\"no-js-hidden\" id=\"price-{{ section.id }}\" {{ block.shopify_attributes }}>  <span style=\"text-decoration: line-through\">{{product.selected_or_first_available_variant.price |money}} \n  <\/span> Special offer <span>{{product.selected_or_first_available_variant.price | times: 0.8 | money}} <\/span>\n<\/div>"}},"05e7cbe9-302c-49d4-b2f3-5f4c2fc4dcee":{"type":"custom","disabled":true,"settings":{"code":"<div class=\"discount_text\">ENTER <span style=\"color:black;\">MARCH<\/span> CODE FOR <span style=\"color:black;\">$200 off<\/span><\/div>\n\n<style>\n.discount_text {\n    background: #FD9F19;\n    display: table;\n    color: #fff;\n    font-weight: bold;\n    padding: 7px 18px;\n    font-size: 17px;\n    text-transform: uppercase;\n    margin-bottom: 15px;\n}\n<\/style>"}},"52b61a58-9c59-47f5-881d-f36364dc8422":{"type":"buy_buttons","settings":{"show_atc_button":true,"atc_labels":"Shop Now","show_detail_button":false,"detail_labels":"Learn More","show_dynamic_checkout":false,"surface_pickup_enable":false,"pre_order_text":"Shop Now","pre_order_message_color":"#ff0000","hide_atc_btn":false}},"9017723b-1c20-4d4e-b3b3-053b71594775":{"type":"link","disabled":true,"settings":{"text":"Shop Now","button_link":"shopify:\/\/products\/velotric-discover-1"}},"02d44753-01e7-4bce-b616-20f2823b44b6":{"type":"save-popup","settings":{"show_popup":true,"popup_image":"shopify:\/\/shop_images\/popup-banner.jpg","popup_title":"Buy more, save more.","popup_desc":"<ul>\n<li>\n<h2>Extra $200 Off for 2 Bikes<\/h2>\n<p>with code BUYTWO<\/p>\n<\/li>\n<li>\n<h2>Extra $300 Off for 3 Bikes<\/h2>\n<p>with code BUYTHREE<\/p>\n<\/li>\n<li>\n<h2>Extra $600 Off for 4 Bikes<\/h2>\n<p>with code BUYFOUR<\/p>\n<\/li>\n<\/ul>"}}},"block_order":["16456995177a5a36f4-0","d0ac19f8-964d-4dc0-8342-9b63aff207b2","f047fd96-cbb3-4b7c-a571-74c23b986b7f","1ed18e45-d6f6-4ef4-b7e8-71d358553d45","76a9502f-dddd-44d2-8d07-7ad5c824ca5e","05e7cbe9-302c-49d4-b2f3-5f4c2fc4dcee","52b61a58-9c59-47f5-881d-f36364dc8422","9017723b-1c20-4d4e-b3b3-053b71594775","02d44753-01e7-4bce-b616-20f2823b44b6"],"settings":{"featured_product":"velotric-discover-1","divider":false,"sku_enable":false,"image_size":"small","product_zoom_enable":false,"thumbnail_position":"below","thumbnail_arrows":false,"enable_video_looping":true,"product_video_style":"muted","featured_price":""}},"1654785204f0b234df":{"type":"hero-banner","disabled":true,"settings":{"section_height":"natural","mobile_height":"auto","title":"Gas Price Pain? Let’s Go Green!","title_size":64,"subheading":"Ride 2,000 miles with the price of only one gallon of gas and reduce carbon emissions for a better environment.","link":"","link_text":"","text_align":"custom","custom_text_align":"12% 0 0 0","image":"shopify:\/\/shop_images\/Mask_group_23d1d64e-36a7-4202-b629-75883d5ed28f.png","overlay_direction":"left","text_align_m":"mobile-custom","custom_text_align_m":"20% 0 0 0","image_mobile":"shopify:\/\/shop_images\/bg_image.png","overlay_direction_m":"top","focal_point":"center center"}},"16548462339ad4d9f7":{"type":"product-highlights","disabled":true,"blocks":{"4b5c73f6-96cb-4ea0-b3cb-172638ebcee1":{"type":"block","settings":{"image":"shopify:\/\/shop_images\/Motor_9fa033b2-9c45-4b03-8a91-b7cc7e4b5827.png","title":"Powerful 500\/900W Rated\/Peak Motor with 65Nm Torque","subtitle":"Brushless high performance motor"}},"7ec06555-e5e4-44ec-8c8f-819de5c4e158":{"type":"block","settings":{"image":"shopify:\/\/shop_images\/Battery_28dabf57-76e4-4e26-8051-dd065e65f4b4.png","title":"21700 Tesla Grade Battery Cells","subtitle":"Lithium-ion Battery Made by LG\/Samsung"}},"a51fb47b-056f-42b9-b2aa-85fb5a84d0aa":{"type":"block","settings":{"image":"shopify:\/\/shop_images\/Gear_6130dc8a-197b-4b24-a300-b540a004ab34.png","title":"Shimano 7 Speed","subtitle":"Gear Shift System"}},"7e2fb11e-eb8a-445b-96b1-127168c97f3d":{"type":"block","settings":{"image":"shopify:\/\/shop_images\/Riding_fcd269e5-91f7-42e4-a5e1-a4169f3c4e05.png","title":"Say Goodbye to Back Pain","subtitle":"87 degree straightback riding position"}},"327c5a3e-83c8-4c62-b0e3-aab9230815a7":{"type":"block","settings":{"image":"shopify:\/\/shop_images\/Integrated_Deisgn_51144885-f245-45b9-b036-fb5ee250d86b.png","title":"Fully Integrated Design","subtitle":"Integrated battery, controller, and front and rear lights"}},"49688b40-c424-4ed4-a5fa-c7febb93b690":{"type":"block","settings":{"image":"shopify:\/\/shop_images\/Throttle_26f0d583-4805-481f-b5c2-dcdfa885131b.png","title":"Throttle On-demand","subtitle":"3-level pedal assist"}}},"block_order":["4b5c73f6-96cb-4ea0-b3cb-172638ebcee1","7ec06555-e5e4-44ec-8c8f-819de5c4e158","a51fb47b-056f-42b9-b2aa-85fb5a84d0aa","7e2fb11e-eb8a-445b-96b1-127168c97f3d","327c5a3e-83c8-4c62-b0e3-aab9230815a7","49688b40-c424-4ed4-a5fa-c7febb93b690"],"settings":{"section_title":"We offer a LOT with only $1299.","image":"shopify:\/\/shop_images\/oie_ZyVF1G14BMqV.png","mobile_image":"shopify:\/\/shop_images\/Frame_4519_1.png","round_image":true,"layout":"right"}},"1654787060eab6c945":{"type":"hero-banner","settings":{"section_height":"natural","mobile_height":"auto","title":"","title_size":64,"subheading":"","link":"shopify:\/\/products\/velotric-discover-1","link_text":"","text_align":"vertical-bottom horizontal-right","custom_text_align":"","image":"shopify:\/\/shop_images\/Group_23043.png","overlay_direction":"left","text_align_m":"mobile-vertical-bottom mobile-horizontal-right","custom_text_align_m":"","image_mobile":"shopify:\/\/shop_images\/Price_pain_2.png","overlay_direction_m":"bottom","focal_point":"center center"}},"16548537020dca6deb":{"type":"product-benefits","blocks":{"62c5cfe6-8e0f-4197-bf02-56cb3ebecd64":{"type":"block","settings":{"image":"shopify:\/\/shop_images\/fluent_ribbon-star-20-regular_27f2f6e7-e564-4100-b189-63fb9dd3b229.png","title":"1-year Warranty","subtitle":"Industry-leading limited warranty that lasts years for certain bike parts"}},"c77dab38-5532-4e11-9e6a-05998fdb32f6":{"type":"block","settings":{"image":"shopify:\/\/shop_images\/ic_sharp-delivery-dining_5e04c89e-77ae-47d4-a116-dda7842fff9a.png","title":"Free, Safe No-contact Delivery","subtitle":"Ebikes shipped directly to you, we cover the cost"}},"5846f080-224d-49ce-bf3d-65a9c91f4a71":{"type":"block","settings":{"image":"shopify:\/\/shop_images\/mdi_recycle.png","title":"Sustainably packaged","subtitle":"We thoughtfully designed the package with 100% recycle materials"}},"6f757786-e65f-431f-9c72-4ad19b085abc":{"type":"block","settings":{"image":"shopify:\/\/shop_images\/pixelarticons_calendar-today_c4983355-e357-4405-9c2d-d4939e1d5ebc.png","title":"14-Day Free Trial","subtitle":"If you don't love it, send it back to us"}}},"block_order":["62c5cfe6-8e0f-4197-bf02-56cb3ebecd64","c77dab38-5532-4e11-9e6a-05998fdb32f6","5846f080-224d-49ce-bf3d-65a9c91f4a71","6f757786-e65f-431f-9c72-4ad19b085abc"],"settings":{"bg_color":"","text_color":"#000000","subtitle_color":"#373f41"}},"164699399618c900f3":{"type":"home_featured-review","blocks":{"e0635083-97e4-4d8e-b19f-dc3e0e21e772":{"type":"text","settings":{"title":"Electric Bike Report","text":"Color:Mango","variant_img":"shopify:\/\/shop_images\/Group_22668.png","review":"<p>“The Belotric Discover 1 is a Class 2 electric step-thru bike that walks the fine line between commuter and cruiser.”<\/p>","youtube_id":"E7kemV1sAb0"}},"ddfdcd0d-e9cc-47a9-8f4a-898556117092":{"type":"text","settings":{"title":"All Electric","text":"Color:Cyan","variant_img":"shopify:\/\/shop_images\/Group_22668_6d3b4258-403e-4fa5-a607-c241b2b6bb24.png","review":"<p>“This is one impressive looking e-bike. I love the style plus this awesome powder coated, a really beautiful turquiose color.”<\/p>","youtube_id":"t0G9BOs6XAo"}},"281bf6f3-8913-442c-98cb-04419e265245":{"type":"text","settings":{"title":"Ebike Escape","text":"Color: Indigo Grey","variant_img":"shopify:\/\/shop_images\/Group_22668_d2152d9b-1574-47af-a9cd-66a32b2ccc11.png","review":"<p>“The aesthetic touches around that just make it look more of a custom designed ebike.”<\/p>","youtube_id":"F_8BC5B9YWo"}},"42ea922e-3fb6-4b44-b990-a5364f0b458d":{"type":"text","settings":{"title":"Colin","text":"Color: Indigo Grey","variant_img":"shopify:\/\/shop_images\/Group_22668_d2152d9b-1574-47af-a9cd-66a32b2ccc11.png","review":"<p>“Discover 1 is a brand new e-bike that lets you effortlessly explore your city in a simple handle and set for an upright comfortable...”<\/p>","youtube_id":"1iGPtdpPoMw"}},"f930ba2f-10c7-47e1-a2ba-63cd74ae764b":{"type":"text","settings":{"title":"Josh","text":"Color: Indigo Grey","variant_img":"shopify:\/\/shop_images\/Group_22668_6d3b4258-403e-4fa5-a607-c241b2b6bb24.png","review":"<p>“The design of the bike, the overall look of Discover 1 looks great, and feels great. I’ve actually really been enjoying my experience with it. It is a fun ride.”<\/p>","youtube_id":"-7hXQ_Pc0ns"}},"5bde580d-c856-435b-a620-75d81a7876d8":{"type":"text","settings":{"title":"Electric Revolution","text":"Color: Cyan","variant_img":"shopify:\/\/shop_images\/Group_22668_d2152d9b-1574-47af-a9cd-66a32b2ccc11.png","review":"<p>“Overall, I was pretty impressed with the Discover 1 as far as the range.”<\/p>","youtube_id":"wpmDvAtfbv8"}}},"block_order":["e0635083-97e4-4d8e-b19f-dc3e0e21e772","ddfdcd0d-e9cc-47a9-8f4a-898556117092","281bf6f3-8913-442c-98cb-04419e265245","42ea922e-3fb6-4b44-b990-a5364f0b458d","f930ba2f-10c7-47e1-a2ba-63cd74ae764b","5bde580d-c856-435b-a620-75d81a7876d8"],"settings":{"title":"What Online Reviewers Say","bg_color":"#f9f9f9","text_color":"#000000","subtitle_color":"#373f41","per_row":"3"}},"1657889412d4156010":{"type":"grid-gallery","blocks":{"8dc74054-7c31-4ac2-863d-a8a7d6276dc4":{"type":"image","settings":{"image":"shopify:\/\/shop_images\/image-1.jpg","image_full":"shopify:\/\/shop_images\/velotric-inspiration-1-full-min.jpg"}},"0fb88b2a-2b0c-46d1-a2ff-ea19cc0beacc":{"type":"image","settings":{"image":"shopify:\/\/shop_images\/image-2.jpg","image_full":"shopify:\/\/shop_images\/velotric-inspiration-2-full-min.jpg"}},"5d9a00a4-345e-4382-9964-ca1293caef37":{"type":"image","settings":{"image":"shopify:\/\/shop_images\/image-3.jpg","image_full":"shopify:\/\/shop_images\/velotric-inspiration-3-full-min.jpg"}},"d92526c0-e924-49be-8aba-0d558ddfef9b":{"type":"image","settings":{"image":"shopify:\/\/shop_images\/image-4.jpg","image_full":"shopify:\/\/shop_images\/velotric-inspiration-4-full-min.jpg"}},"9652133b-2e8e-4d37-b7f4-1efedb7be99f":{"type":"image","settings":{"image":"shopify:\/\/shop_images\/image-5.jpg","image_full":"shopify:\/\/shop_images\/velotric-inspiration-5-full-min.jpg"}}},"block_order":["8dc74054-7c31-4ac2-863d-a8a7d6276dc4","0fb88b2a-2b0c-46d1-a2ff-ea19cc0beacc","5d9a00a4-345e-4382-9964-ca1293caef37","d92526c0-e924-49be-8aba-0d558ddfef9b","9652133b-2e8e-4d37-b7f4-1efedb7be99f"],"settings":{"full_width":false,"space_around":true,"title":"Inspirations","btn_1_text":"Shop Now","btn_1_link":"shopify:\/\/products\/velotric-discover-1","btn_2_text":"View More on Instagram","btn_2_link":"https:\/\/www.instagram.com\/velotricebike\/"}},"1654855629fc0faa74":{"type":"newsletter","blocks":{"165485562968ed2170-2":{"type":"form","settings":{"title":"Stay updated.","text":"<p>Be the first to know new product launch, offerings, and news from Velotric!<\/p>"}}},"block_order":["165485562968ed2170-2"],"settings":{"color_background":"#fafafa","color_text":"#000000"}}},"order":["1644578646374ed0d0","16546815390fe8ba56","1659960443b2fec506","16597449932ea3b02c","1654774158004ae36dmsc","165997496040ee0be4","165975560444a8bbb2","1654774158004ae36d","16456995174257ad47","1654785204f0b234df","16548462339ad4d9f7","1654787060eab6c945","16548537020dca6deb","164699399618c900f3","1657889412d4156010","1654855629fc0faa74"]}