{"sections":{"16522406101708279b":{"type":"page-header","settings":{"text_color":"#ffffff","pc_image":"shopify:\/\/shop_images\/pc-header.png","mb_image":"shopify:\/\/shop_images\/mb-header.png","title":"Partner With Us","subtitle":"","desc":"<p>We’re always excited to team up with new content creators and affiliates.<\/p>","button_text":"JOIN NOW","button_url":"https:\/\/www.avantlink.com\/signup\/publisher-united-states\/?merchant=23989","pc_top":65,"pc_left":8,"mb_top":75,"mb_left":0,"max_width":35}},"1652251328b4521ac2":{"type":"page-tips-bar","blocks":{"7c39bdbc-9d6f-41f1-b0b4-41af5638898d":{"type":"text","settings":{"title":"3% Commission On All Sales*"}},"ca524609-a2c1-4b98-a292-5290ee740583":{"type":"text","settings":{"title":"30 Day Cookies**"}}},"block_order":["7c39bdbc-9d6f-41f1-b0b4-41af5638898d","ca524609-a2c1-4b98-a292-5290ee740583"],"settings":{"text_color":"#ffffff","bg_color":"#282828","title_alignment":"center","title_transform":"capitalize","padding_left":0,"padding_right":0}},"16522556020fde1cf7":{"type":"text-with-images-row","blocks":{"a89872a7-71a0-45eb-8450-28f3a37f3ee6":{"type":"image","settings":{"image":"shopify:\/\/shop_images\/image-one.png"}},"fe0fa991-5c6c-45b1-96df-67fb3a2b5d14":{"type":"image","settings":{"image":"shopify:\/\/shop_images\/image-two.png"}},"129f78bf-8ecf-4b35-bdd1-dd26dba36548":{"type":"image","settings":{"image":"shopify:\/\/shop_images\/image-three.png"}},"279e2396-e912-4e7e-8bcd-df984a8beef0":{"type":"image","settings":{"image":"shopify:\/\/shop_images\/image-four.png"}}},"block_order":["a89872a7-71a0-45eb-8450-28f3a37f3ee6","fe0fa991-5c6c-45b1-96df-67fb3a2b5d14","129f78bf-8ecf-4b35-bdd1-dd26dba36548","279e2396-e912-4e7e-8bcd-df984a8beef0"],"settings":{"text_color":"#000000","number_color":"#ffbc00","title":"How it works","desc":"<div>\n<span>01<\/span><p>Apply to <a href=\"https:\/\/www.avantlink.com\/signup\/publisher-united-states\/?merchant=23989\">AvantLink<\/a>, Velotric affiliate network partner.<\/p>\n<\/div>\n        <div>\n<span>02<\/span><p>Complete the application for the velotricbike.com program.<\/p>\n<\/div>\n        <div>\n<span>03<\/span><p>Once approved, post a velotricbike.com on your site.<\/p>\n<\/div>\n        <div>\n<span>04<\/span><p>Send customers to velotricbike.com through your links and you will be paid for completed sales via AvantLink.<\/p>\n<\/div>\n        <div>\n<span>05<\/span><p>Track your clicks and commissions through AvantLink interface.<\/p>\n<\/div>"}},"1652261984e2367c24":{"type":"page-text-columns","blocks":{"72d51bca-9b91-45fc-8e3b-6ac7809571e0":{"type":"text","settings":{"title":"Qualifying Afflicate Sites","desc":"<ul>\n<li>Publishers<\/li>\n<li>eBike &amp; Outdoor Sites<\/li>\n<li>Bicycle, Cycling Hobby &amp; Outdoor Forums<\/li>\n<li>Product Review Sites<\/li>\n<li>Social Media Sites<\/li>\n<li>And more, contact us if you aren't sure if you qualify<\/li>\n<\/ul>","title_bg_color":"#ffbc00","desc_bg_color":"#fafafa"}},"c060dafd-a1f0-4b90-99e4-4744c2e46ee5":{"type":"text","settings":{"title":"Program Details","desc":"<ul>\n<li>We offer 3% commission on all sales.<\/li>\n<li>We offer coupons to increase conversion during major promotion campaigns.<\/li>\n<li>A cookie life of 30 days.<\/li>\n<li>Affiliate Tools offered by Avantlink cover everything from Banner Ads to Datafeeds and more!<\/li>\n<\/ul>","title_bg_color":"#ffbc00","desc_bg_color":"#fafafa"}},"d4f46dbd-542a-4a65-a8b7-523fb8ccacc1":{"type":"text","settings":{"title":"Velotric Perks","desc":"<ul>\n<li>Access to our Affiliate Program Manager to work directly with you.<\/li>\n<li>Our stable traffic flow in from all sorts of channels helps maintain a great conversion rate.<\/li>\n<li>Regular sales and customer discount promotions<\/li>\n<\/ul>","title_bg_color":"#ffbc00","desc_bg_color":"#fafafa"}}},"block_order":["72d51bca-9b91-45fc-8e3b-6ac7809571e0","c060dafd-a1f0-4b90-99e4-4744c2e46ee5","d4f46dbd-542a-4a65-a8b7-523fb8ccacc1"],"settings":{"text_color":"#000000","title":"Velotric Affliate Program"}},"16522343717ff0aef9":{"type":"image-with-textlink","settings":{"display":true,"text_color":"#ffffff","pc_image":"shopify:\/\/shop_images\/pc-banner.png","mb_image":"shopify:\/\/shop_images\/mb-banner.png","title":"Join the Community","subtitle":"","button_text":"Coming soon","button_url":"\/","show_text_below":false,"bg_color":"#ffffff","padding_top":0,"padding_bottom":0,"margin_top":0,"margin_bottom":0}}},"order":["16522406101708279b","1652251328b4521ac2","16522556020fde1cf7","1652261984e2367c24","16522343717ff0aef9"]}