{"sections":{"main":{"type":"search-with-banner","settings":{"title":"how can we help?","title_color":"#ffffff","image":"shopify:\/\/shop_images\/support-banner-pc.png","image2":"shopify:\/\/shop_images\/0O6A4156.jpg","display_search":true}},"16407598681e768ed7":{"type":"supprot-list","blocks":{"b9b1c665-87ad-4852-870c-4886da34fe17":{"type":"text","settings":{"text":"Buying Online","link":"https:\/\/velotric.bike\/pages\/faqs"}},"cf2e32e8-f5be-464a-b926-afc998a99078":{"type":"text","settings":{"text":"Online Returns","link":"https:\/\/velotric.bike\/pages\/faqs"}},"4050ad03-ae4e-4be8-a369-07a3902d0339":{"type":"text","settings":{"text":"Warranty","link":"https:\/\/velotric.bike\/pages\/faqs"}}},"block_order":["b9b1c665-87ad-4852-870c-4886da34fe17","cf2e32e8-f5be-464a-b926-afc998a99078","4050ad03-ae4e-4be8-a369-07a3902d0339"],"settings":{"title":"Purchase & Delivery"}},"16407601203e1e6410":{"type":"supprot-list","blocks":{"eff001b4-7c98-431c-9056-a68e7e5e6482":{"type":"text","settings":{"text":"Product spec","link":"shopify:\/\/products\/velotric-discover-1"}},"3f9d9676-b789-4307-bbe5-81d968b100cc":{"type":"text","settings":{"text":"User manual","link":"shopify:\/\/pages\/faqd"}},"18f6ab5e-3718-4762-a8a7-0b99854a53ae":{"type":"text","disabled":true,"settings":{"text":"Retul","link":""}},"0802a6f4-b6ed-4bde-be49-f614fee35383":{"type":"text","disabled":true,"settings":{"text":"ANGi","link":""}},"944eb1cf-cb4e-4539-b9a1-5e0d0b1a72e3":{"type":"text","disabled":true,"settings":{"text":"Power Cranks","link":""}},"3668939c-6011-4c23-a7f6-58cb93468287":{"type":"text","disabled":true,"settings":{"text":"Suspension Caculator","link":""}}},"block_order":["eff001b4-7c98-431c-9056-a68e7e5e6482","3f9d9676-b789-4307-bbe5-81d968b100cc","18f6ab5e-3718-4762-a8a7-0b99854a53ae","0802a6f4-b6ed-4bde-be49-f614fee35383","944eb1cf-cb4e-4539-b9a1-5e0d0b1a72e3","3668939c-6011-4c23-a7f6-58cb93468287"],"settings":{"title":"Resources"}},"16407601982b088913":{"type":"supprot-list","blocks":{"85eb6371-b991-43f7-8098-13e596d6b8b5":{"type":"text","settings":{"text":"Unbox and Assembly","link":""}},"ac50db60-c5a5-4ced-9bc9-fcdc3cc84e0b":{"type":"text","settings":{"text":"Repair SOP","link":""}}},"block_order":["85eb6371-b991-43f7-8098-13e596d6b8b5","ac50db60-c5a5-4ced-9bc9-fcdc3cc84e0b"],"settings":{"title":"Assembly & Repair"}},"1641279481db51aba0":{"type":"rich-text","blocks":{"164127948101596de5-1":{"type":"text","settings":{"enlarge_text":true,"text":"<p><strong>CAN'T FIND WHAT YOU'RE LOOKING FOR?<\/strong><\/p><p>We'll help you find the answer or connect with an advisor.<\/p><p><a href=\"\/pages\/contact-us\" title=\"Contact Us\">CONTACT US<\/a><\/p>"}}},"block_order":["164127948101596de5-1"],"settings":{"align_text":"center","narrow_column":true,"divider":false}}},"order":["main","16407598681e768ed7","16407601203e1e6410","16407601982b088913","1641279481db51aba0"]}