{"sections":{"main":{"type":"main-page","disabled":true,"settings":{}},"rich-text":{"type":"rich-text","blocks":{"heading":{"type":"heading","settings":{"title":"Get in touch"}},"text":{"type":"text","settings":{"enlarge_text":false,"text":"<p>Thank you for shopping with us at <strong>VELOTRIC<\/strong>!<\/p><p> <\/p><p>We are happy to have you here and hope that you find all the ride gear. We understand that there may be things that aren't clear enough or can't find what you are looking for so please take your time to fill out this form to let us know how we can help you. Please leave us an email at care@velotric.bike<\/p>"}},"768dae24-a913-4fa2-b943-e5c17e4fc9a9":{"type":"text","settings":{"enlarge_text":false,"text":"<p>Contact Information<\/p><p><\/p><p>Email:care@velotric.bike<\/p><p>Call: +1 888-413-6392 <\/p><p>(PST: 1PM~5PM) Monday~Friday<\/p><p>For <strong>wholesale and distribution<\/strong> inquires please email sales@velotricbike.com<\/p><p><\/p><p>US<br\/><br\/>Velopower, Inc. <br\/><br\/>2500 Sand Hill Road, Suite 111, Menlo Park, CA 94025, USA<\/p>"}}},"block_order":["heading","text","768dae24-a913-4fa2-b943-e5c17e4fc9a9"],"settings":{"align_text":"center","narrow_column":true,"divider":false}},"form":{"type":"contact-form","settings":{"title":"Contact us","text":"","show_phone":true,"narrow_column":true}},"1640675480fe34d513":{"type":"contact-form","disabled":true,"settings":{"title":"Contact us","text":"","show_phone":false,"narrow_column":true}}},"order":["main","rich-text","form","1640675480fe34d513"]}