{"sections":{"main":{"type":"main-page","settings":{}},"164474061647a9ce43":{"type":"advanced-content","disabled":true,"blocks":{"164474061696269fa6-0":{"type":"image","settings":{"image":"shopify:\/\/shop_images\/BB.jpg","link":"","width":"33%","alignment":"center"}},"164474061696269fa6-1":{"type":"liquid","settings":{"code":"<h2>Our Story<\/h2><p>We are VELOTRIC, led by hardware co-founder of Lime, Adam Zhang.  Our team members are the brilliant minds from iconic brands such as Lime, Giant, Specialized and Decathlon.<br><p> \nWe believe ebikes should be elegant, stylish, high performance, reliable, safe, and affordable. We have a vision of a simpler and more expressive ebike experience for riders who want to feel the exhilaration of the open road without any stress or anxiety. \n<\/p>","width":"50%","alignment":"center"}}},"block_order":["164474061696269fa6-0","164474061696269fa6-1"],"settings":{"full_width":false,"space_around":true}},"1644741133c13c5f2e":{"type":"text-and-image","disabled":true,"settings":{"image_width":700,"subtitle":"","title":"Mission & Vision","text":"<p><strong>Mission<\/strong><\/p><p>Pair large text with an image to tell a story, explain a detail about your product, or describe a new promotion.<\/p><p><\/p><p><strong>Vision<\/strong><\/p><p>adf<\/p>","button_label":"","button_link":"","button_style":"primary","align_text":"left","layout":"right","divider":false}}},"order":["main","164474061647a9ce43","1644741133c13c5f2e"]}