{"sections":{"16426651394449f5bb":{"type":"background-image-text","settings":{"section_width":"full","text_bg_color":"#ffffff","text_color":"#000000","text_width":"","subtitle":"","title":"","text":"","button_label":"","button_link":"","image":"shopify:\/\/shop_images\/Velotric---10.7.21-214-web.png","focal_point":"center","layout":"left","height":550,"parallax":true,"button_style":"primary"}},"main":{"type":"main-page","disabled":true,"settings":{}},"1642663138f09b868b":{"type":"faq","disabled":true,"blocks":{"164266313807bb12b7-0":{"type":"question","disabled":true,"settings":{"title":"Frequently asked question","text":"<p>Use this text to answer questions in as much detail as possible for your customers.<\/p>"}},"164266313807bb12b7-1":{"type":"question","disabled":true,"settings":{"title":"Frequently asked question","text":"<p>Use this text to answer questions in as much detail as possible for your customers.<\/p>"}},"d4946983-a9b3-4f53-bd7a-9d0f3ca90018":{"type":"question","disabled":true,"settings":{"title":"Frequently asked question","text":"<p>Use this text to answer questions in as much detail as possible for your customers.<\/p>"}},"61ec8b65-52ae-48af-91a1-b5ae1c293b04":{"type":"rich-text","disabled":true,"settings":{"title":"Rich text","text":"<p>Use this section for any descriptive text you need to fill out your pages or to add introductory headings between other blocks.<\/p>","align_text":"left"}}},"block_order":["164266313807bb12b7-0","164266313807bb12b7-1","d4946983-a9b3-4f53-bd7a-9d0f3ca90018","61ec8b65-52ae-48af-91a1-b5ae1c293b04"],"settings":{"title":"FAQs"}},"faq":{"type":"faq","blocks":{"faq-0":{"type":"rich-text","settings":{"title":"Buying Online","text":"","align_text":"left"}},"faq-1":{"type":"question","settings":{"title":"Will I be charged sales tax?","text":"<p>Sales tax will be collected on all orders and will include state and municipal taxes as applicable.<\/p>"}},"faq-2":{"type":"question","settings":{"title":"Can I cancel an order once I've placed it?","text":"<p>If the order has not shipped, the order can be cancelled for a full refund by contacting Velotric Customer Service at care@velotric.bike. If the order has shipped out from Velotric's warehouse, it will be treated as a return. You will need to contact Velotric Customer Service at care@velotric.bike to receive an RA # and further instructions.<br\/>View full details of the Velotric Online Purchase Return Policy.<\/p>"}},"ea3f7327-0164-4afd-8776-75c70c75dcc7":{"type":"question","settings":{"title":"What are shipping costs?","text":"<p>Free shipping includes the 48 contiguous states but not Alaska, Hawaii, Puerto Rico and the other U.S. territories.<\/p>"}},"faq-4":{"type":"question","settings":{"title":"Do you ship outside of the United States?","text":"<p>Unfortunately, we don't currently offer shipping outside the United States. Free shippping includes the 48 contiguous states but not Alaska, Hawaii, Puerto Rico and the other U.S. territories.<\/p>"}},"1fd9cdc4-314e-4584-92ef-76d2dd8c8bfd":{"type":"question","settings":{"title":"What payment methods do you accept?","text":"<p>Visa, MasterCard, and American Express credit cards.We also offer financing through Affirm.<\/p>"}},"faq-3":{"type":"rich-text","settings":{"title":"Online Returns","text":"","align_text":"left"}},"faa70ac0-40d4-4a83-87f2-e1daaf7c6ffb":{"type":"question","settings":{"title":"What is your return policy?","text":"<p>If you find that your new Velotric bike isn't right for you, you can return it (in new, unridden condition) within 15 days for a full refund.<\/p>"}},"7459858a-cd8a-471a-be51-a0d794bc6a72":{"type":"question","settings":{"title":"Do you offer exchanges?","text":"<p> If you find that your new Velotric bike isn't right for you, you can return it (in new, unridden\/unused condition) within 15 days for a full refund in accordance with our Online Purchase Return Policy.<\/p><p><br\/>If you are uncertain about sizing, specifications, or any concerns about the product before ordering, we strongly recommend visiting your local bike shop to get properly fitted and purchasing your bike through them. It's also the best way to help support a local business and have a place to help you in-person for anything in the future.<\/p>"}},"1c4771f7-ef50-4e04-a324-cb6912b5285a":{"type":"question","settings":{"title":"Online Purchase Return Policy","text":"<p>If you are not satisfied with your Velotric product you can return it, in accordance with our return policy below. To initiate a return, first contact Velotric Customer Service at care@velotric.bike to receive a Return Authorization (RA) number.<\/p>"}},"6b80efbb-d5cd-4edc-b290-4ebfd21a4824":{"type":"rich-text","settings":{"title":"Warranty","text":"","align_text":"left"}},"c14bb3be-b064-4697-95cd-0c1935c623e8":{"type":"question","settings":{"title":"Warranty Policy","text":"<p>Velotric stands behind all of its products.<br\/>Velotric bicycles are warranted against manufacturing defects in materials or workmanship. Velotric will repair or replace any products found to be defective within the normal scope of use with the same or most nearly comparable model or component then available. The terms of this limited warranty are described below. <a href=\"https:\/\/velotric.bike\/pages\/warranty\" target=\"_blank\" title=\"https:\/\/velotric.bike\/pages\/warranty\">Learn more<\/a><\/p>"}},"cf04c8fc-c4f4-495d-91f0-4d26682a6d96":{"type":"rich-text","settings":{"title":"Shipping & Delivery","text":"","align_text":"left"}},"5628484e-c214-425c-8041-c912139212ed":{"type":"question","settings":{"title":"Shipping Policy","text":"<p>The <strong>total shipping time<\/strong> is the sum of the processing time and the shipping time.<br\/><br\/><strong>Processing time<\/strong> = the time between when you place an order and when we ship it<br\/><br\/><strong>Shipping time<\/strong> = the time between when your order has been shipped and delivered to you;<br\/><br\/><strong>Shipping carrier<\/strong>: FedEx<br\/><br\/><strong>Shipping time<\/strong>: 3-5 business days. (US continental) <br\/><br\/><strong>Business days<\/strong> refer to Monday~Friday ( excluded holidays and weekends ), and the time zone is the Eastern Time Zone of USA (GMT-5).<br\/><br\/><strong>Shipping<\/strong> <strong>fee<\/strong>: Free shipping includes the 48 contiguous states but not Alaska, Hawaii, Puerto Rico and the other U.S. territories.<br\/><br\/><strong>Shipping from<\/strong>: US Local warehouses<br\/><br\/><strong>Shipping area<\/strong>: the US only ( Exclude Hawaii, Puerto Rico, and Alaska )<br\/><br\/>Any other question, please contact us at <span style=\"text-decoration:underline\"><strong>care@velotric.bike<\/strong><\/span><\/p>"}}},"block_order":["faq-0","faq-1","faq-2","ea3f7327-0164-4afd-8776-75c70c75dcc7","faq-4","1fd9cdc4-314e-4584-92ef-76d2dd8c8bfd","faq-3","faa70ac0-40d4-4a83-87f2-e1daaf7c6ffb","7459858a-cd8a-471a-be51-a0d794bc6a72","1c4771f7-ef50-4e04-a324-cb6912b5285a","6b80efbb-d5cd-4edc-b290-4ebfd21a4824","c14bb3be-b064-4697-95cd-0c1935c623e8","cf04c8fc-c4f4-495d-91f0-4d26682a6d96","5628484e-c214-425c-8041-c912139212ed"],"settings":{"title":""}}},"order":["16426651394449f5bb","main","1642663138f09b868b","faq"]}