{"sections":{"main":{"type":"main-page","disabled":true,"settings":{}},"slideshow":{"type":"slideshow","blocks":{"slideshow-0":{"type":"image","settings":{"title":"Ride. Explore. Embrace","title_size":63,"subheading":"","link":"","link_text":"","text_align":"vertical-center horizontal-center","image":"shopify:\/\/shop_images\/BB.jpg","image_mobile":"shopify:\/\/shop_images\/BB.jpg","focal_point":"center center"}}},"block_order":["slideshow-0"],"settings":{"section_height":"550px","mobile_height":"auto","parallax":false,"style":"arrows","autoplay":true,"autoplay_speed":7}},"164543973799c25e24":{"type":"text-and-image2","settings":{"image":"shopify:\/\/shop_images\/BA8I0617.jpg","image2":"shopify:\/\/shop_images\/BA8I0617.jpg","image_max_width":170,"image_width":39,"text_width":59,"subtitle":"","title":"Our Story","text":"<p>We are Velotric, led by hardware co-founder of Lime, Adam Zhang.  Our team members are the brilliant minds from iconic brands such as Lime, Giant, Specialized and Decathlon.<\/p><p>We believe ebikes should be elegant, stylish, high performance, reliable, safe, and affordable. We have a vision of a simpler and more expressive ebike experience for riders who want to feel the exhilaration of the open road without any stress or anxiety. <\/p><p>Our team has worked tirelessly on our design, and listened to every piece of user feedback to bring you our flagship model, the Velotrci Discover 1 –  ebike with great style, comfort, and engineering reliability. Velotric is the first ebike that is simple to use, comfortable to ride, excellent in performance, reliable in quality, and superior in style and fashion.<\/p>","title2":"","text2":"","button_label":"Talk to us","button_link":"shopify:\/\/pages\/contact-us","button_label2":"","button_link2":"","button_style":"half","align_text":"left","layout":"left","divider":false}},"164544001544acb414":{"type":"text-and-image2","disabled":true,"settings":{"image":"shopify:\/\/shop_images\/about-img05.jpg","image2":"shopify:\/\/shop_images\/about-m-03.png","image_max_width":700,"image_width":60,"text_width":40,"subtitle":"","title":"The Rad Story","text":"","title2":"Story","text2":"","button_label":"","button_link":"","button_label2":"","button_link2":"","button_style":"primary","align_text":"left","layout":"right","divider":false}},"1645433915a13be5c0":{"type":"slideshow","disabled":true,"blocks":{"16454339154ab6b841-0":{"type":"image","settings":{"title":"","title_size":80,"subheading":"","link":"","link_text":"","text_align":"vertical-center horizontal-center","image":"shopify:\/\/shop_images\/about-img03.jpg","image_mobile":"shopify:\/\/shop_images\/about-m-01.png","focal_point":"center center"}}},"block_order":["16454339154ab6b841-0"],"settings":{"section_height":"natural","mobile_height":"auto","parallax":false,"style":"arrows","autoplay":true,"autoplay_speed":5}},"164550105604cb32f7":{"type":"background-image-text2","disabled":true,"settings":{"section_width":"boxed","text_bg_color":"rgba(0,0,0,0)","text_color":"#ffffff","text_width":"","subtitle":"","title":"","text":"","button_label":"Buy it now","button_link":"shopify:\/\/pages\/contact-us","image":"shopify:\/\/shop_images\/about-img02.jpg","focal_point":"center","layout":"left","height":450,"parallax":false,"button_style":"half"}},"164559702695a5f28c":{"type":"hero-video","settings":{"title":"","title_size":80,"subheading":"","link_text":"","link":"","text_align":"vertical-center horizontal-center","video_url":"https:\/\/youtu.be\/h12wiG7En_s","overlay_opacity":0,"section_height":"650px","mobile_height":"auto"}}},"order":["main","slideshow","164543973799c25e24","164544001544acb414","1645433915a13be5c0","164550105604cb32f7","164559702695a5f28c"]}