{"sections":{"main":{"type":"main-page","disabled":true,"settings":{}},"faq":{"type":"faq","blocks":{"faq-0":{"type":"rich-text","settings":{"title":"Resources","text":"","align_text":"left"}},"faq-1":{"type":"question","settings":{"title":"Product spec","text":"<p><a href=\"\/products\/bike\" target=\"_blank\" title=\"Black bike\">Product spec<\/a><\/p>"}},"faq-2":{"type":"question","settings":{"title":"User manual","text":""}},"faq-3":{"type":"rich-text","settings":{"title":"Assembly & Repair","text":"","align_text":"left"}},"faq-4":{"type":"question","settings":{"title":"Unbox and Assembly","text":"<p><a href=\"https:\/\/youtu.be\/J5HvDJn86Pk\" target=\"_blank\" title=\"https:\/\/youtu.be\/J5HvDJn86Pk\">Discover 1 - Unboxing Assembly Instruction<\/a><\/p>"}},"02972b02-f4a2-4713-9c05-72c1f3c08c23":{"type":"question","settings":{"title":"Repair SOP","text":"<p>Coming Soon<\/p>"}}},"block_order":["faq-0","faq-1","faq-2","faq-3","faq-4","02972b02-f4a2-4713-9c05-72c1f3c08c23"],"settings":{"title":""}}},"order":["main","faq"]}