{"sections":{"main":{"type":"main-product","blocks":{"price":{"type":"price","settings":{}},"quantity_selector":{"type":"quantity_selector","settings":{}},"buy_buttons":{"type":"buy_buttons","settings":{}},"description":{"type":"description","settings":{}},"variant_picker":{"type":"variant_picker","settings":{}},"inventory_status":{"type":"inventory_status","settings":{}},"share":{"type":"share","settings":{}},"sales_point":{"type":"sales_point","settings":{}},"tab":{"type":"tab","settings":{}},"text":{"type":"text","settings":{}},"separator":{"type":"separator","settings":{}},"contact":{"type":"contact","settings":{}}},"block_order":["variant_picker","price","sales_point","inventory_status","quantity_selector","buy_buttons","separator","description","tab","contact","text","share"],"settings":{}},"sub":{"type":"product-full-width","settings":{}},"product-recommendations":{"type":"product-recommendations","settings":{}},"collection-return":{"type":"collection-return","settings":{}},"alireviews-widget-157209":{"type":"alireviews-widget-157209","settings":{}}},"order":["main","sub","product-recommendations","collection-return","alireviews-widget-157209"]}