{"sections":{"main":{"type":"main-product","blocks":{"8917d0b4-819a-44f1-875f-ff1ac2672fe8":{"type":"custom_title","settings":{"title":"Velotric Nomad 1 Bike High Step \/ Step-Thru","show_stock_label":true,"in_stock_label":"Pre Order","out_stock_label":"Sold Out"}},"52406d8c-e47a-4234-b020-d7d4433136a1":{"type":"shopify:\/\/apps\/yotpo-product-reviews-photos\/blocks\/star-rating\/eb7dfd7d-db44-4334-bc49-c893b51b36cf","settings":{"product":"velotric-nomad-1"}},"price":{"type":"price","settings":{"html":"<div class=\"product-save product-save--special\">\n<div class=\"save-btn\">Extra $200 Off for 2 Bikes<\/div>\n<\/div>"}},"018d1d7f-ad9c-461b-bd45-b0e6c809e839":{"type":"custom","disabled":true,"settings":{"code":"<div class=\"product-topsbox\">\n<div class=\"product-pricebox no-js-hidden\" id=\"price-{{ section.id }}\" {{ block.shopify_attributes }}>\n<span class=\"productold-prices\">$1899.00<\/span>\n<span class=\"productbold-prices\">$1399.00\n<\/span> \n<\/div>  \n\n<\/div>"}},"39713865-5c7a-4697-aed2-81ecd2e8c805":{"type":"custom","settings":{"code":"<div class=\"pro-shortdesc\">Introducing the Nomad 1. A durable, fat tire ebike for all terrain. <\/div>"}},"2473647b-81b8-4fa1-9616-be56f855f580":{"type":"custom","disabled":true,"settings":{"code":"<div class=\"product-save\">\n<div class=\"save-btn\">Buy more, Save up to $600<\/div>\n<\/div>"}},"04d04bb0-b7b8-4a85-bb1f-47ee66bfb40b":{"type":"save-popup","settings":{"show_popup":true,"popup_image":"shopify:\/\/shop_images\/popup-banner.jpg","popup_title":"Buy more, save more.","popup_desc":"<ul>\n<li>\n<h2>Extra $200 Off for 2 Bikes<\/h2>\n<p>with code BUYTWO<\/p>\n<\/li>\n<li>\n<h2>Extra $300 Off for 3 Bikes<\/h2>\n<p>with code BUYTHREE<\/p>\n<\/li>\n<li>\n<h2>Extra $600 Off for 4 Bikes<\/h2>\n<p>with code BUYFOUR<\/p>\n<\/li>\n<\/ul>"}},"a1f43430-52e0-4c3a-a6b7-31a40ba4d1a6":{"type":"custom","disabled":true,"settings":{"code":"<div class=\"product-save\">Extra $400 Off for 3 Bikes Use Code - BUYTHREE<\/div>"}},"bb60a108-3215-43da-9cf6-a63d05d51054":{"type":"custom","disabled":true,"settings":{"code":"<div class=\"product-save\">Extra $600 Off for 3 Bikes Use Code - BUYFOUR<\/div>"}},"380df432-6abc-43d9-bdd2-aab20ec9a5d6":{"type":"custom","disabled":true,"settings":{"code":"<div class=\"discount_text\">$400 0FF for <span style=\"color:#FD9F19;\"> EASTER <\/span>Auto-applied!<span style=\"color:black;\"><\/span><\/div>\n\n<style>\n.discount_text {\n    background: #000000;\n    display: table;\n    color: #fff;\n    font-weight: bold;\n    padding: 7px 18px;\n    font-size: 17px;\n    text-transform: uppercase;\n    margin-bottom: 15px;\n}\n<\/style>"}},"inventory_status":{"type":"inventory_status","disabled":true,"settings":{"inventory_threshold":10,"inventory_transfers_enable":true}},"5ade03cd-06d8-48ab-a642-8a7d5bafbd4a":{"type":"reviews","disabled":true,"settings":{}},"variant_picker":{"type":"variant_picker","settings":{"variant_labels":true,"picker_type":"button","color_swatches":true}},"3c34ea9e-9d04-4fe2-8562-a163446bef8d":{"type":"quantity_selector","settings":{}},"buy_buttons":{"type":"buy_buttons","settings":{"show_dynamic_checkout":true,"surface_pickup_enable":true}},"52038c24-b9fe-4515-9c92-ff9cc7b4a4da":{"type":"custom","settings":{"code":"<div class=\"free-gifts\">    \n    <div class=\"free-gifts_title\">\n      <h3 style=\"\n    margin-bottom: 8px;\n\">Gift with Purchase 🚴 <\/h3>\n<div class=\"product_gift_title\" style=\"\n    margin-bottom: 8px;\n\">Hurry, Limited to 1000 pcs, $99 Value<\/strong><\/div>\n    <\/div>  \n    <div class=\"free-gifts_lists\">\n      <div class=\"gifts_item\">\n        <div class=\"gift_img\">\n          \n           <img src=\"\/\/cdn.shopify.com\/s\/files\/1\/0599\/2094\/1239\/products\/foldinglock1_360x.jpg?v=1656413389\" alt=\"Gift\">\n          \n        <\/div>\n        <div class=\"gift_info\">\n          \n          <div class=\"product_gift_title\">Folding Lock <\/div>\n          <span class=\"product_gift_price\">$99.00<\/span>\n          <span class=\"product_gift_free\">Free<\/span>\n          \n        <\/div>\n      <\/div>\n      \n        \n     \n      \n    <\/div>\n\n<div class=\"product_gift_title\" style=\"\n    margin-top: 8px;\n\">Automatically added to cart.<\/div> \n\n  <\/div>\n              <style>\n                \n.free-gifts {\n    background: #ecf1f5;\n    padding: 10px;\n    border-radius: 6px;\n    margin-bottom: 20px;\n}\n                .free-gifts_lists {\n    display: flex;\n    flex-wrap: wrap;\n    background: #fff;\n}\n                .gifts_item {\n    width: 50%;\n    display: flex;\n    align-items: center;\n    padding: 5px;\n}\n                .gifts_item .gift_img {\n    width: 35%;\n}\n                .gifts_item .gift_info {\n    width: 65%;\n    padding-left: 5px;\n}\n                .product_gift_title {\n    font-size: 14px;\n}\n                .product_gift_price {\n    font-size: 12px;\n    display: block;\n    text-decoration: line-through;\n}\n                .product_gift_free {\n    font-size: 12px;\n    color: #fff;\n    background: red;\n    display: inline-block;\n    padding: 0 5px;\n}\n              <\/style>"}},"2f9af44b-baca-4ad0-a7dc-84a5bc44a4a5":{"type":"custom","settings":{"code":"<ul class=\"desc-points\">\n<li>Pre Order<\/li>\n\n<\/ul>\n<ul class=\"desc-points\">\n<li>Shipment handling may take up to <span>6 weeks<\/span> due to high volume orders<\/li>\n\n<\/ul>"}},"cde21e6f-4814-408a-90cb-8859fdd8192a":{"type":"pad_free_accessories","settings":{"pad_fa_code":"{% if section.settings.show_free_accessories %}\n          <div class=\"free-accessories-area large-up--hide\">\n            {% if section.settings.free_access_title != blank %}\n            <div class=\"fa-top-container\">\n              <h2 class=\"title-box\">{{ section.settings.free_access_title }}<\/h2>\n              {% if section.settings.free_access_icon != blank %}\n              <div class=\"icon-box\">{{ section.settings.free_access_icon }}<\/div>\n              {% endif %}\n            <\/div>\n            {% endif %}\n            {% if section.settings.free_access_desc != blank %}\n            <div class=\"fa-bottom-container\">\n              <div class=\"desc-box bottom-item\">\n                {{ section.settings.free_access_desc }}\n              <\/div>\n              <div class=\"prolist-box bottom-item\">\n                {% for block in section.blocks %}\n                {% if block.type == 'free_accessories' %}\n                {% if block.settings.fa_pro_link != blank %}\n                <a class=\"pro-item\" href=\"{{ block.settings.fa_pro_link }}\">\n                  {% if block.settings.fa_pro_image != blank %}\n                  <div class=\"pro-item-image\">\n                    <img class=\"lazyload js\"\n                         src=\"{{ block.settings.fa_pro_image | img_url: '1x' }}\"\n                         srcset=\"{{ block.settings.fa_pro_image | img_url: '1500x' }}, {{ block.settings.fa_pro_image | img_url: '960x' }}\"\n                         sizes=\"(max-width: 960px) 960px, 1500px\" \n                         alt=\"Product Item Image\"\n                         width=\"{{ block.settings.fa_pro_image.width }}\" \n                         height=\"{{ block.settings.fa_pro_image.height }}\"\/>\n                  <\/div>\n                  {% endif %}\n                  {% if block.settings.title != blank %}\n                  <div class=\"pro-item-title\">{{ block.settings.title }}<\/div>\n                  {% endif %}\n                <\/a>\n                {% else %}\n                <div class=\"pro-item\">\n                  {% if block.settings.fa_pro_image != blank %}\n                  <div class=\"pro-item-image\">\n                    <img class=\"lazyload js\"\n                         src=\"{{ block.settings.fa_pro_image | img_url: '1x' }}\"\n                         srcset=\"{{ block.settings.fa_pro_image | img_url: '1500x' }}, {{ block.settings.fa_pro_image | img_url: '960x' }}\"\n                         sizes=\"(max-width: 960px) 960px, 1500px\" \n                         alt=\"Product Item Image\"\n                         width=\"{{ block.settings.fa_pro_image.width }}\" \n                         height=\"{{ block.settings.fa_pro_image.height }}\"\/>\n                  <\/div>\n                  {% endif %}\n                  {% if block.settings.title != blank %}\n                  <div class=\"pro-item-title\">{{ block.settings.title }}<\/div>\n                  {% endif %}\n                <\/div>\n                {% endif %}\n                {% endif %}\n                {% endfor %}\n              <\/div>\n            <\/div>\n            {% endif %}\n          <\/div>\n          {% endif %}"}},"share":{"type":"share","disabled":true,"settings":{}},"aa433eb9-598f-4cc7-a81a-58df25756ba8":{"type":"payment","disabled":true,"settings":{"display_payment_1":true,"payment_image_1":"shopify:\/\/shop_images\/visa.png","display_payment_2":true,"payment_image_2":"shopify:\/\/shop_images\/master.png","display_payment_3":true,"payment_image_3":"shopify:\/\/shop_images\/amex.png","display_payment_4":true,"payment_image_4":"shopify:\/\/shop_images\/discover.png","display_payment_5":true,"payment_image_5":"shopify:\/\/shop_images\/jcb.png","display_payment_6":true,"payment_image_6":"shopify:\/\/shop_images\/diners_club.png"}},"f548d8df-6f68-4893-b6df-a45184aa58c9":{"type":"separator","settings":{}},"6a1f1a0f-cff2-4a2f-b496-e679ff36de20":{"type":"custom","settings":{"code":"<div class=\"product-email-wp\">\n<h4>Have questions?<\/h4><p>Our world-class Customer Experience team is here to answer all of your questions.<\/p>\n<div class=\"product-email-item\">Call: +1 888-413-6392<br>Hours: 1PM - 5PM PST from Mon - Fri<br>Email: \n <a href=\"mailto:help@velotricbike.com\">help@velotricbike.com<\/a><\/div>\n<\/div>"}},"af1b0df1-4821-45ad-858e-11391f494072":{"type":"tab","settings":{"title":"Features and Details","content":"<p>·  48V 14.4Ah, 750W Class 2 with Throttle Assist.<br\/>·  5-level pedal assist, Walk mode, USB charging. <br\/>·  Frame with Fully-integrated Battery Design. <br\/>·  Hydraulic Disc Brakes. Shimano 8-speed.<br\/>·  UL 2271 Certified Battery.<br\/>·  Free Shipping within the 48 continental states.<br\/>·  Ships within 48hrs by FedEx, Delivered within 2 to 5 working days.<\/p>","html":"<div class=\"product-tab-p\">\n  <p>48V 14.4Ah, 750W Class 2 with Throttle Assist.<\/p>\n  <p>5-level pedal assist, Walk mode, USB charging.<\/p>\n  <p>Frame with Fully-integrated Battery Design.<\/p>\n  <p>Hydraulic Disc Brakes. Shimano 8-speed.<\/p>\n  <p>UL 2271 Certified Battery.<\/p>\n  <p>Free Shipping within the 48 continental states.<\/p>\n  <p>Ships within 48hrs by FedEx, Delivered within 2 to 5 working days.<\/p>\n<\/div>","page":""}},"b227f33c-12f1-413e-adae-5c9279640441":{"type":"tab","settings":{"title":"Notes","content":"<p>·  FREE SHIPPING includes the 48 contiguous states but not Alaska, Hawaii, Puerto Rico and the other U.S. territories.<\/p>","html":"<div class=\"product-tab-p\">\n  <p>\n    FREE SHIPPING includes the 48 contiguous states but not Alaska, Hawaii,\n    Puerto Rico and the other U.S. territories.\n  <\/p>\n<\/div>","page":""}},"ac8876bb-9164-46ce-8b3c-35d0ec49e679":{"type":"free_accessories","settings":{"fa_pro_image":"shopify:\/\/shop_images\/free-accessories-2.jpg","title":"Toolkit","fa_pro_link":""}},"6e510474-3190-4172-ac22-f95569c2b464":{"type":"free_accessories","settings":{"fa_pro_image":"shopify:\/\/shop_images\/charger.png","title":"Charger","fa_pro_link":""}},"ba70dd2d-d152-4317-8311-7c9b2e75de6c":{"type":"free_accessories","settings":{"fa_pro_image":"shopify:\/\/shop_images\/free-accessories-1.jpg","title":"Front &amp; Rear<br>\nFenders","fa_pro_link":""}},"18d7d489-31b6-4cdf-ba3c-74c052813553":{"type":"free_accessories","settings":{"fa_pro_image":"shopify:\/\/shop_images\/free-accessories-4.jpg","title":"Bell","fa_pro_link":""}},"cac99c67-4d79-46bb-b3b3-bacf803c4b38":{"type":"free_accessories","settings":{"fa_pro_image":"shopify:\/\/shop_images\/free-accessories-6.jpg","title":"Front Light","fa_pro_link":""}},"52a404bd-8426-479d-835a-55de38e7f8ba":{"type":"free_accessories","settings":{"fa_pro_image":"shopify:\/\/shop_images\/3_8123d9fe-e727-4241-9201-602d414a5e04.jpg","title":"Front<br>Reflector","fa_pro_link":""}},"35679ce2-287f-4d05-81ae-7997c5eb4025":{"type":"free_accessories","settings":{"fa_pro_image":"shopify:\/\/shop_images\/rear-reflector.png","title":"Rear<br>Reflectors","fa_pro_link":""}},"cb4af56f-24e6-40a5-ba92-f938fd963533":{"type":"free_accessories","settings":{"fa_pro_image":"shopify:\/\/shop_images\/2_03bfba48-181d-4793-8603-fda58c977641.jpg","title":"Wheel<br>Reflector","fa_pro_link":""}}},"block_order":["8917d0b4-819a-44f1-875f-ff1ac2672fe8","52406d8c-e47a-4234-b020-d7d4433136a1","price","018d1d7f-ad9c-461b-bd45-b0e6c809e839","39713865-5c7a-4697-aed2-81ecd2e8c805","2473647b-81b8-4fa1-9616-be56f855f580","04d04bb0-b7b8-4a85-bb1f-47ee66bfb40b","a1f43430-52e0-4c3a-a6b7-31a40ba4d1a6","bb60a108-3215-43da-9cf6-a63d05d51054","380df432-6abc-43d9-bdd2-aab20ec9a5d6","inventory_status","5ade03cd-06d8-48ab-a642-8a7d5bafbd4a","variant_picker","3c34ea9e-9d04-4fe2-8562-a163446bef8d","buy_buttons","52038c24-b9fe-4515-9c92-ff9cc7b4a4da","2f9af44b-baca-4ad0-a7dc-84a5bc44a4a5","cde21e6f-4814-408a-90cb-8859fdd8192a","share","aa433eb9-598f-4cc7-a81a-58df25756ba8","f548d8df-6f68-4893-b6df-a45184aa58c9","6a1f1a0f-cff2-4a2f-b496-e679ff36de20","af1b0df1-4821-45ad-858e-11391f494072","b227f33c-12f1-413e-adae-5c9279640441","ac8876bb-9164-46ce-8b3c-35d0ec49e679","6e510474-3190-4172-ac22-f95569c2b464","ba70dd2d-d152-4317-8311-7c9b2e75de6c","18d7d489-31b6-4cdf-ba3c-74c052813553","cac99c67-4d79-46bb-b3b3-bacf803c4b38","52a404bd-8426-479d-835a-55de38e7f8ba","35679ce2-287f-4d05-81ae-7997c5eb4025","cb4af56f-24e6-40a5-ba92-f938fd963533"],"settings":{"navbar_text":"Nomad 1","sku_enable":false,"sku_switching":true,"show_free_accessories":true,"free_access_title":"Free Accessories","free_access_icon":"<svg width=\"29\" height=\"29\" viewbox=\"0 0 29 29\" fill=\"none\" xmlns=\"http:\/\/www.w3.org\/2000\/svg\">\n<rect width=\"29\" height=\"29\" fill=\"white\"><\/rect>\n<path d=\"M6.79688 14.9531L13.1406 20.3906L22.6562 7.25\" stroke=\"black\" stroke-width=\"2\"><\/path>\n<\/svg>","free_access_desc":"We offer more for our customer with every order","image_size":"medium","product_zoom_enable":true,"thumbnail_position":"beside","thumbnail_arrows":true,"enable_video_looping":true,"product_video_style":"muted","oldprice":"$1899.00","newprice":"$1349.00"}},"1647586224b46fc34e":{"type":"logo-list","disabled":true,"blocks":{"16475862244de6ca82-0":{"type":"logo_image","settings":{"image":"shopify:\/\/shop_images\/1_a78d259a-0176-4165-8925-49be9923638d.png","link":""}},"16475862244de6ca82-1":{"type":"logo_image","settings":{"image":"shopify:\/\/shop_images\/2_34071af0-8e28-490f-b78f-279462416fe3.png","link":""}},"16475862244de6ca82-2":{"type":"logo_image","settings":{"image":"shopify:\/\/shop_images\/3_f7fec8d4-8821-4ab9-9763-73908ae59c6d.png","link":""}},"16475862244de6ca82-3":{"type":"logo_image","settings":{"image":"shopify:\/\/shop_images\/4_2b6a2ed1-a852-4c06-b063-3480c880f499.png","link":""}},"2c80cacc-aa2e-4970-b52f-cdc8a5888d18":{"type":"logo_image","settings":{"image":"shopify:\/\/shop_images\/5.png","link":""}}},"block_order":["16475862244de6ca82-0","16475862244de6ca82-1","16475862244de6ca82-2","16475862244de6ca82-3","2c80cacc-aa2e-4970-b52f-cdc8a5888d18"],"settings":{"title":"","logo_opacity":100,"divider":false}},"165103936904e0bddc":{"type":"product-shippinginfo","blocks":{"38677d81-7188-4d63-92d6-655d82e071a9":{"type":"block","settings":{"image":"shopify:\/\/shop_images\/fluent_ribbon-star-20-regular.png","title":"1-year Warranty","subtitle":"Industry-leading limited warranty <br>that lasts years for certain bike parts"}},"12d2872e-e761-47c5-9c00-d070697c8e9c":{"type":"block","settings":{"image":"shopify:\/\/shop_images\/ic_sharp-delivery-dining.png","title":"Free, Safe No-contact Delivery","subtitle":"Ebikes shipped directly to you,<br> we cover the cost"}},"ea1672e4-e6a5-4e56-9344-1c9df29c9bf3":{"type":"block","settings":{"image":"shopify:\/\/shop_images\/Vector_4e93367e-4784-4a4d-98d1-f4aecfd356d6.png","title":"Sustainably Packaged","subtitle":"We thoughtfully designed the <br>package with 100% recycle materials"}},"42201f35-978a-4121-8449-107cdd3f03b9":{"type":"block","settings":{"image":"shopify:\/\/shop_images\/pixelarticons_calendar-today.png","title":"14-Day Free Trial","subtitle":"If you don't love it, <br>send it back to us"}}},"block_order":["38677d81-7188-4d63-92d6-655d82e071a9","12d2872e-e761-47c5-9c00-d070697c8e9c","ea1672e4-e6a5-4e56-9344-1c9df29c9bf3","42201f35-978a-4121-8449-107cdd3f03b9"],"settings":{}},"custom-fp":{"type":"custom-featured-product","blocks":{"8d61b8c2-b726-49b0-a9a7-7e9943cd0c39":{"type":"images","settings":{}},"9b532eb9-9eb5-45d2-8c8d-7c90f9fcd6b3":{"type":"variant_select","settings":{"reverse":true,"mb":false,"info":true}},"973e4634-ec8f-4435-b5f7-66bfadc08629":{"type":"image_overwrite","settings":{"variant_id":"41310255775927","mobile_image":"shopify:\/\/shop_images\/Group_23032_1.png","desktop_image":"shopify:\/\/shop_images\/Group_23025_1.png"}},"1009bf76-77fc-4a52-9be1-356511a58708":{"type":"image_overwrite","settings":{"variant_id":"41310255808695","mobile_image":"shopify:\/\/shop_images\/Group_23034_1.png","desktop_image":"shopify:\/\/shop_images\/Group_23027_1.png"}},"9181b2ef-47f2-4edb-847b-e78b56e08b3f":{"type":"image_overwrite","settings":{"variant_id":"41314586329271","mobile_image":"shopify:\/\/shop_images\/Group_23022_1.png","desktop_image":"shopify:\/\/shop_images\/Group_23023_1.png"}},"a1f73d8d-3246-4533-9351-b5284dbe70a5":{"type":"image_overwrite","settings":{"variant_id":"41314586427575","mobile_image":"shopify:\/\/shop_images\/Group_23036_1.png","desktop_image":"shopify:\/\/shop_images\/Group_23029_1.png"}},"d582df6e-07a7-4aca-95f0-4fdb236463a9":{"type":"image_overwrite","settings":{"variant_id":"41310255644855","mobile_image":"shopify:\/\/shop_images\/Group_23031_1.png","desktop_image":"shopify:\/\/shop_images\/Group_23024_1.png"}},"7c2d4c6e-77c0-4011-bc7e-a5ef4b2813a4":{"type":"image_overwrite","settings":{"variant_id":"41310255710391","mobile_image":"shopify:\/\/shop_images\/Group_23033_1.png","desktop_image":"shopify:\/\/shop_images\/Group_23026_1.png"}},"c2a40994-44bf-448a-8740-e974813f276c":{"type":"image_overwrite","settings":{"variant_id":"41314586067127","mobile_image":"shopify:\/\/shop_images\/Group_23035_1.png","desktop_image":"shopify:\/\/shop_images\/Group_23028_1.png"}},"0acc14cc-5db3-4683-950d-33e6d6a28ec7":{"type":"image_overwrite","settings":{"variant_id":"41314586132663","mobile_image":"shopify:\/\/shop_images\/Group_23037_1.png","desktop_image":"shopify:\/\/shop_images\/Group_23030_1.png"}}},"block_order":["8d61b8c2-b726-49b0-a9a7-7e9943cd0c39","9b532eb9-9eb5-45d2-8c8d-7c90f9fcd6b3","973e4634-ec8f-4435-b5f7-66bfadc08629","1009bf76-77fc-4a52-9be1-356511a58708","9181b2ef-47f2-4edb-847b-e78b56e08b3f","a1f73d8d-3246-4533-9351-b5284dbe70a5","d582df6e-07a7-4aca-95f0-4fdb236463a9","7c2d4c6e-77c0-4011-bc7e-a5ef4b2813a4","c2a40994-44bf-448a-8740-e974813f276c","0acc14cc-5db3-4683-950d-33e6d6a28ec7"],"settings":{"default_sand":true,"product":"velotric-nomad-1","title":"Nomad 1","subtitle":"The powerful fat tire ebike that can conquer all road and weather conditions","bg":"#edeff1","btn_text":"Pre Order","dark":true,"t1":"","t2":"","t3":"","t4":"","t5":"","t6":"","t7":""}},"1650861070aff82ad6":{"type":"hero-video","disabled":true,"settings":{"title":"Velotric Discover 1\nPremium quality\ncommuter meets\naffordability","title_size":64,"title_size_mob":45,"subheading":"","link_text":"Watch Video","link":"https:\/\/www.youtube.com\/watch?v=RuWl6iCsRBM","text_align":"vertical-center horizontal-left","video_url":"https:\/\/www.youtube.com\/watch?v=RuWl6iCsRBM","overlay_opacity":28,"section_height":"650px","mobile_height":"auto"}},"16511170320fd614d5":{"type":"product-specifications","blocks":{"e4ba3df6-2b4b-4960-aad5-40caf37b882a":{"type":"block","settings":{"image":"shopify:\/\/shop_images\/akar-icons_battery-charging_85037855-371b-42c1-864a-a3e80d675892.png","title":"48V 14.4Ah","subtitle":"Battery"}},"4666f3d3-f107-4eb9-8e9a-a9b9d7905b28":{"type":"block","settings":{"image":"shopify:\/\/shop_images\/healthicons_weight-outline_be43571c-9bbf-4865-a4bc-3ae7ea87416e.png","title":"6 Hours","subtitle":"Charging Time"}},"d30ee6f4-5e32-4be1-bd0e-860abf35bd52":{"type":"block","settings":{"image":"shopify:\/\/shop_images\/icons8-azimuth-30_80c68add-a3db-4fbe-9ad7-4f951a4cc7e1.png","title":"Up to 55 Miles","subtitle":"Max Range"}},"6b9021ed-d91b-4108-9862-8785fd29b61b":{"type":"block","settings":{"image":"shopify:\/\/shop_images\/fluent_engine-20-regular_f19878d4-a954-4bfa-86a8-bff1766052e1.png","title":"750W\/1200 W","subtitle":"Rated\/Peak Motor"}},"1980839a-7993-4cd9-a3c7-b224f5302b02":{"type":"block","settings":{"image":"shopify:\/\/shop_images\/fluent_auto-fit-height-20-regular_4875370c-9e72-4001-baf7-415b98c5077f.png","title":"5’1 to 6’9","subtitle":"Height Range"}}},"block_order":["e4ba3df6-2b4b-4960-aad5-40caf37b882a","4666f3d3-f107-4eb9-8e9a-a9b9d7905b28","d30ee6f4-5e32-4be1-bd0e-860abf35bd52","6b9021ed-d91b-4108-9862-8785fd29b61b","1980839a-7993-4cd9-a3c7-b224f5302b02"],"settings":{"bg_color":"#d6d9db","text_color":"#384450","subtitle_color":"#384450","custom_class":"product-specification-container--custom"}},"165459312641c6334e":{"type":"image-with-text-and-icon","disabled":true,"blocks":{"200b2467-4c13-4d45-b4e8-7b330213c2a3":{"type":"text_with_icon","settings":{"image":"shopify:\/\/shop_images\/Motor.png","title":"Powerful 500\/900W Rated\/Peak Motor with 65Nm Torque","text":"<p>Brushless high performance motor<\/p>"}},"23cf5bcc-4625-4c23-a5b3-6426a2d3f0b9":{"type":"text_with_icon","settings":{"image":"shopify:\/\/shop_images\/Battery.png","title":"21700 Tesla Grade Battery Cells","text":"<p>Lithium-ion Battery Made by LG\/Samsung<\/p>"}},"2df1eeb6-006d-4d62-9499-4f11b69d2fb5":{"type":"text_with_icon","settings":{"image":"shopify:\/\/shop_images\/Gear.png","title":"Shimano 7 Speed","text":"<p>Gear Shift System<\/p>"}},"02ddac8a-fb5d-44b0-9675-758ff97e1abc":{"type":"text_with_icon","settings":{"image":"shopify:\/\/shop_images\/Riding.png","title":"Say Goodbye to Back Pain","text":"<p>87 degree straightback riding position <\/p>"}},"ce21134f-f858-424b-bb33-fc93be1eb2f7":{"type":"text_with_icon","settings":{"image":"shopify:\/\/shop_images\/Integrated_Deisgn.png","title":"Fully Integrated Design","text":"<p>Integrated battery, controller, and front and rear lights<\/p>"}},"e56dca68-b9fc-4e20-b7be-20907c708090":{"type":"text_with_icon","settings":{"image":"shopify:\/\/shop_images\/Throttle.png","title":"Throttle On-demand","text":"<p>3-level pedal assist<\/p>"}}},"block_order":["200b2467-4c13-4d45-b4e8-7b330213c2a3","23cf5bcc-4625-4c23-a5b3-6426a2d3f0b9","2df1eeb6-006d-4d62-9499-4f11b69d2fb5","02ddac8a-fb5d-44b0-9675-758ff97e1abc","ce21134f-f858-424b-bb33-fc93be1eb2f7","e56dca68-b9fc-4e20-b7be-20907c708090"],"settings":{"image":"shopify:\/\/shop_images\/bike.jpg","image2":"shopify:\/\/shop_images\/Frame_4519_1.png","image_width":700,"title":"We offer a LOT with only $1349.","align_text":"center","layout":"right","divider":false}},"165104330554fa8b89":{"type":"product-featureon","disabled":true,"blocks":{"b71d97d6-b50e-462c-bcfb-0a90862e1771":{"type":"block","settings":{"image":"shopify:\/\/shop_images\/ProductPage_4-Group_22646.png"}},"ecf61fe9-b699-48f8-af75-e1de69c78bcd":{"type":"block","settings":{"image":"shopify:\/\/shop_images\/ProductPage_4-logos-google.png"}},"8638021d-0730-4a23-9094-b12fe85c0fa8":{"type":"block","settings":{"image":"shopify:\/\/shop_images\/ProductPage_4-logos-Electric_Bike_Report_Watermark-02_1.png"}},"68e6cdf7-61e8-4f88-9ab5-54f646d9f119":{"type":"block","settings":{"image":"shopify:\/\/shop_images\/ProductPage_4-Group.png"}},"a933c0bd-8f4e-451f-af56-110faec877ca":{"type":"block","settings":{"image":"shopify:\/\/shop_images\/yd_logomark_retina_21800200-99c4-4c5f-a17c-bf1d126e7373.png"}},"2525d93c-6ef9-4530-862a-37200d8694cb":{"type":"block","settings":{"image":"shopify:\/\/shop_images\/ProductPage_4-logos-yd_logomark_retina-2.png"}},"218bfeea-dbfb-4207-b6fa-a6a530ed51d5":{"type":"block","settings":{"image":"shopify:\/\/shop_images\/ProductPage_4-logos-yd_logomark_retina.png"}}},"block_order":["b71d97d6-b50e-462c-bcfb-0a90862e1771","ecf61fe9-b699-48f8-af75-e1de69c78bcd","8638021d-0730-4a23-9094-b12fe85c0fa8","68e6cdf7-61e8-4f88-9ab5-54f646d9f119","a933c0bd-8f4e-451f-af56-110faec877ca","2525d93c-6ef9-4530-862a-37200d8694cb","218bfeea-dbfb-4207-b6fa-a6a530ed51d5"],"settings":{"title":"Featured on"}},"text-and-image2":{"type":"text-and-image","settings":{"image":"shopify:\/\/shop_images\/Rectangle_2827_1.png","slider":false,"image_width":700,"subtitle":"","title":"Go Anywhere You Want. Like a Nomad.","title_html":"<div class=\"iwt-title iwt-title--mobile\">Go Anywhere<br> You want. <br>Like a Nomad.<\/div>\n<div class=\"iwt-title iwt-title--desktop\">Go Anywhere<br> You want. <br>Like a<br> Nomad.<\/div>","title_position":false,"text":"<p>The Nomad 1 gets you through all weather and terrain, our most versatile and powerful ebike ever. 750W high performance motor (Peak 1200w) and a 75Nm torque for a smooth, exciting and effortless riding experience even at 15 degrees uphill. <\/p>","text_html":"<div class=\"iwt-text iwt-text--mobile\">\n  The Nomad 1 gets you through all weather and terrain, <br>\n  our most versatile and powerful ebike ever. 750W high<br>\n  performance motor (peak 900W) and a 65Nm torque <br>\n  for a smooth, exciting and effortless riding experience <br>\n  even at 15 degrees uphill.\n<\/div>\n<div class=\"iwt-text iwt-text--desktop\">\n  The Nomad 1 gets you through all<br>\n  weather and terrain, our most versatile <br>\n  and powerful ebike ever. 750W high <br>\n  performance motor (peak 900W) and a <br>\n  65Nm torque for a smooth, exciting and <br>\n  effortless riding experience even at 15 <br>\n  degrees uphill.\n<\/div>","button_label":"","button_link":"","button_style":"primary","align_text":"left","layout":"right","divider":false}},"text-and-image":{"type":"text-and-image","settings":{"image":"shopify:\/\/shop_images\/Rectangle_2828_6.png","slider":false,"image_width":700,"subtitle":"","title":"Have More Fun with 50% Longer Range.","title_html":"<div class=\"iwt-title iwt-title--mobile\">Have More Fun<br> with 50%  <br>Longer Range. \n<\/div>\n<div class=\"iwt-title iwt-title--desktop\">Have More Fun<br> with 50%  <br>Longer Range. <\/div>","title_position":false,"text":"<p>Equipped with 21700 Tesla Grade 48V 15Ah removable battery certified by LG\/Samsung, the Velotric Nomad 1 features a 50% longer range compared to similar bikes in the market. Up to 60 miles on a single charge.<\/p>","text_html":"<div class=\"iwt-text iwt-text--mobile\">\n  Equipped with 21700 Tesla Grade 48V 15Ah removable <br>\n  battery certified by LG\/Samsung, the Velotric Nomad<br>\n  features a 50% longer range compared to similar bikes<br>\n  in the market. Up to 60 miles on a single charge\n<\/div>\n<div class=\"iwt-text iwt-text--desktop\">\n  Equipped with 21700 Tesla Grade 48V 15Ah <br>\n  removable battery certified by LG\/Samsung,<br>\n  the Velotric Nomad 1 features a 50% longer<br>\n  range compared to similar bikes in the market.<br>\n  Up to 55 miles on a single charge.\n<\/div>","button_label":"","button_link":"","button_style":"primary","align_text":"left","layout":"left","divider":false}},"1654868781eb80318a":{"type":"text-and-image","settings":{"image":"shopify:\/\/shop_images\/Nomad_product-page_color.gif","slider":false,"image_width":700,"subtitle":"","title":"Colorful Design for Your Stylish Ride.","title_html":"<div class=\"iwt-title iwt-title--mobile\">Colorful Design<br> for Your<br> Stylish Ride. \n<\/div>\n<div class=\"iwt-title iwt-title--desktop\">Colorful<br>Designfor<br>  Your<br> Stylish Ride. <\/div>","title_position":false,"text":"<p>The Velotric Nomad 1 comes with 5  stylish color options. Choose your look!<\/p>","text_html":"<div class=\"iwt-text iwt-text--mobile\">\n  The Velotric Nomad 1 comes with 5 stylish color<br>\n  options. Choose your look!\n<\/div>\n<div class=\"iwt-text iwt-text--desktop\">\n  The Velotric Nomad 1 comes with 5<br>\n  stylish color options. Choose your look!\n<\/div>","button_label":"","button_link":"","button_style":"primary","align_text":"left","layout":"right","divider":false}},"16601985942478b144":{"type":"hero-banner","settings":{"section_height":"natural","mobile_height":"auto","title":"","title_size":80,"subheading":"","link":"","link_text":"","text_align":"vertical-bottom horizontal-left","custom_text_align":"","image":"shopify:\/\/shop_images\/Group_23038.png","overlay_direction":"none","text_align_m":"mobile-vertical-bottom mobile-horizontal-left","custom_text_align_m":"","image_mobile":"shopify:\/\/shop_images\/Group_23039.png","overlay_direction_m":"none","focal_point":"center center"}},"16510516878d00adf9":{"type":"product-textoverbanner","disabled":true,"settings":{"image":"shopify:\/\/shop_images\/Group_22995.png","image_mb":"shopify:\/\/shop_images\/Price_pain_1.png","title":"Go Beyond Comfort with Ergonomic Design.","content":"We optimized every single design detail at the seat, handle, and frame to fit your everyday commute. Straight-back riding posture makes you feel relaxed at all times."}},"1646541244332cf0ba":{"type":"text-and-image","settings":{"image":"shopify:\/\/shop_images\/Rectangle_2828_3.png","image2":"shopify:\/\/shop_images\/Rectangle_2828_4.png","slider":true,"image_width":700,"subtitle":"","title":"Easy to Hop on& off. Accessible to all Riders.","title_html":"<div class=\"iwt-title iwt-title--mobile\">Easy to Hop <br>on &amp; off. <br>Accessible to<br> all Riders.<\/div>\n<div class=\"iwt-title iwt-title--desktop\">Easy to Hop <br>on&amp; off.<br> Accessible to<br> all Riders.<\/div>","title_position":false,"text":"<p>Reinforced aluminum step-thru frame so you can easily hop on & off, even with items stored on the rear rack. Nomad fits riders from 5'1 to 6'9.<\/p>","text_html":"<div class=\"iwt-text iwt-text--mobile\">\n  Reinforced aluminum step-thru frame so you can easily <br>\n  hop on &amp; off, even with items stored on the rear rack.<br>\n  Nomad 1 fits riders from 5'1 to 6'9.\n<\/div>\n<div class=\"iwt-text iwt-text--desktop\">\n  Reinforced aluminum step-thru frame so you<br>\n  can easily hop on &amp; off, even with items stored<br>\n  on the rear rack. Nomad 1 fits riders from 5'1 to<br>\n  6'9.\n<\/div>","button_label":"","button_link":"","button_style":"primary","align_text":"left","layout":"left","divider":false}},"1646542037e8ee41ee":{"type":"text-and-image","settings":{"image":"shopify:\/\/shop_images\/Group_23042.png","slider":false,"image_width":700,"subtitle":"","title":"Ride with Peace of Mind.","title_html":"<div class=\"iwt-title iwt-title--mobile\">Ride with<br>  peace of mind<\/div>\n<div class=\"iwt-title iwt-title--desktop\">Ride with<br>  peace of mind<\/div>","title_position":false,"text":"<p>Safety is our most important design philosophy. Not only did we certify both our battery and bike with UL, but we rigorously tested our bikes over 150,000 times under the toughest conditions so that you never have to worry about our quality.<\/p><p><br\/><\/p><p>The Nomad 1 is equipped with a rear light, IPX6 grade waterproof, and double mechanical disc brakes offering riders extra safety in any conditions. <\/p>","text_html":"<div class=\"iwt-text iwt-text--mobile\">\n  Safety is our most important design philosophy. Not<br>\n  only did we certify both our battery and bike with UL,<br>\n  but we rigorously tested our bikes over 150,000 times<br>\n  under the toughest conditions so that you never have to<br>\n  worry about our quality. <br>\n  <br>\n  The Nomad 1 is equipped with a rear light, IPX6 grade<br>\n  waterproof, and double mechanical disc brakes offering <br>\n  riders extra safety in any conditions.\n<\/div>\n<div class=\"iwt-text iwt-text--desktop\">\n  Safety is our most important design<br>\n  philosophy. Not only did we certify both<br>\n  our battery and bike with UL, but we<br>\n  rigorously tested our bikes over 150,000<br>\n  times under the toughest conditions so<br>\n  that you never have to worry about our<br>\n  quality.<br>\n  <br>\n  The Nomad 1 is equipped with a rear<br>\n  light, IPX6 grade waterproof, and double<br>\n  mechanical disc brakes offering riders<br>\n  extra safety in any conditions.<br>\n<\/div>","button_label":"","button_link":"","button_style":"secondary","align_text":"left","layout":"right","divider":false}},"1646909545e71a4e07":{"type":"text-and-image","settings":{"image":"shopify:\/\/shop_images\/Rectangle_2828_5.png","slider":false,"image_width":700,"subtitle":"","title":"The Most Versatile Adventure EBike Ever.","title_html":"<div class=\"iwt-title iwt-title--mobile\">The Most<br>Versatile <br>Adventure <br>\nEBike Ever.<\/div>\n<div class=\"iwt-title iwt-title--desktop\">The Most<br> Versatile<br> Adventure <br>\nEBike Ever.<\/div>","title_position":false,"text":"<p>The Nomad 1 can easily conquer any road. The front fork gives you a smooth riding experience in parks, cities, suburbs, or anywhere else you ride. <\/p>","text_html":"<div class=\"iwt-text iwt-text--mobile\">\n  The Nomad 1 can easily conquer any road. <br>\n  The front fork gives you a smooth riding experience in<br>\n  parks, cities, suburbs, or anywhere else you ride.<br>\n<\/div>\n<div class=\"iwt-text iwt-text--desktop\">\n  The Nomad 1 can easily conquer any road. <br>\n  The front fork gives you a smooth riding<br>\n  experience in parks, cities, suburbs, or<br>\n  anywhere else you ride.<br>\n<\/div>","button_label":"","button_link":"","button_style":"primary","align_text":"left","layout":"left","divider":false}},"1660198381cfa0d5e0":{"type":"hero-banner","settings":{"section_height":"natural","mobile_height":"auto","title":"","title_size":80,"subheading":"","link":"","link_text":"","text_align":"vertical-bottom horizontal-left","custom_text_align":"","image":"shopify:\/\/shop_images\/Group_23040_a409c41b-a33a-4f3e-a2bc-96085feddd39.png","overlay_direction":"none","text_align_m":"mobile-vertical-bottom mobile-horizontal-left","custom_text_align_m":"","image_mobile":"shopify:\/\/shop_images\/Group_23041.png","overlay_direction_m":"none","focal_point":"center center"}},"16511110273ccd6713":{"type":"product-photo","disabled":true,"blocks":{"9a6be5d9-5145-4a0a-b1ff-ffd5473b7502":{"type":"image","settings":{"image":"shopify:\/\/shop_images\/phtot_5.png"}},"6967cf6f-07a4-4720-85d8-192e83b3da9c":{"type":"image","settings":{"image":"shopify:\/\/shop_images\/phtot_2.png"}},"f823cf98-95a1-4d43-8466-c7b802633d9b":{"type":"image","settings":{"image":"shopify:\/\/shop_images\/phtot_1.png"}},"f7dac97e-6b56-4bae-b861-cf2983aec9aa":{"type":"image","settings":{"image":"shopify:\/\/shop_images\/phtot_3.png"}},"0bfd32db-dd88-49c2-8b50-d5cc6f7c5a20":{"type":"image","settings":{"image":"shopify:\/\/shop_images\/phtot_4.png"}}},"block_order":["9a6be5d9-5145-4a0a-b1ff-ffd5473b7502","6967cf6f-07a4-4720-85d8-192e83b3da9c","f823cf98-95a1-4d43-8466-c7b802633d9b","f7dac97e-6b56-4bae-b861-cf2983aec9aa","0bfd32db-dd88-49c2-8b50-d5cc6f7c5a20"],"settings":{"title":"Product Highlights"}},"16510468236a5c5fe5":{"type":"product-textoverimg","settings":{"image":"shopify:\/\/shop_images\/Group_22993.png","image_mb":"shopify:\/\/shop_images\/Group_22845.png","title":"Easy to assemble","subheading":"","link_text":"Watch Unboxing Video","link":"https:\/\/youtu.be\/7jf0SgHAayI"}},"16468252023b4644ee":{"type":"featured-review","disabled":true,"settings":{"title":"What Online Reviewers Say"}},"16409478924a1e60cd":{"type":"product-detail-tab","blocks":{"1640947892b01841f5-0":{"type":"text","disabled":true,"settings":{"title":"LIFE IN MOTION","text":"","content":"option1"}},"1640947892b01841f5-1":{"type":"text","settings":{"title":"Technical Specifications","text":"","content":"option2"}},"1640947892b01841f5-2":{"type":"text","disabled":true,"settings":{"title":"Geometry","text":"","content":"option3"}},"ab8a49ef-1a9d-4035-bfcf-4539545df3f5":{"type":"other","settings":{"title":"Geometry","text":"","content":"<div class=\"pro-ge-boxs\">\n  <div class=\"first-tab first-tab--active\">\n    <div class=\"pro-tabs-wrapper mobile\">\n      <button type=\"button\" class=\"pro-tab pro-tab--active\">Step-Thru<\/button>\n      <button type=\"button\" class=\"pro-tab\">High-Step<\/button>\n    <\/div>\n    <div class=\"desktop pro-tab-header\">Step-Thru<\/div>\n    <img class=\"mobile pro-ge-boxs-topimg\" src=\"https:\/\/cdn.shopify.com\/s\/files\/1\/0599\/2094\/1239\/files\/st-geo-mobile.png?v=1660556275\">\n    <img class=\"desktop pro-ge-boxs-topimg\" src=\"https:\/\/cdn.shopify.com\/s\/files\/1\/0599\/2094\/1239\/files\/st-geo-desktop.png?v=1660556275\">\n    <div class=\"pro-ge-boxs-text\">\n      <div class=\"pro-geboxs-textitem\">\n        <div class=\"pro-geboxs-textitem-key\">Head Tube Angle:<\/div>\n        <div class=\"pro-geboxs-textitem-value\">68°<\/div>\n      <\/div>\n      <div class=\"pro-geboxs-textitem\">\n        <div class=\"pro-geboxs-textitem-key\">Seat Tube Angle:<\/div>\n        <div class=\"pro-geboxs-textitem-value\">70°<\/div>\n      <\/div>\n      <div class=\"pro-geboxs-textitem\">\n        <div class=\"pro-geboxs-textitem-key\">Reach \/ Stack:<\/div>\n        <div class=\"pro-geboxs-textitem-value\">380\/680mm<\/div>\n      <\/div>\n      <div class=\"pro-geboxs-textitem\">\n        <div class=\"pro-geboxs-textitem-key\">Rider Heights:<\/div>\n        <div class=\"pro-geboxs-textitem-value\">5'1''-6'4''<\/div>\n      <\/div>\n\n      <div class=\"pro-geboxs-textitem\">\n        <div class=\"pro-geboxs-textitem-key\">Rear Center:<\/div>\n        <div class=\"pro-geboxs-textitem-value\">510mm<\/div>\n      <\/div>\n      <div class=\"pro-geboxs-textitem\">\n        <div class=\"pro-geboxs-textitem-key\">Minimum seat height:<\/div>\n        <div class=\"pro-geboxs-textitem-value\">817mm<\/div>\n      <\/div>\n      <div class=\"pro-geboxs-textitem\">\n        <div class=\"pro-geboxs-textitem-key\">Maximum seat height:<\/div>\n        <div class=\"pro-geboxs-textitem-value\">1020mm<\/div>\n      <\/div>\n      <div class=\"pro-geboxs-textitem\">\n        <div class=\"pro-geboxs-textitem-key\">Handlebar height:<\/div>\n        <div class=\"pro-geboxs-textitem-value\">1080mm<\/div>\n      <\/div>\n\n      <div class=\"pro-geboxs-textitem\">\n        <div class=\"pro-geboxs-textitem-key\">Total length:<\/div>\n        <div class=\"pro-geboxs-textitem-value\">1915mm<\/div>\n      <\/div>\n      <div class=\"pro-geboxs-textitem\">\n        <div class=\"pro-geboxs-textitem-key\">Seat tube length:<\/div>\n        <div class=\"pro-geboxs-textitem-value\">435mm<\/div>\n      <\/div>\n      <div class=\"pro-geboxs-textitem\">\n        <div class=\"pro-geboxs-textitem-key\">Standover height:<\/div>\n        <div class=\"pro-geboxs-textitem-value\">420mm<\/div>\n      <\/div>\n      <div class=\"pro-geboxs-textitem\">\n        <div class=\"pro-geboxs-textitem-key\">Wheelbase:<\/div>\n        <div class=\"pro-geboxs-textitem-value\">1140mm<\/div>\n      <\/div>\n    <\/div>\n  <\/div>\n\n  <div class=\"second-tab\">\n    <div class=\"pro-tabs-wrapper mobile\">\n      <button type=\"button\" class=\"pro-tab\">Step-Thru<\/button>\n      <button type=\"button\" class=\"pro-tab pro-tab--active\">High-Step<\/button>\n    <\/div>\n    <div class=\"desktop pro-tab-header\">High-Step<\/div>\n    <img class=\"mobile pro-ge-boxs-topimg\" src=\"https:\/\/cdn.shopify.com\/s\/files\/1\/0599\/2094\/1239\/files\/hs-geo-mobile.png?v=1660556275\">\n    <img class=\"desktop pro-ge-boxs-topimg\" src=\"https:\/\/cdn.shopify.com\/s\/files\/1\/0599\/2094\/1239\/files\/hs-geo-desktop.png?v=1660556275\">\n    <div class=\"pro-ge-boxs-text\">\n      <div class=\"pro-geboxs-textitem\">\n        <div class=\"pro-geboxs-textitem-key\">Head Tube Angle:<\/div>\n        <div class=\"pro-geboxs-textitem-value\">68°<\/div>\n      <\/div>\n      <div class=\"pro-geboxs-textitem\">\n        <div class=\"pro-geboxs-textitem-key\">Seat Tube Angle:<\/div>\n        <div class=\"pro-geboxs-textitem-value\">73°<\/div>\n      <\/div>\n      <div class=\"pro-geboxs-textitem\">\n        <div class=\"pro-geboxs-textitem-key\">Reach \/ Stack:<\/div>\n        <div class=\"pro-geboxs-textitem-value\">460\/650mm<\/div>\n      <\/div>\n      <div class=\"pro-geboxs-textitem\">\n        <div class=\"pro-geboxs-textitem-key\">Rider Heights:<\/div>\n        <div class=\"pro-geboxs-textitem-value\">5'5''-6'9''<\/div>\n      <\/div>\n\n      <div class=\"pro-geboxs-textitem\">\n        <div class=\"pro-geboxs-textitem-key\">Rear Center:<\/div>\n        <div class=\"pro-geboxs-textitem-value\">510mm<\/div>\n      <\/div>\n      <div class=\"pro-geboxs-textitem\">\n        <div class=\"pro-geboxs-textitem-key\">Minimum seat height:<\/div>\n        <div class=\"pro-geboxs-textitem-value\">835mm<\/div>\n      <\/div>\n      <div class=\"pro-geboxs-textitem\">\n        <div class=\"pro-geboxs-textitem-key\">Maximum seat height:<\/div>\n        <div class=\"pro-geboxs-textitem-value\">1040mm<\/div>\n      <\/div>\n      <div class=\"pro-geboxs-textitem\">\n        <div class=\"pro-geboxs-textitem-key\">Handlebar height:<\/div>\n        <div class=\"pro-geboxs-textitem-value\">1080mm<\/div>\n      <\/div>\n\n      <div class=\"pro-geboxs-textitem\">\n        <div class=\"pro-geboxs-textitem-key\">Total length:<\/div>\n        <div class=\"pro-geboxs-textitem-value\">1985mm<\/div>\n      <\/div>\n      <div class=\"pro-geboxs-textitem\">\n        <div class=\"pro-geboxs-textitem-key\">Seat tube length:<\/div>\n        <div class=\"pro-geboxs-textitem-value\">440mm<\/div>\n      <\/div>\n      <div class=\"pro-geboxs-textitem\">\n        <div class=\"pro-geboxs-textitem-key\">Standover height:<\/div>\n        <div class=\"pro-geboxs-textitem-value\">775mm<\/div>\n      <\/div>\n      <div class=\"pro-geboxs-textitem\">\n        <div class=\"pro-geboxs-textitem-key\">Wheelbase:<\/div>\n        <div class=\"pro-geboxs-textitem-value\">1240mm<\/div>\n      <\/div>\n    <\/div>\n  <\/div>\n<\/div>\n<script>\n  (function () {\n    document.querySelectorAll(\".pro-ge-boxs\").forEach(function (geBox) {\n      if (window.location.href.indexOf(\"\/velotric-discover-1\") < 0) {\n        geBox.querySelector(\".first-tab\").classList.remove(\"first-tab--active\");\n        geBox.querySelector(\".second-tab\").classList.add(\"second-tab--active\");\n      }\n\n      geBox.querySelectorAll(\".pro-tabs-wrapper\").forEach(function (wrapper) {\n        console.log(wrapper);\n        const tabButtons = wrapper.querySelectorAll(\".pro-tab\");\n        if (tabButtons.length > 1) {\n          console.log(\"TIME TO GO\");\n          tabButtons[0].addEventListener(\"click\", function () {\n            console.log(\"1\");\n            geBox\n              .querySelector(\".first-tab\")\n              .classList.add(\"first-tab--active\");\n            geBox\n              .querySelector(\".second-tab\")\n              .classList.remove(\"second-tab--active\");\n          });\n\n          tabButtons[1].addEventListener(\"click\", function () {\n            console.log(\"2\");\n            geBox\n              .querySelector(\".first-tab\")\n              .classList.remove(\"first-tab--active\");\n            geBox\n              .querySelector(\".second-tab\")\n              .classList.add(\"second-tab--active\");\n          });\n        } else {\n          console.log(\"length not long enough\");\n        }\n      });\n    });\n  })();\n<\/script>"}},"8d0b2083-2348-41f0-be87-85462dc3018d":{"type":"other","settings":{"title":"FAQ","text":"","content":"<div class=\"tab_faq_content\">\n  <div class=\"tab_faq_title\">Will I be charged sales tax?<\/div>\n  <p>Sales tax will be collected on all orders and will include state and municipal taxes as applicable.<\/p>\n<\/div>\n<div class=\"tab_faq_content\">\n  <div class=\"tab_faq_title\">Can I cancel an order once I've placed it?<\/div>\n  <p>If order has not shipped, reach out to our CS team and they will help you with order cancellation.\n<\/p> \n  <p>If the order has shipped out from Velotric's warehouse, it will be treated as a return. You will need to contact Velotric Customer Service at help@velotric.bike to receive an RA # and further instructions.<\/p>\n \n<\/div>\n<div class=\"tab_faq_content\">\n  <div class=\"tab_faq_title\">What are shipping costs?<\/div>\n  <p>Free shipping includes the 48 contiguous states but not Alaska, Hawaii, Puerto Rico and the other U.S. territories.<\/p>\n<\/div>\n\n<div class=\"tab_faq_content\">\n  <div class=\"tab_faq_title\">What payment methods do you accept?<\/div>\n  <p>Visa, MasterCard, and American Express credit cards.<\/p>\n<\/div>\n\n<div class=\"tab_faq_content\">\n  <div class=\"tab_faq_title\">Do you offer exchanges?<\/div>\n  <p>If you find that your new Velotric bike isn't right for you, you can return it (in new, unridden\/unused condition) within 14 days for a full refund in accordance with our Online Purchase Return Policy.<\/p>\n\n   If you are uncertain about sizing, specifications, or any concerns about the product before ordering, we strongly recommend visiting your local bike shop to get properly fitted and purchasing your bike through them. It's also the best way to help support a local business and have a place to help you in-person for anything in the future.\n<\/div>\n<div class=\"tab_faq_content\">\n   <div class=\"tab_faq_title\">Do you offer exchanges?<\/div>\n  <div class=\"tab_faq_youtubelinksbox\">\n    <div class=\"tab_faq_youtubelinkitem\">Display Assembly<\/div>\n    <div class=\"tab_faq_youtubelinkitem\"><a href=\"\/\"><img alt=\"\" src=\"https:\/\/cdn.shopifycdn.net\/s\/files\/1\/0599\/2094\/1239\/files\/Youtube.png?v=1651218301\">Watch on Youtube<\/a><\/div>\n    <div class=\"tab_faq_youtubelinkitem\">Handlebar Assembly<\/div>\n    <div class=\"tab_faq_youtubelinkitem\"><a href=\"\/\"><img alt=\"\" src=\"https:\/\/cdn.shopifycdn.net\/s\/files\/1\/0599\/2094\/1239\/files\/Youtube.png?v=1651218301\">Watch on Youtube<\/a><\/div>\n    <div class=\"tab_faq_youtubelinkitem\">Front Light Assembly<\/div>\n    <div class=\"tab_faq_youtubelinkitem\"><a href=\"\/\"><img alt=\"\" src=\"https:\/\/cdn.shopifycdn.net\/s\/files\/1\/0599\/2094\/1239\/files\/Youtube.png?v=1651218301\">Watch on Youtube<\/a><\/div>\n    <div class=\"tab_faq_youtubelinkitem\">Front Fender Assembly<\/div>\n    <div class=\"tab_faq_youtubelinkitem\"><a href=\"\/\"><img alt=\"\" src=\"https:\/\/cdn.shopifycdn.net\/s\/files\/1\/0599\/2094\/1239\/files\/Youtube.png?v=1651218301\">Watch on Youtube<\/a><\/div>\n    <div class=\"tab_faq_youtubelinkitem\">Front Fork Assembly<\/div>\n    <div class=\"tab_faq_youtubelinkitem\"><a href=\"\/\"><img alt=\"\" src=\"https:\/\/cdn.shopifycdn.net\/s\/files\/1\/0599\/2094\/1239\/files\/Youtube.png?v=1651218301\">Watch on Youtube<\/a><\/div>\n    <div class=\"tab_faq_youtubelinkitem\">Saddle Assembly<\/div>\n    <div class=\"tab_faq_youtubelinkitem\"><a href=\"\/\"><img alt=\"\" src=\"https:\/\/cdn.shopifycdn.net\/s\/files\/1\/0599\/2094\/1239\/files\/Youtube.png?v=1651218301\">Watch on Youtube<\/a><\/div>\n    <div class=\"tab_faq_youtubelinkitem\">Pedal Assembly<\/div>\n    <div class=\"tab_faq_youtubelinkitem\"><a href=\"\/\"><img alt=\"\" src=\"https:\/\/cdn.shopifycdn.net\/s\/files\/1\/0599\/2094\/1239\/files\/Youtube.png?v=1651218301\">Watch on Youtube<\/a><\/div>\n    <div class=\"tab_faq_youtubelinkitem\">Rear Rack Assembly<\/div>\n    <div class=\"tab_faq_youtubelinkitem\"><a href=\"\/\"><img alt=\"\" src=\"https:\/\/cdn.shopifycdn.net\/s\/files\/1\/0599\/2094\/1239\/files\/Youtube.png?v=1651218301\">Watch on Youtube<\/a><\/div>\n  <\/div>\n<\/div>"}},"834aeb5c-6c39-4aa9-ae10-d13f6ec61260":{"type":"other","settings":{"title":"Shipping and Return","text":"","content":"<div class=\"tab_shipping_content\">\n  <div class=\"tab_shipping_content_title\">Shipping policy<\/div>\n  <div class=\"tab_shipping_content_con\">\n  Our goal is to offer you the best shipping options, no matter where you live.<br>\n  The total time is the sum of the processing time and the shipping time.<br>\n    <strong>Processing time<\/strong>:the time between when you place an order and when we ship it.<br>\n    <strong>Shipping time<\/strong>:the time between when your order has been shipped and delivered to you.<br>\n    <strong>Shipping carrier<\/strong>:FedEx<br>\n    <strong>Shipping time<\/strong>: Due to high order volumes, shipment handling time may take as long as 5 weeks (US continental)<br>\n    Business days refer to <strong>Monday~Friday(excluded holidays and weekends)<\/strong>, and the time zone is the <strong>Eastern Time Zone of USA (GMT-5).<\/strong><br> \n    <strong>Shipping fee<\/strong>:Free shipping whole store <br>\n    <strong>Shipping from<\/strong>:US Local warehouses <br>\n    <strong>Shipping area<\/strong>:the US only(Exclude Hawaii, Puerto Rico, and Alaska)<br>\n    Any other question, please contact us at <strong><a href=\"mailto:help@velotricbike.com\">help@velotricbike.com<\/a><\/strong>\n  <\/div>\n<\/div>\n\n\n<div class=\"tab_return_content\">\n  <div class=\"tab_return_content_title\">Return<\/div>\n  \n  <p>We have a 14-day return policy, which means you have 14 days after receiving your item to request a return.<\/p>\n<p>\n  <strong>Instruction:<\/strong>\nTo start a return, you can contact us at help@velotricbike.com. If your return is accepted, we’ll send you instructions on how and where to send your package. Items sent back to us without first requesting a return will not be accepted. Velotric is not responsible for the shipping cost of the package returned by the customers themselves.\n  <\/p>\n  <p>\n    <strong>Restocking Fee:<\/strong>\nyou are subject to US$200 per bike restocking fee.\n  <\/p>\n  <p>\n    <strong>Return Shipping Costs:<\/strong>\nYou will be responsible for paying for your own shipping costs for returning your item. Shipping costs are non-refundable. We recommend using a trackable shipping service and purchasing shipping. We cannot guarantee that we will receive the item you are attempting to return.\n  <\/p>\n  <p>\n    <strong>Returns are not allowed after 14 days of the delivery date:<\/strong>\nTo be eligible for a return, your item must be in the same condition that you received it, unworn, unused or the ebike must have less than ten (10) miles on the odometer,  it and must include all items that were inside the box (charger, keys, hardware, etc.), and in its original packaging. You’ll also need the receipt or proof of purchase.\n  <\/p>\n  <p>\n    <strong>Damages and issues:<\/strong>\nPlease inspect your order upon reception and contact us immediately if the item is defective, damaged or if you receive the wrong item, so that we can evaluate the issue and make it right.\n  <\/p>\n  <p>\n    <strong>Return Address:<\/strong>\nContact us to get detailed return address\n  <\/p>\n  <p>\nYou can always contact us for any return question at help@velotricbike.com\n  <\/p>\n  <p>\n    <strong>NON-RETURNABLE ITEMS INCLUDE, BUT ARE NOT LIMITED TO:<\/strong>\n  <\/p>\n  <p>\n1. Product from Unauthorized Reseller<br>\n2. The damage is caused by human<br>\n3. Special order<br>\n4. sale items or gift cards\n  <\/p>\n  <p>\n    <strong>Exchange for new model(Only for Non-quality Products)<\/strong>\n  <\/p>\n  <p>\nThis term is only for the unworn, and the ebike must have less than ten (10) miles on the odometer.\n  <\/p>\n<\/div>"}}},"block_order":["1640947892b01841f5-0","1640947892b01841f5-1","1640947892b01841f5-2","ab8a49ef-1a9d-4035-bfcf-4539545df3f5","8d0b2083-2348-41f0-be87-85462dc3018d","834aeb5c-6c39-4aa9-ae10-d13f6ec61260"],"settings":{}},"alireviews-widget-157207":{"type":"alireviews-widget-157207","disabled":true,"settings":{}},"1649929086ab29cf98":{"type":"apps","blocks":{"0ea57339-ea4a-4d75-96d9-cf22f84ac9bb":{"type":"shopify:\/\/apps\/yotpo-product-reviews-photos\/blocks\/reviews\/eb7dfd7d-db44-4334-bc49-c893b51b36cf","settings":{"product":"velotric-nomad-1"}}},"block_order":["0ea57339-ea4a-4d75-96d9-cf22f84ac9bb"],"settings":{"full_width":false,"space_around":true}},"1651049298c4ad9939":{"type":"product-subscribe","settings":{"title":"Stay updated.","content":"Be the first to know new product launch, <br> offerings,\nand news from Velotric!"}}},"order":["main","1647586224b46fc34e","165103936904e0bddc","custom-fp","1650861070aff82ad6","16511170320fd614d5","165459312641c6334e","165104330554fa8b89","text-and-image2","text-and-image","1654868781eb80318a","16601985942478b144","16510516878d00adf9","1646541244332cf0ba","1646542037e8ee41ee","1646909545e71a4e07","1660198381cfa0d5e0","16511110273ccd6713","16510468236a5c5fe5","16468252023b4644ee","16409478924a1e60cd","alireviews-widget-157207","1649929086ab29cf98","1651049298c4ad9939"]}