{"sections":{"main":{"type":"main-product","blocks":{"1836596a-321b-442d-bc42-5dfb0855d81b":{"type":"custom_title","settings":{"title":"Water Bottle Holder","show_stock_label":true,"in_stock_label":"In stock","out_stock_label":"Sold Out"}},"52406d8c-e47a-4234-b020-d7d4433136a1":{"type":"shopify:\/\/apps\/yotpo-product-reviews-photos\/blocks\/star-rating\/eb7dfd7d-db44-4334-bc49-c893b51b36cf","settings":{"product":"water-bottle-holder"}},"price":{"type":"price","disabled":true,"settings":{}},"018d1d7f-ad9c-461b-bd45-b0e6c809e839":{"type":"custom","settings":{"code":"<div class=\"product-topsbox\">\n<div class=\"product-pricebox no-js-hidden\" id=\"price-{{ section.id }}\" {{ block.shopify_attributes }}>\n<span class=\"productold-prices\"><\/span>\n<span class=\"productbold-prices\">$9.9\n<\/span> \n<\/div>  \n\n<\/div>"}},"39713865-5c7a-4697-aed2-81ecd2e8c805":{"type":"custom","settings":{"code":"<div class=\"pro-shortdesc\">To easily bring your water with you, the water bottle holder securely attaches to your e-bike. This holder attaches to the Discover 1 Urban Commuter Bike and is made from quality light alloy. Our water bottle holder easily fits all regular-sized water bottles and is a lightweight attachment for minimal addition to the ride. \n<\/div>"}},"2473647b-81b8-4fa1-9616-be56f855f580":{"type":"custom","disabled":true,"settings":{"code":"<div class=\"product-save\">Extra $200 Off for 2 Bikes<br><\/div>"}},"a1f43430-52e0-4c3a-a6b7-31a40ba4d1a6":{"type":"custom","disabled":true,"settings":{"code":"<div class=\"product-save\">Extra $400 Off for 3 Bikes Use Code - BUYTHREE<\/div>"}},"bb60a108-3215-43da-9cf6-a63d05d51054":{"type":"custom","disabled":true,"settings":{"code":"<div class=\"product-save\">Extra $600 Off for 3 Bikes Use Code - BUYFOUR<\/div>"}},"380df432-6abc-43d9-bdd2-aab20ec9a5d6":{"type":"custom","disabled":true,"settings":{"code":"<div class=\"discount_text\">$400 0FF for <span style=\"color:#FD9F19;\"> EASTER <\/span>Auto-applied!<span style=\"color:black;\"><\/span><\/div>\n\n<style>\n.discount_text {\n    background: #000000;\n    display: table;\n    color: #fff;\n    font-weight: bold;\n    padding: 7px 18px;\n    font-size: 17px;\n    text-transform: uppercase;\n    margin-bottom: 15px;\n}\n<\/style>"}},"inventory_status":{"type":"inventory_status","disabled":true,"settings":{"inventory_threshold":10,"inventory_transfers_enable":true}},"5ade03cd-06d8-48ab-a642-8a7d5bafbd4a":{"type":"reviews","disabled":true,"settings":{}},"variant_picker":{"type":"variant_picker","settings":{"variant_labels":true,"picker_type":"button","color_swatches":true}},"3c34ea9e-9d04-4fe2-8562-a163446bef8d":{"type":"quantity_selector","settings":{}},"buy_buttons":{"type":"buy_buttons","settings":{"show_dynamic_checkout":true,"surface_pickup_enable":true}},"share":{"type":"share","disabled":true,"settings":{}},"aa433eb9-598f-4cc7-a81a-58df25756ba8":{"type":"payment","disabled":true,"settings":{"display_payment_1":true,"payment_image_1":"shopify:\/\/shop_images\/visa.png","display_payment_2":true,"payment_image_2":"shopify:\/\/shop_images\/master.png","display_payment_3":true,"payment_image_3":"shopify:\/\/shop_images\/amex.png","display_payment_4":true,"payment_image_4":"shopify:\/\/shop_images\/discover.png","display_payment_5":true,"payment_image_5":"shopify:\/\/shop_images\/jcb.png","display_payment_6":true,"payment_image_6":"shopify:\/\/shop_images\/diners_club.png"}},"f548d8df-6f68-4893-b6df-a45184aa58c9":{"type":"separator","disabled":true,"settings":{}},"6a1f1a0f-cff2-4a2f-b496-e679ff36de20":{"type":"custom","disabled":true,"settings":{"code":"<div class=\"product-email-wp\">\n<h4>Have questions?<\/h4><p>Our world-class Customer Experience team is here to answer all of your questions.<\/p>\n<div class=\"product-email-item\">Email: \n <a href=\"mailto:care@velotric.bike\">care@velotric.bike<\/a><\/div>\n<\/div>"}},"af1b0df1-4821-45ad-858e-11391f494072":{"type":"tab","disabled":true,"settings":{"title":"Features and Details","content":"<p>● 48V 14.4Ah, 500W Class 2 with Throttle Assist.<br\/>● Step-through Frame with Fully-integrated Battery Design.<br\/>● 50% longer range than other similar bikes. Up to 60 miles. <br\/>● Free Shipping within the 48 continental states.<br\/>● Ships within 48hrs by FedEx, Delivered within 2 to 5 working days.<\/p>","page":""}},"b227f33c-12f1-413e-adae-5c9279640441":{"type":"tab","disabled":true,"settings":{"title":"Notes","content":"<p>● FREE SHIPPING includes the 48 contiguous states but not Alaska, Hawaii, Puerto Rico and the other U.S. territories.<\/p>","page":""}}},"block_order":["1836596a-321b-442d-bc42-5dfb0855d81b","52406d8c-e47a-4234-b020-d7d4433136a1","price","018d1d7f-ad9c-461b-bd45-b0e6c809e839","39713865-5c7a-4697-aed2-81ecd2e8c805","2473647b-81b8-4fa1-9616-be56f855f580","a1f43430-52e0-4c3a-a6b7-31a40ba4d1a6","bb60a108-3215-43da-9cf6-a63d05d51054","380df432-6abc-43d9-bdd2-aab20ec9a5d6","inventory_status","5ade03cd-06d8-48ab-a642-8a7d5bafbd4a","variant_picker","3c34ea9e-9d04-4fe2-8562-a163446bef8d","buy_buttons","share","aa433eb9-598f-4cc7-a81a-58df25756ba8","f548d8df-6f68-4893-b6df-a45184aa58c9","6a1f1a0f-cff2-4a2f-b496-e679ff36de20","af1b0df1-4821-45ad-858e-11391f494072","b227f33c-12f1-413e-adae-5c9279640441"],"settings":{"sku_enable":false,"show_free_accessories":false,"free_access_title":"Free Accessories","free_access_icon":"","free_access_desc":"We offer more for our customer with every order","image_size":"medium","product_zoom_enable":true,"thumbnail_position":"beside","thumbnail_arrows":true,"enable_video_looping":true,"product_video_style":"muted","oldprice":"$1899.00","newprice":"$1399.00"}},"16534681680b4092b5":{"type":"front-rack-overview","blocks":{"95013b30-c273-41dc-b097-55b1d7f2438a":{"type":"text","settings":{"title":"Compatibility","text":"Discover 1 Urban Commuter Ebike"}},"821123a6-977f-4ae3-98fc-974566332148":{"type":"text","settings":{"title":"Features","text":"Entity BC15 Alloy Bottle Cage - Black;<br>Super light alloy construction;"}},"5b5b268b-b8cb-4993-b624-9ffca7d0b3e6":{"type":"text","settings":{"title":"Sizing & Capacity","text":"Dimensions: Fits all regular water bottles"}}},"block_order":["95013b30-c273-41dc-b097-55b1d7f2438a","821123a6-977f-4ae3-98fc-974566332148","5b5b268b-b8cb-4993-b624-9ffca7d0b3e6"],"settings":{"title":"Overview"}},"sub":{"type":"product-full-width","disabled":true,"settings":{"max_width":true}},"product-recommendations":{"type":"product-recommendations","disabled":true,"settings":{"show_product_recommendations":true,"product_recommendations_heading":"You may also like","related_count":3}},"collection-return":{"type":"collection-return","disabled":true,"settings":{}},"alireviews-widget-157207":{"type":"alireviews-widget-157207","disabled":true,"settings":{}},"1649929086ab29cf98":{"type":"apps","blocks":{"0ea57339-ea4a-4d75-96d9-cf22f84ac9bb":{"type":"shopify:\/\/apps\/yotpo-product-reviews-photos\/blocks\/reviews\/eb7dfd7d-db44-4334-bc49-c893b51b36cf","settings":{"product":"{{product}}"}}},"block_order":["0ea57339-ea4a-4d75-96d9-cf22f84ac9bb"],"settings":{"full_width":false,"space_around":true}}},"order":["main","16534681680b4092b5","sub","product-recommendations","collection-return","alireviews-widget-157207","1649929086ab29cf98"]}