{"sections":{"1647422899e0b55169":{"type":"collection-background-text","blocks":{"3bbabccc-729c-45c7-b5c9-50f3fd6b5d22":{"type":"image","settings":{"image":"shopify:\/\/shop_images\/banner_1920x800_3.jpg","image_mb":"shopify:\/\/shop_images\/3_d25204ce-ce4f-4100-a999-5f72e4174070.jpg","subtitle":"","title":"Outdoor | Smart Laser Measures","text":"Long range of 300m with accuracy of ± 1mm<br>Color LCD display | Viewfnder | P2P | Bluetooth etc","title_color":"#ffffff","text_color":"#d3d3d3","text_bg_color":"#282d1f","btn":"Learn more","link":"","content_x_position":50}}},"block_order":["3bbabccc-729c-45c7-b5c9-50f3fd6b5d22"],"settings":{"margin_top":0}},"164742539706b34c46":{"type":"product-image_text_link","settings":{"bg_color":"#f4f4f4","title_color":"#3c3c3c","text_color":"#000000","padding_top":6,"padding_bottom":6,"image":"shopify:\/\/shop_images\/P9_e60f4f7e-0116-4ba0-88a1-3c7f4498c4ad.png","max_image_width":100,"layout":"left","title":"P9 | Wireless Charging","text":"<p>Outdoor Smart Laser Meter, the long measure range up to 400m, feature with color LCD display, point viewfinder and wireless charging, etc.<\/p>","button_label":"Learn more","button_link":"shopify:\/\/products\/outdoor-laser-measure-camera-p9"}},"1647425565c92e21a7":{"type":"product-image_text_link","settings":{"bg_color":"#f4f4f4","title_color":"#3c3c3c","text_color":"#000000","padding_top":5,"padding_bottom":0,"image":"shopify:\/\/shop_images\/S2C.png","max_image_width":100,"layout":"right","title":"P7AK | Outdoor Laser Measure","text":"<p>Significantly raise the outdoor measure range and environmental stability of the phase laser distance meter, Powerburst and PowerChirp <br\/>More Patent technologies<\/p>","button_label":"Learn more","button_link":"shopify:\/\/products\/outdoor-laser-measure-camera-p7ak"}},"1653025127bd042bee":{"type":"product-image_text_link","settings":{"bg_color":"#f4f4f4","title_color":"#3c3c3c","text_color":"#000000","padding_top":6,"padding_bottom":6,"image":"shopify:\/\/shop_images\/laser_tape_measure_DT20_2.png","max_image_width":100,"layout":"left","title":"3 IN 1 DESIGN<br>\nLASER TAPE MEASURE","text":"<p>The backlit LCD displays both laser and tape measure results<br\/>It covers different needs in the DIY design, the bluetooth enable<br\/>connection with rich apps<\/p>","button_label":"","button_link":"shopify:\/\/products\/digital-laser-tape-measure-tool-dt20"}},"16476126777f163a72":{"type":"background-text","disabled":true,"blocks":{"f5bae514-0991-44b0-ac40-60949a82738b":{"type":"image","settings":{"image":"shopify:\/\/shop_images\/laser_tape_measure_collection_update.jpg","image_mb":"shopify:\/\/shop_images\/29040797b8754729c7600c2e5f36b124.jpg","title":"3  in 1 design<br> Laser Tape Measure","text":"the backlit LCD displays both laser and tape measure results<br> it covers different needs in the DIY design, the bluetooth enable<br> connection with rich apps","text_color":"#000000","text_bg_color":"#000000","btn":"Learn more","link":"shopify:\/\/products\/digital-laser-tape-measure-tool-dt20","content_x_position":14}}},"block_order":["f5bae514-0991-44b0-ac40-60949a82738b"],"settings":{"margin_top":0}},"1647425574bf028b27":{"type":"product-image_text_link","disabled":true,"settings":{"bg_color":"#000000","title_color":"#ffffff","text_color":"#ffffff","padding_top":4,"padding_bottom":4,"image":"shopify:\/\/shop_images\/6a4cd15844b7f3f7446daed5a445aec3_1c0be94c-7ef3-4859-af26-4ad70ba8877f.png","max_image_width":100,"layout":"left","title":"Smart Filtering Algorithm","text":"<p>An algorithm for optimal estimation of system state.<br\/>By filtering the stray light in the measurement data (including noise and interference in the system), the measurement data is more accurate.<\/p>","button_label":"","button_link":""}},"16474250765f335141":{"type":"collection-icons-text","blocks":{"16474250762f6d0cc5-0":{"type":"logo_image","settings":{"image":"shopify:\/\/shop_images\/d3a7341dc5c233714b1157b024895b7d_736b85bf-95ff-44d9-8831-126796fa9ec7.png","icon_svg":"","title":"long <br>range"}},"16474250762f6d0cc5-1":{"type":"logo_image","settings":{"image":"shopify:\/\/shop_images\/2_b64bdae6-72e2-4cbe-8a24-1f183f9fbdab.png","icon_svg":"","title":"Millimeter<br>accuracy"}},"16474250762f6d0cc5-2":{"type":"logo_image","settings":{"image":"shopify:\/\/shop_images\/3_3fad0f89-8fa2-4af3-90c0-3ae922ef087e.png","icon_svg":"","title":"point<br>viewfinder"}},"29243e00-f99c-429d-a97d-712962932e27":{"type":"logo_image","settings":{"image":"shopify:\/\/shop_images\/8_04876dbc-5397-442f-b29b-87b409ff2d91.png","icon_svg":"","title":"camera<br>shot"}},"104cbb17-45bf-4600-bde0-af13ae35c292":{"type":"logo_image","settings":{"image":"shopify:\/\/shop_images\/6_cee37410-327a-4362-b989-4614017c82d8.png","icon_svg":"","title":"Bluetooth<br>transmission"}},"ff7e678d-982b-47d8-b0ce-1b87d0ca800b":{"type":"logo_image","settings":{"image":"shopify:\/\/shop_images\/7_a88586c8-0db2-49cc-8c58-d81291039236.png","icon_svg":"","title":"data<br>storage"}},"16474250762f6d0cc5-3":{"type":"logo_image","settings":{"image":"shopify:\/\/shop_images\/4_d96425a1-eeda-4b0d-8eb0-7cbc7ed979ab.png","icon_svg":"","title":"Data<br>export"}},"eda6cf0b-12d3-415b-9bcd-df2afcca9ef0":{"type":"logo_image","settings":{"image":"shopify:\/\/shop_images\/5_f4487f58-c09b-4de4-a75b-1b913b98daa4.png","icon_svg":"","title":"wireless<br> charge"}}},"block_order":["16474250762f6d0cc5-0","16474250762f6d0cc5-1","16474250762f6d0cc5-2","29243e00-f99c-429d-a97d-712962932e27","104cbb17-45bf-4600-bde0-af13ae35c292","ff7e678d-982b-47d8-b0ce-1b87d0ca800b","16474250762f6d0cc5-3","eda6cf0b-12d3-415b-9bcd-df2afcca9ef0"],"settings":{"bg_color":"#000000","text_color":"#ffffff"}},"164742521560f2e94d":{"type":"collection-twoimage_text","blocks":{"1647425215d64c8277-0":{"type":"image","settings":{"image":"shopify:\/\/shop_images\/343d5e8b0bedd6cceb4c854628457198_bce15e2c-e8c2-4f39-b738-c90285c4e331.jpg"}},"1647425215d64c8277-1":{"type":"image","settings":{"image":"shopify:\/\/shop_images\/ad8b590f33d378a4d5755e5e2e6b7bf6_fa862ff8-cb9f-4cf6-bb85-42e8431a37f8.jpg"}}},"block_order":["1647425215d64c8277-0","1647425215d64c8277-1"],"settings":{"bg_color":"","title":"The technology creates a better life.","title_color":"#3c3c3c","text":"<p>                             ------Mileseey<\/p>","text_color":"#000000"}},"16475107197be0cdb3":{"type":"about-corporate-video","blocks":{"29145cf6-2b72-4054-b165-a49da3d29943":{"type":"video","settings":{"code":"","image":"shopify:\/\/shop_images\/3_24d2acf0-9a0a-4e6b-a147-132cf7843f68.jpg","title":"","text":""}},"362102e3-031c-4604-8c31-4f29fda85c68":{"type":"video","disabled":true,"settings":{"code":"","image":"shopify:\/\/shop_images\/1_5507fd87-3220-4fcd-a271-1641040fcf58.jpg","title":"","text":""}},"7eb2f47c-e94e-421e-9a11-cfdf11fd98a4":{"type":"video","disabled":true,"settings":{"code":"","image":"shopify:\/\/shop_images\/2_85a7acb9-7216-4bde-bfde-e7ef12ddafe8.jpg","title":"","text":""}}},"block_order":["29145cf6-2b72-4054-b165-a49da3d29943","362102e3-031c-4604-8c31-4f29fda85c68","7eb2f47c-e94e-421e-9a11-cfdf11fd98a4"],"settings":{"title":"PRODUCT VIDEO","bg_color":"#f2f2f2"}},"1647425154c3a359ce":{"type":"collection_featured_functions","blocks":{"164742515463c858c5-0":{"type":"image","settings":{"image":"shopify:\/\/shop_images\/55c888ebcc0d18bdbe3a77f62fd76cac.jpg","image_mb":"shopify:\/\/shop_images\/55c888ebcc0d18bdbe3a77f62fd76cac.jpg","icon":"","icon_text":"Tape Measure","content":""}},"164742515463c858c5-1":{"type":"image","settings":{"image":"shopify:\/\/shop_images\/3_a9651a17-8131-4c05-b39c-d2822ac53527.jpg","image_mb":"shopify:\/\/shop_images\/3_a9651a17-8131-4c05-b39c-d2822ac53527.jpg","icon":"","icon_text":"Laser Measure","content":""}},"164742515463c858c5-2":{"type":"image","settings":{"image":"shopify:\/\/shop_images\/2_f4b05ee3-9f6d-4d3b-ae7b-38c5624eaf54.jpg","image_mb":"shopify:\/\/shop_images\/2_f4b05ee3-9f6d-4d3b-ae7b-38c5624eaf54.jpg","icon":"","icon_text":"DIY Design","content":""}},"164742515463c858c5-3":{"type":"image","settings":{"image":"shopify:\/\/shop_images\/4_bccc4bc1-f66b-493d-9175-edbf7b85772f.jpg","image_mb":"shopify:\/\/shop_images\/4_bccc4bc1-f66b-493d-9175-edbf7b85772f.jpg","icon":"","icon_text":"Project Planning","content":""}}},"block_order":["164742515463c858c5-0","164742515463c858c5-1","164742515463c858c5-2","164742515463c858c5-3"],"settings":{"title":"Applications"}},"16474252806eb9e52a":{"type":"compare-collection-template","settings":{"bg_color":"#f6f6f6","title":"Compare Laser Meter","text":"","per_row":4}},"16474253652b0be22d":{"type":"testimonials","disabled":true,"blocks":{"1647425365af20d55c-0":{"type":"testimonials","settings":{"testimonial":"<p>Add customer reviews and testimonials to showcase your store’s happy customers.<\/p>","author":"Author name"}},"1647425365af20d55c-1":{"type":"testimonials","settings":{"testimonial":"<p>Add customer reviews and testimonials to showcase your store’s happy customers.<\/p>","author":"Author name"}}},"block_order":["1647425365af20d55c-0","1647425365af20d55c-1"],"settings":{"margin_top":0,"title":"Professional solutions, by professional users.","color_bg":"#f1f7f9","color_text":"#1c1d1d","color_arrow_bg":"#e3edf0"}}},"order":["1647422899e0b55169","164742539706b34c46","1647425565c92e21a7","1653025127bd042bee","16476126777f163a72","1647425574bf028b27","16474250765f335141","164742521560f2e94d","16475107197be0cdb3","1647425154c3a359ce","16474252806eb9e52a","16474253652b0be22d"]}