{"sections":{"1647423018ec0987b8":{"type":"collection-background-text","blocks":{"da1a7acb-637e-426d-9cf1-29012b813d41":{"type":"image","settings":{"image":"shopify:\/\/shop_images\/thermal_imager_banner.jpg","image_mb":"shopify:\/\/shop_images\/thermal_imager_banner_mobile_5a04cb3c-1303-4c53-802c-f8dca7236e62.jpg","subtitle":"","title":"INFARED THERMAL IMAGER","text":"<br><br>Infared or Visiable Light Camera <br> 6 Color Pallates | 3.5 inch Color LCD <br>Automatic Hot\/Cold Spot Tracker","title_color":"#ffffff","text_color":"#ffffff","text_bg_color":"#3c3c3c","btn":"","link":"shopify:\/\/collections\/thermal-imagers","content_x_position":38}}},"block_order":["da1a7acb-637e-426d-9cf1-29012b813d41"],"settings":{"margin_top":0}},"1647487239e9af824c":{"type":"product-image_text_link","settings":{"bg_color":"#f4f4f4","title_color":"#3c3c3c","text_color":"#3c3c3c","padding_top":6,"padding_bottom":6,"image":"shopify:\/\/shop_images\/TR120_fe264f94-9bc3-4f71-a41d-d77311434531.png","max_image_width":100,"layout":"left","title":"TR120 | DUAL-CAMERA","text":"<p>Mileseey TR120 infrared thermal scanner is designed with infrared, visible light and an automatic hot\/cold spot tracker, providing people with Visible Light Camera<\/p>","button_label":"Learn More","button_link":"shopify:\/\/products\/infrared-thermal-imaging-camera-tr120"}},"1647487230009c6943":{"type":"product-image_text_link","settings":{"bg_color":"#f4f4f4","title_color":"#3c3c3c","text_color":"#000000","padding_top":6,"padding_bottom":6,"image":"shopify:\/\/shop_images\/TR120E.png","max_image_width":100,"layout":"right","title":"TR120E | PORTABLE <br>THERMAL IMAGAER","text":"<p>TR120E is a mini thermal imager with rich functions including infared thermal scanning, 6 color pallates and hot spot alert etc<\/p>","button_label":"LEARN MORE","button_link":"shopify:\/\/products\/compact-infrared-thermal-temperature-scanner-tr120e"}},"164748724521845f54":{"type":"product-image_text_link","disabled":true,"settings":{"bg_color":"#f4f4f4","title_color":"#3c3c3c","text_color":"#000000","padding_top":6,"padding_bottom":6,"max_image_width":100,"layout":"right","title":"Image with text","text":"","button_label":"","button_link":""}},"164748727719e55fb1":{"type":"collection-icons-text","blocks":{"1647487277077cec8a-0":{"type":"logo_image","settings":{"image":"shopify:\/\/shop_images\/2_in_1.png","icon_svg":"","title":"Infared or <br>Visiable Light"}},"1647487277077cec8a-1":{"type":"logo_image","settings":{"image":"shopify:\/\/shop_images\/6_colors.png","icon_svg":"","title":"6 Colors <br>Palattes"}},"1647487277077cec8a-2":{"type":"logo_image","settings":{"image":"shopify:\/\/shop_images\/high_temp_alert.png","icon_svg":"","title":"Hot\/Cold<br> Spot Alert"}},"1647487277077cec8a-3":{"type":"logo_image","settings":{"image":"shopify:\/\/shop_images\/lightness_351f0e28-7e6d-471c-9cc7-d31f3b5f5622.png","icon_svg":"","title":"HD Color <br>Display Screen"}},"cedfbf1d-5056-4a04-85d5-5fececcabbb0":{"type":"logo_image","settings":{"image":"shopify:\/\/shop_images\/usb_charging.png","icon_svg":"","title":"USB Connection"}},"aa50c058-3801-460b-9691-74da8174b12d":{"type":"logo_image","settings":{"image":"shopify:\/\/shop_images\/large_screen.jpg","icon_svg":"","title":"Large Screen"}},"720e3937-b399-4bf6-9af9-69b13e2c91c1":{"type":"logo_image","settings":{"image":"shopify:\/\/shop_images\/portable_c180fb56-d64f-43db-a7f5-51002b403b91.png","icon_svg":"","title":"Portable Size"}},"5953b675-e9d1-4d11-841c-f6857e85c808":{"type":"logo_image","settings":{"image":"shopify:\/\/shop_images\/IP65_5a9fa8ce-0efc-4d28-9a34-0ce068c89b7b.png","icon_svg":"","title":"Waterproof"}}},"block_order":["1647487277077cec8a-0","1647487277077cec8a-1","1647487277077cec8a-2","1647487277077cec8a-3","cedfbf1d-5056-4a04-85d5-5fececcabbb0","aa50c058-3801-460b-9691-74da8174b12d","720e3937-b399-4bf6-9af9-69b13e2c91c1","5953b675-e9d1-4d11-841c-f6857e85c808"],"settings":{"bg_color":"#e2e2e2","text_color":"#3c3c3c"}},"1647487290eedfb770":{"type":"collection-twoimage_text","disabled":true,"blocks":{"16474872909f725417-0":{"type":"image","settings":{"image":"shopify:\/\/shop_images\/2_642d0440-dede-42cc-bc88-cb1372a1df8e.jpg"}},"16474872909f725417-1":{"type":"image","settings":{"image":"shopify:\/\/shop_images\/1_8a401ade-256a-40a8-b9a2-3007afed7db1.jpg"}}},"block_order":["16474872909f725417-0","16474872909f725417-1"],"settings":{"bg_color":"","title":"","title_color":"#3c3c3c","text":"","text_color":"#000000"}},"1647487303399dfbcc":{"type":"collection_featured_functions","blocks":{"1647487303d81f0dd4-0":{"type":"image","settings":{"image":"shopify:\/\/shop_images\/equipment_check.jpg","image_mb":"shopify:\/\/shop_images\/equipment_check_f2dc95ad-42c0-41b6-a8db-e069524fdf74.jpg","icon":"","icon_text":"Equipment Check","content":""}},"1647487303d81f0dd4-1":{"type":"image","settings":{"image":"shopify:\/\/shop_images\/floor_heating.jpg","image_mb":"shopify:\/\/shop_images\/floor_heating_fad85588-5195-4cc7-a75e-c126cad51838.jpg","icon":"","icon_text":"Floor Heating","content":""}},"1647487303d81f0dd4-2":{"type":"image","settings":{"image":"shopify:\/\/shop_images\/electronics_components.jpg","image_mb":"shopify:\/\/shop_images\/electronics_components_991e572b-3b00-4bce-9eec-6f389912655b.jpg","icon":"","icon_text":"Electronics Check","content":""}},"1647487303d81f0dd4-3":{"type":"image","settings":{"image":"shopify:\/\/shop_images\/electricity_project1.jpg","image_mb":"shopify:\/\/shop_images\/electricity_project1_7153a0ac-9f4c-4bc2-b42e-f0c4ed1f6213.jpg","icon":"","icon_text":"Electricity Project","content":""}},"dc165548-66cd-45a9-8e77-7c959a4d56d4":{"type":"image","disabled":true,"settings":{"icon":"","icon_text":"TEXT1","content":""}}},"block_order":["1647487303d81f0dd4-0","1647487303d81f0dd4-1","1647487303d81f0dd4-2","1647487303d81f0dd4-3","dc165548-66cd-45a9-8e77-7c959a4d56d4"],"settings":{"title":"Applications"}},"1647487329d0eeadab":{"type":"compare-collection-template","settings":{"bg_color":"#f6f6f6","title":"Find the right termal imager","text":"","per_row":2}},"1647487342dd7de38c":{"type":"testimonials","disabled":true,"blocks":{"1647487342b7d7994c-0":{"type":"testimonials","settings":{"testimonial":"<p>Add customer reviews and testimonials to showcase your store’s happy customers.<\/p>","author":"Author name"}},"1647487342b7d7994c-1":{"type":"testimonials","settings":{"testimonial":"<p>Add customer reviews and testimonials to showcase your store’s happy customers.<\/p>","author":"Author name"}}},"block_order":["1647487342b7d7994c-0","1647487342b7d7994c-1"],"settings":{"margin_top":0,"title":"Professional solutions, by professional users.","color_bg":"#f1f7f9","color_text":"#1c1d1d","color_arrow_bg":"#e3edf0"}},"1647510793c314307e":{"type":"about-corporate-video","disabled":true,"settings":{"title":"PRODUCT VIDEO","bg_color":"#f2f2f2"}}},"order":["1647423018ec0987b8","1647487239e9af824c","1647487230009c6943","164748724521845f54","164748727719e55fb1","1647487290eedfb770","1647487303399dfbcc","1647487329d0eeadab","1647487342dd7de38c","1647510793c314307e"]}