{"sections":{"1647422945e5cf4477":{"type":"collection-background-text","disabled":true,"blocks":{"f4fb05cd-ce3c-40df-a019-6302b7defd0f":{"type":"image","settings":{"image":"shopify:\/\/shop_images\/banner_1920x800_2.jpg","subtitle":"","title":"NIGHT VISION","text":"we use at night","title_color":"#ffffff","text_color":"#d3d3d3","text_bg_color":"#282d1f","btn":"Shop Now","link":"","content_x_position":50}}},"block_order":["f4fb05cd-ce3c-40df-a019-6302b7defd0f"],"settings":{"margin_top":0}},"1647485991395665dc":{"type":"product-image_text_link","disabled":true,"settings":{"bg_color":"#f4f4f4","title_color":"#3c3c3c","text_color":"#000000","padding_top":4,"padding_bottom":4,"image":"shopify:\/\/shop_images\/2_1fb66a69-8921-4905-8a6f-465e7d983345.png","max_image_width":100,"layout":"left","title":"Image with text","text":"<p>Pair large text with an image to give focus to your chosen product, collection, or blog post. Add details on availability, style, or even provide a review.<\/p>","button_label":"","button_link":""}},"164748600038447e10":{"type":"product-image_text_link","disabled":true,"settings":{"bg_color":"#000000","title_color":"#ffffff","text_color":"#ffffff","padding_top":4,"padding_bottom":4,"image":"shopify:\/\/shop_images\/bc13a99bc108f9f39a296244209bdecd.png","max_image_width":100,"layout":"right","title":"Image with text","text":"<p>Pair large text with an image to give focus to your chosen product, collection, or blog post. Add details on availability, style, or even provide a review.<\/p>","button_label":"","button_link":""}},"1647486030202179fe":{"type":"collection-icons-text","disabled":true,"blocks":{"1647486030fd4a6858-0":{"type":"logo_image","settings":{"image":"shopify:\/\/shop_images\/1_2aa4ed9f-983b-4d7f-960b-6688b2c37cb0.png","icon_svg":"","title":"Not afraid of night<br>and day"}},"1647486030fd4a6858-1":{"type":"logo_image","settings":{"image":"shopify:\/\/shop_images\/2_5a6b53d3-7263-4b54-a437-e5dd59ff20ac.png","icon_svg":"","title":"Video"}},"1647486030fd4a6858-2":{"type":"logo_image","settings":{"image":"shopify:\/\/shop_images\/8_2e8b9e22-38a8-45af-b7d3-eb0ef566ef2d.png","icon_svg":"","title":"Replay"}},"1647486030fd4a6858-3":{"type":"logo_image","settings":{"image":"shopify:\/\/shop_images\/4_007e58a0-03ad-470d-ab8d-e6fc9b15eab5.png","icon_svg":"","title":"Take pictures"}},"f2265b66-5305-4369-bd4b-e46060172cae":{"type":"logo_image","settings":{"image":"shopify:\/\/shop_images\/5_8965407e-9d1c-493b-bed0-efe6a5cea643.png","icon_svg":"","title":"Large storage"}},"01e38cfa-08e3-4bcb-bf81-dc595666ac8f":{"type":"logo_image","settings":{"image":"shopify:\/\/shop_images\/6_79c911a5-6e06-407f-9795-1a39cdbf66c9.png","icon_svg":"","title":"USB connection"}},"73455138-8302-49e9-8ffa-b448a66d92c8":{"type":"logo_image","settings":{"image":"shopify:\/\/shop_images\/7_86654006-50f4-4478-9161-a4279df696df.png","icon_svg":"","title":"HD night vision"}},"25d5d878-4479-496a-a341-8ae80748de62":{"type":"logo_image","settings":{"image":"shopify:\/\/shop_images\/3_a941ec87-7275-43d6-990e-dad8cd8e42f2.png","icon_svg":"","title":"Auxiliary light source"}}},"block_order":["1647486030fd4a6858-0","1647486030fd4a6858-1","1647486030fd4a6858-2","1647486030fd4a6858-3","f2265b66-5305-4369-bd4b-e46060172cae","01e38cfa-08e3-4bcb-bf81-dc595666ac8f","73455138-8302-49e9-8ffa-b448a66d92c8","25d5d878-4479-496a-a341-8ae80748de62"],"settings":{"bg_color":"#000000","text_color":"#ffffff"}},"16481928166b192f4f":{"type":"background-text","disabled":true,"blocks":{"3bff5425-4582-412f-b53a-20547ce6ce1a":{"type":"image","settings":{"image":"shopify:\/\/shop_images\/5c63992d4ce5e2e4bb652d7e0679c949_52a20b9d-a31b-4627-8a16-72275a8ba90d.jpg","title":"","text":"","text_color":"#ffffff","text_bg_color":"#282d1f","btn":"Shop Now","link":"","content_x_position":14}}},"block_order":["3bff5425-4582-412f-b53a-20547ce6ce1a"],"settings":{"margin_top":0}},"16474860516b27ed01":{"type":"product-image_text_link","disabled":true,"settings":{"bg_color":"#0a0000","title_color":"#fdfafa","text_color":"#ffffff","padding_top":6,"padding_bottom":0,"image":"shopify:\/\/shop_images\/collection-image04.png","max_image_width":100,"layout":"right","title":"Image with text","text":"<p>Pair large text with an image to give focus to your chosen product, collection, or blog post. Add details on availability, style, or even provide a review.<\/p>","button_label":"","button_link":""}},"16474860737d99a14b":{"type":"collection-twoimage_text","blocks":{"1647486073d9450d67-0":{"type":"image","settings":{"image":"shopify:\/\/shop_images\/a603f676ec66f0b987a5deebc2f2b61a_ee19c3dd-2a67-4c8d-b2ac-f94934729d35.jpg"}},"1647486073d9450d67-1":{"type":"image","settings":{"image":"shopify:\/\/shop_images\/2_ca76e5fe-32db-44ba-a135-cc2e87fa84ae.jpg"}}},"block_order":["1647486073d9450d67-0","1647486073d9450d67-1"],"settings":{"bg_color":"","title":"","title_color":"#3c3c3c","text":"","text_color":"#000000"}},"16474860859ee97370":{"type":"collection_featured_functions","disabled":true,"blocks":{"164748608555fbdeb0-0":{"type":"image","settings":{"image":"shopify:\/\/shop_images\/ec52588760f39b9c82982806069bef38_214db067-3088-4301-8ebc-bd30d6dbef2b.jpg","icon":"","icon_text":"Hunting","content":""}},"164748608555fbdeb0-1":{"type":"image","settings":{"image":"shopify:\/\/shop_images\/3_bc215964-8756-4bc9-a792-a140236b8d8d.jpg","icon":"","icon_text":"Outdoor Adventure","content":""}},"164748608555fbdeb0-2":{"type":"image","settings":{"image":"shopify:\/\/shop_images\/2_c5a25776-d434-4d2c-9a72-3485afa4bba8.jpg","icon":"","icon_text":"Search Operation","content":""}},"164748608555fbdeb0-3":{"type":"image","disabled":true,"settings":{"icon":"","icon_text":"","content":""}}},"block_order":["164748608555fbdeb0-0","164748608555fbdeb0-1","164748608555fbdeb0-2","164748608555fbdeb0-3"],"settings":{"title":"Featured functions"}},"1647486100e0ea40ef":{"type":"compare-collection-template","settings":{"bg_color":"#f6f6f6","title":"","text":"","per_row":4}},"16475107693058e655":{"type":"about-corporate-video","disabled":true,"blocks":{"77be1ba3-a71c-4bc4-8ce9-0edb3f23bf95":{"type":"video","settings":{"code":"","image":"shopify:\/\/shop_images\/2_322c63fa-e557-4409-a3c0-e837f9e33eac.jpg","title":"","text":""}},"6c1c6c7f-6f8c-4bfa-97f3-0063a4e378eb":{"type":"video","settings":{"code":"","image":"shopify:\/\/shop_images\/TNV10.jpg","title":"","text":""}}},"block_order":["77be1ba3-a71c-4bc4-8ce9-0edb3f23bf95","6c1c6c7f-6f8c-4bfa-97f3-0063a4e378eb"],"settings":{"title":"PRODUCT VIDEO","bg_color":"#f2f2f2"}},"1647486110b211c7cb":{"type":"testimonials","disabled":true,"blocks":{"16474861101744ef4c-0":{"type":"testimonials","settings":{"testimonial":"<p>Add customer reviews and testimonials to showcase your store’s happy customers.<\/p>","author":"Author name"}},"16474861101744ef4c-1":{"type":"testimonials","settings":{"testimonial":"<p>Add customer reviews and testimonials to showcase your store’s happy customers.<\/p>","author":"Author name"}}},"block_order":["16474861101744ef4c-0","16474861101744ef4c-1"],"settings":{"margin_top":0,"title":"Professional solutions, by professional users.","color_bg":"#f1f7f9","color_text":"#1c1d1d","color_arrow_bg":"#e3edf0","image01":"shopify:\/\/shop_images\/image_17.png"}}},"order":["1647422945e5cf4477","1647485991395665dc","164748600038447e10","1647486030202179fe","16481928166b192f4f","16474860516b27ed01","16474860737d99a14b","16474860859ee97370","1647486100e0ea40ef","16475107693058e655","1647486110b211c7cb"]}