{"sections":{"1647422899e0b55169":{"type":"collection-background-text","blocks":{"3bbabccc-729c-45c7-b5c9-50f3fd6b5d22":{"type":"image","settings":{"image":"shopify:\/\/shop_images\/banner_1920x800_3.jpg","subtitle":"test","title":"test","text":"","title_color":"#ffffff","text_color":"#d3d3d3","text_bg_color":"#282d1f","btn":"Shop Now","link":"","content_x_position":50}}},"block_order":["3bbabccc-729c-45c7-b5c9-50f3fd6b5d22"],"settings":{"margin_top":0}},"164742539706b34c46":{"type":"product-image_text_link","settings":{"bg_color":"#f4f4f4","title_color":"#3c3c3c","text_color":"#000000","padding_top":6,"padding_bottom":6,"image":"shopify:\/\/shop_images\/13489afbd07d5a60465364519dda5827_3dd57e24-2f98-485a-844d-734434e9d61a.png","max_image_width":100,"layout":"right","title":"Image with text","text":"<p>Pair large text with an image to give focus to your chosen product, collection, or blog post. Add details on availability, style, or even provide a review.<\/p>","button_label":"","button_link":""}},"16474255389a95318e":{"type":"product-image_text_link","settings":{"bg_color":"#000000","title_color":"#ffffff","text_color":"#ffffff","padding_top":6,"padding_bottom":6,"image":"shopify:\/\/shop_images\/2_9ebdb5df-90d2-499d-90d6-0086caad26ba.png","max_image_width":100,"layout":"left","title":"Image with text - h","text":"<p>Pair large text with an image to give focus to your chosen product, collection, or blog post. Add details on availability, style, or even provide a review.<\/p>","button_label":"","button_link":""}},"16474250765f335141":{"type":"collection-icons-text","blocks":{"16474250762f6d0cc5-0":{"type":"logo_image","settings":{"image":"shopify:\/\/shop_images\/Water-resistant.png","icon_svg":"","title":"TEXT"}},"16474250762f6d0cc5-1":{"type":"logo_image","settings":{"image":"shopify:\/\/shop_images\/900-yard-range.png","icon_svg":"","title":"TEXT"}},"16474250762f6d0cc5-2":{"type":"logo_image","settings":{"image":"shopify:\/\/shop_images\/Pulse-vibration.png","icon_svg":"","title":"TEXT"}},"16474250762f6d0cc5-3":{"type":"logo_image","settings":{"image":"shopify:\/\/shop_images\/Advanced-flag-lock.png","icon_svg":"","title":"TEXT"}},"eda6cf0b-12d3-415b-9bcd-df2afcca9ef0":{"type":"logo_image","settings":{"image":"shopify:\/\/shop_images\/Auto-ambient-display.png","icon_svg":"","title":"TEXT"}},"104cbb17-45bf-4600-bde0-af13ae35c292":{"type":"logo_image","settings":{"image":"shopify:\/\/shop_images\/Slope-switch.png","icon_svg":"","title":"TEXT"}},"ff7e678d-982b-47d8-b0ce-1b87d0ca800b":{"type":"logo_image","settings":{"image":"shopify:\/\/shop_images\/Magnetin-strip.png","icon_svg":"","title":"TEXT"}},"29243e00-f99c-429d-a97d-712962932e27":{"type":"logo_image","settings":{"image":"shopify:\/\/shop_images\/Crystal-clear-display.png","icon_svg":"","title":"TEXT"}}},"block_order":["16474250762f6d0cc5-0","16474250762f6d0cc5-1","16474250762f6d0cc5-2","16474250762f6d0cc5-3","eda6cf0b-12d3-415b-9bcd-df2afcca9ef0","104cbb17-45bf-4600-bde0-af13ae35c292","ff7e678d-982b-47d8-b0ce-1b87d0ca800b","29243e00-f99c-429d-a97d-712962932e27"],"settings":{"bg_color":"#000000","text_color":"#ffffff"}},"1647425565c92e21a7":{"type":"product-image_text_link","settings":{"bg_color":"#f4f4f4","title_color":"#3c3c3c","text_color":"#000000","padding_top":5,"padding_bottom":5,"image":"shopify:\/\/shop_images\/525c60aa9f64cf93c6e03d7d44bf8c42.png","max_image_width":100,"layout":"right","title":"Image with text","text":"<p>Pair large text with an image to give focus to your chosen product, collection, or blog post. Add details on availability, style, or even provide a review.<\/p>","button_label":"","button_link":""}},"1647425574bf028b27":{"type":"product-image_text_link","settings":{"bg_color":"#000000","title_color":"#ffffff","text_color":"#ffffff","padding_top":6,"padding_bottom":0,"image":"shopify:\/\/shop_images\/collection-image04.png","max_image_width":100,"layout":"right","title":"Image with text","text":"<p>Pair large text with an image to give focus to your chosen product, collection, or blog post. Add details on availability, style, or even provide a review.<\/p>","button_label":"","button_link":""}},"164742521560f2e94d":{"type":"collection-twoimage_text","blocks":{"1647425215d64c8277-0":{"type":"image","settings":{"image":"shopify:\/\/shop_images\/1_8a401ade-256a-40a8-b9a2-3007afed7db1.jpg"}},"1647425215d64c8277-1":{"type":"image","settings":{"image":"shopify:\/\/shop_images\/2_642d0440-dede-42cc-bc88-cb1372a1df8e.jpg"}}},"block_order":["1647425215d64c8277-0","1647425215d64c8277-1"],"settings":{"bg_color":"","title":"CONTRAST","title_color":"#3c3c3c","text":"<p>You can contrast two picture<\/p>","text_color":"#000000"}},"1647425154c3a359ce":{"type":"collection_featured_functions","blocks":{"164742515463c858c5-0":{"type":"image","settings":{"image":"shopify:\/\/shop_images\/4cee3798a92fa0c9b7b7727fd8125fc0.jpg","icon":"","icon_text":"text1","content":""}},"164742515463c858c5-1":{"type":"image","settings":{"image":"shopify:\/\/shop_images\/cab8a043cee0a28a31569f4da396bfa7.jpg","icon":"","icon_text":"text2","content":""}},"164742515463c858c5-2":{"type":"image","settings":{"icon":"","icon_text":"text3","content":""}},"164742515463c858c5-3":{"type":"image","settings":{"icon":"","icon_text":"text4","content":""}}},"block_order":["164742515463c858c5-0","164742515463c858c5-1","164742515463c858c5-2","164742515463c858c5-3"],"settings":{"title":"Featured functions"}},"16474252806eb9e52a":{"type":"compare-collection-template","settings":{"bg_color":"#f6f6f6","title":"protect","text":"","per_row":4}},"16474253652b0be22d":{"type":"testimonials","blocks":{"1647425365af20d55c-0":{"type":"testimonials","settings":{"testimonial":"<p>Add customer reviews and testimonials to showcase your store’s happy customers.<\/p>","author":"Author name"}},"1647425365af20d55c-1":{"type":"testimonials","settings":{"testimonial":"<p>Add customer reviews and testimonials to showcase your store’s happy customers.<\/p>","author":"Author name"}}},"block_order":["1647425365af20d55c-0","1647425365af20d55c-1"],"settings":{"margin_top":0,"title":"Professional solutions, by professional users.","color_bg":"#f1f7f9","color_text":"#1c1d1d","color_arrow_bg":"#e3edf0","image01":"shopify:\/\/shop_images\/image_20.png","image02":"shopify:\/\/shop_images\/image_17.png"}},"16475107197be0cdb3":{"type":"about-corporate-video","settings":{"title":"PRODUCT VIDEO","bg_color":"#f2f2f2"}}},"order":["1647422899e0b55169","164742539706b34c46","16474255389a95318e","16474250765f335141","1647425565c92e21a7","1647425574bf028b27","164742521560f2e94d","1647425154c3a359ce","16474252806eb9e52a","16474253652b0be22d","16475107197be0cdb3"]}