{"sections":{"16433526202eff7fcc":{"type":"collection-background-text","blocks":{"86889b6e-fa2e-4ad8-a6e0-cf0f73effb98":{"type":"image","settings":{"image":"shopify:\/\/shop_images\/947e1b9cb3b1245292339184d5f7ed5c.jpg","image_mb":"shopify:\/\/shop_images\/golf_collection_banner_1.jpg","subtitle":"MILESEEY GOLF RANGEFINDERS","title":"Binoculars BPFS2 Long Rangefinder","text":"Long range of 2000m <br>Broader view of 7.5ﾟ","title_color":"#ffffff","text_color":"#ffffff","text_bg_color":"#37452b","btn":"Shop Now","link":"","content_x_position":14}}},"block_order":["86889b6e-fa2e-4ad8-a6e0-cf0f73effb98"],"settings":{"margin_top":0}},"164336113027aa638f":{"type":"collection-image_text_link","settings":{"bg_color":"#f4f4f4","title_color":"#3c3c3c","text_color":"#000000","padding_top":4,"padding_bottom":4,"image":"shopify:\/\/shop_images\/13489afbd07d5a60465364519dda5827_71244181-c716-4709-8079-cd7948c6aada.png","max_image_width":100,"layout":"left","title":"BPFS2 | BINOCULARS <br>\nGOLF RANGEFINDER","text":"<p>The innovative design helps binocular BPFS2 win the German IF Design Award and the Red Dot Design Award<\/p>","button_label":"Learn more","button_link":"shopify:\/\/products\/best-golf-rangefinder-binoculars-bpfs2"}},"16434247809cacef3e":{"type":"collection-image_text_link","settings":{"bg_color":"#ffffff","title_color":"#000000","text_color":"#000000","padding_top":4,"padding_bottom":4,"image":"shopify:\/\/shop_images\/2_9ebdb5df-90d2-499d-90d6-0086caad26ba.png","max_image_width":100,"layout":"right","title":"PFS2 |  STYLISH DESIGN<br>\nTHE HIGH PERFORMANCE","text":"<p>Golf rangefinder with black tone, metal texture and aluminum body, high Accuracy: ±（0.5M+0.001D),                  high transmittance &gt;90%<\/p>","button_label":"Learn More","button_link":"shopify:\/\/products\/golf-rangefinder-with-slope-pfs2"}},"1643441566285c346e":{"type":"collection-image_text_link","settings":{"bg_color":"#ffffff","title_color":"#000000","text_color":"#000000","padding_top":6,"padding_bottom":0,"image":"shopify:\/\/shop_images\/PF280pro.png","max_image_width":90,"layout":"left","title":"PF280PRO  <br>\nERGONOMIC DESIGN","text":"<p>90% soft rubber wrap,  soft touch with diversified measure functions as pulse vibration, magnetic strip, rechargeable, auto height, auto level, angle, speed and P2P measurement etc<\/p>","button_label":"LEARN MORE","button_link":"shopify:\/\/products\/golf-rangefinder-pf280pro"}},"164344115450aef1e7":{"type":"collection-image_text_link","settings":{"bg_color":"#ffffff","title_color":"#3c3c3c","text_color":"#000000","padding_top":5,"padding_bottom":5,"image":"shopify:\/\/shop_images\/golf_rangefinder_PF260_9b6749e9-e36f-4537-b269-54fc7fa0b32b.png","max_image_width":58,"layout":"right","title":"PF260 | MAGNETIC STRIP<br>  \nRechargeable | Slope On\/Off","text":"<p>Scan, flag-lock, golf Slope adjusted, golf Trajectory, pulse vibration, speed measure, watching and measuring, etc.<\/p>","button_label":"LEARN MORE","button_link":"shopify:\/\/products\/mileseey-golf-rangefinder-slope-pf260"}},"16434368402be99270":{"type":"collection-icons-text","blocks":{"164343684054695f5d-0":{"type":"logo_image","settings":{"image":"shopify:\/\/shop_images\/Crystal-clear-display.png","icon_svg":"","title":"Clear Display"}},"b990b944-bc44-4830-9605-2a38c5981d5e":{"type":"logo_image","settings":{"image":"shopify:\/\/shop_images\/Advanced-flag-lock.png","icon_svg":"","title":"flag<br> lock"}},"60f5b4f7-1dba-4929-b5ea-da91d49908f3":{"type":"logo_image","settings":{"image":"shopify:\/\/shop_images\/Pulse-vibration.png","icon_svg":"","title":"Pulse<br> vibration"}},"05e7b0eb-f202-4459-8fcc-2607d694cf27":{"type":"logo_image","settings":{"image":"shopify:\/\/shop_images\/900-yard-range.png","icon_svg":"","title":"long<br> range"}},"164343684054695f5d-2":{"type":"logo_image","settings":{"image":"shopify:\/\/shop_images\/Slope-switch.png","icon_svg":"","title":"Slope <br>on\/off"}},"164343684054695f5d-1":{"type":"logo_image","settings":{"image":"shopify:\/\/shop_images\/Magnetin-strip.png","icon_svg":"","title":"Magnetic <br>strip"}},"164343684054695f5d-3":{"type":"logo_image","settings":{"image":"shopify:\/\/shop_images\/Auto-ambient-display.png","icon_svg":"","title":"Adaptive<br> Ambient"}},"46cea309-4309-470c-a00d-4a2d36a15e0c":{"type":"logo_image","settings":{"image":"shopify:\/\/shop_images\/Water-resistant.png","icon_svg":"","title":"Water<br> resistant"}}},"block_order":["164343684054695f5d-0","b990b944-bc44-4830-9605-2a38c5981d5e","60f5b4f7-1dba-4929-b5ea-da91d49908f3","05e7b0eb-f202-4459-8fcc-2607d694cf27","164343684054695f5d-2","164343684054695f5d-1","164343684054695f5d-3","46cea309-4309-470c-a00d-4a2d36a15e0c"],"settings":{"bg_color":"#000000","text_color":"#ffffff"}},"1643447327db6e6ed6":{"type":"collection-twoimage_text","blocks":{"1643447327d4a4fa54-0":{"type":"image","settings":{"image":"shopify:\/\/shop_images\/golf_compare_1.jpg"}},"1643447327d4a4fa54-1":{"type":"image","settings":{"image":"shopify:\/\/shop_images\/wide_view_2_1.jpg"}}},"block_order":["1643447327d4a4fa54-0","1643447327d4a4fa54-1"],"settings":{"bg_color":"#f1f7f9","title":"Long range | Broad View | Slope on\/off | Magnetic Strip","title_color":"#3c3c3c","text":"<p>The longer range and the broader view bring a totally different experience of golf and outdoor life, the good design, the smart functions and the patent technology make it easy, efficient and accurate<\/p>","text_color":"#000000"}},"1643511573e723c851":{"type":"collection_featured_functions","blocks":{"1643511573fc185f82-0":{"type":"image","settings":{"image":"shopify:\/\/shop_images\/collection-swither-img.png","icon":"<svg width=\"48\" height=\"51\" viewbox=\"0 0 48 51\" fill=\"none\" xmlns=\"http:\/\/www.w3.org\/2000\/svg\"> <path d=\"M20.4517 16.8925C21.0197 17.7875 21.5877 18.648 22.1126 19.5344C23.5669 21.9526 24.3586 24.5686 24.393 27.4084C24.4016 28.0366 24.4619 28.6734 24.5393 29.293C24.72 30.7129 24.4619 32.0984 24.2812 33.4839C23.9369 36.1086 23.5583 38.7332 23.1625 41.3579C23.0506 42.0808 22.8441 42.7864 22.6375 43.4834C22.5429 43.7932 22.3708 44.0858 22.1642 44.344C21.7598 44.8603 21.1746 45.0152 20.5894 44.8001C19.9354 44.5677 19.5654 44.1375 19.6342 43.4404C19.7461 42.2184 19.944 40.9965 20.0989 39.7745C20.3226 37.9846 20.5464 36.1946 20.7013 34.3875C20.5292 34.7575 20.3571 35.1189 20.185 35.489C18.7134 38.6472 16.4502 41.0653 13.3694 42.7004C13.1457 42.8208 12.9047 42.9241 12.6638 43.0015C12.1474 43.1737 11.786 43.0188 11.5365 42.5196C11.1664 41.7882 11.2525 40.833 11.8204 40.2306C12.3282 39.7056 12.8961 39.2496 13.4469 38.759C15.4175 36.9863 17.0526 34.9554 18.2315 32.5717C18.7995 31.4358 18.8511 30.2138 18.679 29.0004C18.4897 27.658 18.2143 26.3241 17.9131 24.9989C17.698 24.0523 17.1644 23.2692 16.4588 22.6066C16.1662 22.3312 15.8822 22.0472 15.5896 21.7718C14.1869 20.5068 13.6964 18.846 13.5329 17.0474C13.4125 15.7308 14.5398 14.1818 16.0888 14.2334C17.5517 14.2851 18.636 13.6052 19.5051 12.4951C19.574 12.4091 19.66 12.3144 19.7547 12.2714C20.5464 11.9444 21.3209 11.5743 22.1384 11.3162C22.7494 11.1269 23.4292 11.0924 23.8509 11.7206C24.2898 12.3661 24.1349 13.0631 23.6616 13.5966C22.758 14.6121 21.7856 15.5673 20.839 16.5397C20.7271 16.6688 20.5808 16.7807 20.4517 16.8925Z\" fill=\"#8A8A8A\"><\/path> <path d=\"M15.2546 7.18555C17.0015 7.19415 18.3956 8.59684 18.3783 10.3438C18.3697 12.0821 16.9498 13.4848 15.2115 13.4761C13.4732 13.4589 12.0705 12.039 12.0791 10.3093C12.0964 8.57103 13.5077 7.18555 15.2546 7.18555Z\" fill=\"#8A8A8A\"><\/path> <path d=\"M42.0001 9.04457C39.6336 10.4128 37.3273 11.7381 34.978 13.0978C34.978 10.3784 34.978 7.71933 34.978 5C37.3273 6.34245 39.6422 7.6763 42.0001 9.04457Z\" fill=\"#8A8A8A\"><\/path> <path d=\"M33.437 5.09473C33.7382 5.09473 34.0222 5.09473 34.332 5.09473C34.332 13.5969 34.332 22.0733 34.332 30.5928C34.048 30.5928 33.7554 30.5928 33.437 30.5928C33.437 22.1078 33.437 13.6228 33.437 5.09473Z\" fill=\"#8A8A8A\"><\/path> <path d=\"M12.8101 13.7603C13.0855 13.8893 13.3609 14.0098 13.6879 14.1561C13.576 14.311 13.49 14.4315 13.3953 14.552C11.9582 16.3763 10.5211 18.2007 9.06676 20.0078C8.84301 20.2832 8.86883 20.4639 9.02373 20.7479C9.36795 21.3847 9.70356 22.0387 9.96173 22.7186C10.2199 23.3898 9.9187 23.7082 9.23026 23.493C8.8258 23.364 8.37832 23.1402 8.12876 22.8218C7.68988 22.2711 7.37148 21.6171 7.02726 20.9889C6.97563 20.8942 7.00144 20.6963 7.07029 20.6102C8.94628 18.3298 10.8395 16.0665 12.7327 13.7947C12.7413 13.7861 12.7585 13.7861 12.8101 13.7603Z\" fill=\"#8A8A8A\"><\/path> <path d=\"M41.8446 32.3654C41.8532 33.1743 41.1992 33.8455 40.3902 33.8627C39.5641 33.8799 38.8843 33.2001 38.8843 32.374C38.8843 31.565 39.5469 30.9024 40.3558 30.9024C41.1733 30.8938 41.8446 31.5564 41.8446 32.3654Z\" fill=\"#8A8A8A\"><\/path> <path class=\"last-path\" d=\"M11.849 1H6C3.23858 1 1 3.23858 1 6V12.1778M36.3388 1H42C44.7614 1 47 3.23858 47 6V12.0515M47 39.9485V45C47 47.7614 44.7614 50 42 50H36.3388M1 39.9485V45C1 47.7614 3.23858 50 6 50H11.7551\" stroke=\"#8A8A8A\" stroke-width=\"2\" stroke-linecap=\"round\"><\/path> <\/svg>","icon_text":"Golf Play","content":""}},"1643511573fc185f82-1":{"type":"image","settings":{"image":"shopify:\/\/shop_images\/4cee3798a92fa0c9b7b7727fd8125fc0.jpg","icon":"<svg width=\"48\" height=\"51\" viewbox=\"0 0 48 51\" fill=\"none\" xmlns=\"http:\/\/www.w3.org\/2000\/svg\"> <path d=\"M31.7265 13.1018C31.3934 13.1864 31.0437 13.2203 30.6941 13.2881C30.6774 13.6268 30.6441 13.9486 30.6274 14.3043C31.46 14.118 32.0595 13.9994 32.6756 13.8639C32.709 12.9663 32.609 12.8816 31.7265 13.1018Z\" fill=\"#8A8A8A\"><\/path> <path d=\"M41.901 34.5942C41.568 34.103 41.3182 33.561 40.9685 33.0868C40.4523 32.3924 40.3191 31.6641 40.4856 30.8004C40.6521 29.8858 40.6355 28.9543 40.7354 28.0227C40.802 27.413 40.5689 26.9896 40.1692 26.5323C39.6197 25.8887 38.9869 25.821 38.2376 25.8549C37.355 25.8887 35.6065 24.737 35.3901 23.9749C34.5575 20.994 33.1087 18.3011 31.61 15.6251C31.4935 15.4219 31.3103 15.2525 31.1604 15.0662C30.9939 14.863 30.8441 14.592 30.6109 14.2871C30.5943 14.5581 30.5776 14.8799 30.5443 15.2017C30.3278 15.0831 30.1613 14.9646 30.0614 14.8291H29.9282C29.9115 14.8291 29.8949 14.846 29.8782 14.846C29.8116 14.863 29.745 14.8799 29.6784 14.8968C29.6285 14.9138 29.5951 14.9138 29.5452 14.9307C29.5285 14.9307 29.5285 14.9307 29.5119 14.9307H29.4952C29.4786 14.9307 29.4786 14.9307 29.4619 14.9307C29.3953 14.9307 29.3454 14.9476 29.2788 14.9476C28.1298 15.1001 27.0973 15.2525 26.0483 15.388C25.4987 15.4557 25.0325 15.6082 24.8327 16.201C24.5829 16.9292 24.0334 17.251 23.3007 17.4204C22.1017 17.6914 21.9185 18.0301 21.9185 19.3173C21.9185 21.2481 20.8695 22.4167 19.0377 22.6708C18.0886 22.7893 17.0894 22.9248 16.2402 23.3144C15.1911 23.7886 14.2419 24.5169 13.2928 25.1943C12.9764 25.4145 12.6933 25.7702 12.5434 26.1258C11.9606 27.5655 11.4777 29.022 10.8949 30.4616C10.7284 30.885 10.4453 31.3085 10.1122 31.5964C8.54694 32.9344 6.93169 34.2385 5.34974 35.5596C5.21653 35.6612 5.11661 35.8136 4.9834 35.966H42.9834C42.6004 35.5088 42.2341 35.0684 41.901 34.5942ZM23.1674 22.4845C22.5846 23.2974 22.6179 23.3144 21.3857 23.1281C22.4015 22.1965 22.5513 20.994 22.5846 19.7407C22.6013 18.7753 22.9676 18.4197 24.0001 18.2672C23.3839 19.6391 24.0667 21.2142 23.1674 22.4845ZM30.3778 15.9638C30.5776 15.9638 30.8774 16.1163 30.9606 16.2856C32.0597 18.4366 33.1254 20.5876 34.2078 22.7554C34.2577 22.8571 34.2577 22.9587 34.3243 23.2127C32.9089 22.061 32.0263 20.5029 30.3944 19.7915C30.1447 21.5021 30.944 22.7216 32.5759 23.1958C33.6416 23.5007 34.0246 24.2628 33.6249 25.4653C33.192 24.2628 32.1096 24.0426 31.1937 23.6531C29.3454 22.8571 28.4795 21.4513 28.5461 19.4359C28.5461 19.3342 28.5294 19.2157 28.4961 18.9447C27.9966 19.5714 27.5802 20.1133 27.1639 20.6384C26.0816 19.5714 26.0316 19.4697 26.6977 18.2164C26.9475 17.7422 26.9308 17.3865 26.6144 16.997C26.4646 16.8107 26.3646 16.5736 26.1315 16.184C27.6469 16.1163 29.0123 16.0146 30.3778 15.9638ZM32.3927 28.1413C32.043 27.2775 31.3436 26.5831 30.2612 26.4984C29.7284 26.4646 29.1955 26.2444 28.6626 26.0581C27.9299 25.821 27.1473 25.6516 26.9974 24.6693C26.9641 24.466 26.6144 24.3475 26.4812 24.1443C26.2647 23.8055 26.0816 23.416 25.8984 23.0434C25.6486 22.5014 25.4155 21.9425 25.149 21.3158C26.0649 21.8239 27.2472 21.8578 27.6469 23.145C27.9799 24.1612 28.7459 24.7032 29.7783 24.8895C31.6434 25.2282 32.809 26.4984 33.7415 28.0566C34.1911 28.8018 34.6907 29.4962 35.3235 30.4447C34.0912 29.7672 32.9256 29.4624 32.3927 28.1413ZM38.6872 29.2253C38.8037 28.2768 38.3541 27.8364 37.405 27.7687C37.2051 27.7518 37.022 27.7687 36.8221 27.7687C35.1902 27.7687 34.8405 27.3792 34.9571 25.5839C35.5066 25.8549 35.9729 26.1258 36.4558 26.2952C37.1552 26.5154 37.8712 26.7356 38.5873 26.8202C39.4865 26.9219 39.986 27.3622 39.986 28.3107C39.986 28.6494 39.986 28.9881 39.9028 29.3269C39.653 30.4108 39.4698 31.4778 40.1359 32.494C39.0036 31.6811 38.5207 30.631 38.6872 29.2253Z\" fill=\"#8A8A8A\"><\/path> <path class=\"last-path\" d=\"M11.849 1H6C3.23858 1 1 3.23858 1 6V12.1778M36.3388 1H42C44.7614 1 47 3.23858 47 6V12.0515M47 39.9485V45C47 47.7614 44.7614 50 42 50H36.3388M1 39.9485V45C1 47.7614 3.23858 50 6 50H11.7551\" stroke=\"#8A8A8A\" stroke-width=\"2\" stroke-linecap=\"round\"><\/path> <\/svg>","icon_text":"Mountaineering","content":""}},"1643511573fc185f82-2":{"type":"image","settings":{"image":"shopify:\/\/shop_images\/cab8a043cee0a28a31569f4da396bfa7.jpg","icon":"<svg width=\"50\" height=\"50\" viewbox=\"0 0 50 50\" fill=\"none\" xmlns=\"http:\/\/www.w3.org\/2000\/svg\"> <path d=\"M0 26.0798C0 25.3369 0 24.6535 0 23.9205C1.48163 23.9205 2.93362 23.9205 4.44488 23.9205C4.80047 18.661 6.7661 14.1245 10.4603 10.4102C14.1644 6.69586 18.6784 4.73469 23.9233 4.36821C23.9233 2.89237 23.9233 1.45616 23.9233 -0.00976562C24.6543 -0.00976562 25.3457 -0.00976562 26.0865 -0.00976562C26.0865 1.44626 26.0865 2.89237 26.0865 4.3484C26.8471 4.44745 27.5682 4.49697 28.2695 4.62573C35.1541 5.86385 40.2015 9.61781 43.4216 15.8183C44.6661 18.2054 45.3378 20.7806 45.5057 23.4748C45.5255 23.8512 45.6835 23.9304 46.0194 23.9205C47.3331 23.9007 48.6468 23.9106 50 23.9106C50 24.6337 50 25.327 50 26.0699C48.5381 26.0699 47.0763 26.0699 45.565 26.0699C45.2094 31.3294 43.2537 35.8658 39.5496 39.5802C35.8554 43.2846 31.3611 45.2557 26.1063 45.6123C26.1063 47.0782 26.1063 48.5144 26.1063 50.0001C25.3556 50.0001 24.6642 50.0001 23.9233 50.0001C23.9233 48.5441 23.9233 47.098 23.9233 45.6519C23.0047 45.5231 22.1158 45.434 21.2564 45.2656C15.6657 44.1959 11.2406 41.2838 8.00079 36.5988C5.90676 33.5778 4.74121 30.2002 4.49427 26.5156C4.46464 26.1293 4.31648 26.06 3.98064 26.0699C2.67681 26.0996 1.3631 26.0798 0 26.0798ZM6.36112 26.0798C6.68708 35.7866 15.1422 43.5124 23.9431 43.6709C23.9431 42.3337 23.9431 40.9966 23.9431 39.6693C24.6938 39.6693 25.3753 39.6693 26.1063 39.6693C26.1063 41.0362 26.1063 42.3635 26.1063 43.6907C35.7862 43.354 43.4907 34.8555 43.629 26.06C42.2955 26.06 40.9621 26.06 39.6484 26.06C39.6484 25.3072 39.6484 24.6238 39.6484 23.9007C41.0115 23.9007 42.335 23.9007 43.6586 23.9007C43.3129 14.1345 34.7886 6.45814 26.0766 6.32938C26.0766 7.66654 26.0766 9.00371 26.0766 10.3211C25.326 10.3211 24.6444 10.3211 23.9233 10.3211C23.9233 8.95418 23.9233 7.62692 23.9233 6.29966C14.273 6.63643 6.53892 15.0952 6.40063 23.9304C7.7341 23.9304 9.06756 23.9304 10.3911 23.9304C10.3911 24.6832 10.3911 25.3666 10.3911 26.0798C9.02805 26.0798 7.71434 26.0798 6.36112 26.0798Z\" fill=\"#8A8A8A\"><\/path> <path d=\"M21.6023 19.9089C21.7603 21.0975 21.9283 22.2464 22.0764 23.3954C22.1159 23.7223 22.2937 23.8609 22.6098 23.9105C24.9804 24.2373 27.2621 24.8713 29.4846 25.7528C29.7117 25.8419 29.9883 25.8023 30.2352 25.8023C30.6402 25.8122 31.0452 25.7726 31.4502 25.8221C31.6181 25.8419 31.9144 26.0797 31.8947 26.149C31.8255 26.3966 31.6872 26.7631 31.4996 26.8225C31.1045 26.9315 31.0452 27.1593 30.9958 27.4961C30.8872 28.1795 30.7192 28.8431 30.6303 29.5266C30.5711 30.0119 30.7489 30.4279 31.1934 30.7052C31.4798 30.8736 31.549 31.1312 31.5193 31.4679C31.3514 33.1419 31.2032 34.8059 31.0353 36.4798C30.9958 36.9255 30.6995 37.193 30.1957 37.1633C30.2945 36.7572 30.3439 36.361 30.4822 35.9846C31.0946 34.271 30.6995 32.7952 29.5142 31.4679C29.1685 31.0816 28.9117 30.6359 28.5462 30.2397C28.6845 30.6953 28.8228 31.1411 28.9512 31.5967C28.9808 31.7155 29.0203 31.9236 28.9709 31.9632C28.2795 32.4089 28.3585 33.1914 28.1412 33.8352C27.993 34.2512 27.9634 34.7068 27.835 35.1327C27.7066 35.5587 27.5683 36.0044 27.3214 36.3511C27.2028 36.5095 26.7979 36.46 26.4225 36.5194C26.5509 36.1431 26.6299 35.8855 26.7386 35.628C27.0646 34.8158 27.3905 34.0135 27.7264 33.2112C27.9733 32.607 27.8646 32.0622 27.5288 31.5274C27.2226 31.0321 26.9658 30.5071 26.6695 29.9525C25.5632 30.2595 24.368 30.4378 23.1629 29.9822C23.1333 30.0218 23.0839 30.0614 23.0839 30.101C23.1629 31.7651 23.2321 33.4192 23.3309 35.0832C23.3407 35.2912 23.3901 35.519 23.4988 35.6973C23.8149 36.2223 23.8642 36.7274 23.4296 37.2623C23.1333 37.2623 22.758 37.2623 22.3925 37.2623C22.3826 37.2128 22.353 37.1732 22.3629 37.1534C23.0345 36.3411 22.758 35.4398 22.5703 34.5682C22.2838 33.231 21.948 31.9136 21.622 30.5864C21.464 29.9525 21.2862 29.8732 20.6639 30.0713C19.8243 30.3388 19.5478 30.735 19.6367 31.6165C19.7058 32.29 19.7848 32.9537 20.338 33.4588C20.4367 33.548 20.4269 33.7659 20.4565 33.9243C20.4861 34.0531 20.4763 34.2413 20.5553 34.2908C21.0492 34.588 20.8022 34.9842 20.7528 35.3804C20.1108 35.3011 19.8638 34.8851 19.7157 34.3701C19.3601 33.1419 19.0341 31.9037 18.6687 30.6854C18.56 30.319 18.5403 29.9822 18.8168 29.7247C19.9231 28.6648 19.5181 27.5654 18.8959 26.4461C18.7773 26.4957 18.6687 26.5452 18.56 26.5848C18.0958 24.9505 18.3625 23.3954 18.8761 21.8602C19.044 21.3451 18.9452 21.1965 18.4119 21.2163C18.0859 21.2262 17.7599 21.3055 17.434 21.3055C17.2364 21.3055 16.9994 21.246 16.8512 21.1272C16.5154 20.8399 16.5845 20.5428 17.0092 20.4636C17.6809 20.3348 18.155 19.9584 18.6292 19.4929C18.8168 19.3047 19.1329 19.2354 19.3996 19.1363C19.7157 19.0174 20.0515 18.9184 20.3775 18.8193C20.3775 18.75 20.3874 18.6906 20.3874 18.6212C20.1503 18.4628 19.9231 18.2746 19.6762 18.1458C18.9354 17.7496 18.5106 17.1157 18.4316 16.3035C18.3822 15.7686 18.4612 15.2239 18.5106 14.6791C18.5205 14.5503 18.6588 14.4315 18.7378 14.3126C18.7971 14.4612 18.9156 14.6098 18.9057 14.7583C18.807 15.6795 19.0638 16.4719 19.6861 17.1652C19.8935 17.393 20.0713 17.4228 20.3281 17.3039C20.9504 17.0166 21.2763 16.5115 21.3652 15.8479C21.4541 15.1842 21.5233 14.5107 21.7307 13.7777C21.7998 13.9461 21.9283 14.1046 21.9381 14.273C21.9579 14.8673 21.9184 15.4616 21.9381 16.0559C21.9678 17.2048 22.916 17.7298 23.9531 17.1652C24.5655 16.8384 24.9211 16.3431 25.0298 15.6201C25.1286 14.9267 25.3261 14.2433 25.5533 13.5697C25.6521 13.2726 25.9385 13.0448 26.1361 12.7773C26.1953 12.8071 26.2447 12.8368 26.304 12.8665C26.1953 13.3617 26.0768 13.8669 25.9682 14.3621C25.899 14.6791 25.7805 14.996 25.7607 15.3229C25.741 15.5606 25.8496 15.8082 25.899 16.0559C26.1262 15.9271 26.4423 15.8578 26.5707 15.6696C26.8176 15.2932 26.9757 14.8475 27.1535 14.4315C27.3313 14.0254 27.4992 13.6094 27.677 13.1934C27.7264 13.2033 27.7757 13.2231 27.835 13.233C27.8548 13.3518 27.9041 13.4707 27.8943 13.5895C27.8153 14.1937 27.7659 14.7979 27.6276 15.3922C27.3905 16.3728 26.7781 17.0563 25.8299 17.393C24.7038 17.7991 23.558 18.1656 22.432 18.542C22.2542 18.6014 22.0665 18.6708 21.79 18.7599C22.1949 18.8094 22.5011 18.8193 22.7876 18.8986C23.1037 18.9778 23.1629 19.1759 22.9456 19.4533C22.59 19.79 22.2345 19.9485 21.6023 19.9089Z\" fill=\"#8A8A8A\"><\/path> <\/svg>","icon_text":"Hunting","content":""}}},"block_order":["1643511573fc185f82-0","1643511573fc185f82-1","1643511573fc185f82-2"],"settings":{"title":"Featured functions"}},"16441981783ce4890c":{"type":"compare-collection-template","settings":{"bg_color":"#f6f6f6","title":"COMPARE RANGEFINDER","text":"","per_row":4}},"16442229649202314b":{"type":"video-switcher","blocks":{"822c8d25-4499-4551-a4e0-7c79c380a183":{"type":"video","settings":{"code":"K-Cb3MgXivw","image":"shopify:\/\/shop_images\/1_f9164db3-39b4-4145-9898-b0150aa89a33_1.jpg","image_mb":"shopify:\/\/shop_images\/Mask_Group_5_1.png","title":"BPFS2 GOLF RANGEFINDER","text":"Mileseey BPFS2 Binocular Laser Rangefinder IF Design Award and Red Dot Award-winning products"}},"9005f840-a121-4da9-8021-62ec6119919a":{"type":"video","disabled":true,"settings":{"code":"-qS0p75y74s","image":"shopify:\/\/shop_images\/PF260_953803c4-55b7-41e4-8f65-3cadb59db992.jpg","image_mb":"shopify:\/\/shop_images\/PF260_953803c4-55b7-41e4-8f65-3cadb59db992.jpg","title":"PF260 Rangefinder","text":"Test2"}},"70485428-b3b7-4ab8-afac-2ae64b691313":{"type":"video","disabled":true,"settings":{"code":"GQurY6KS6Yg","image":"shopify:\/\/shop_images\/PFS2_fd84bbba-695b-4f4a-844e-c2cb924a06d8.jpg","image_mb":"shopify:\/\/shop_images\/PFS2_fd84bbba-695b-4f4a-844e-c2cb924a06d8.jpg","title":"PFS2 Rangefinder","text":"Test 3"}}},"block_order":["822c8d25-4499-4551-a4e0-7c79c380a183","9005f840-a121-4da9-8021-62ec6119919a","70485428-b3b7-4ab8-afac-2ae64b691313"],"settings":{"title":"PRODUCT VIDEO","bg_color":"#f2f2f2"}},"16443752865ed5fcc1":{"type":"testimonials","blocks":{"1644375286b4204ea1-0":{"type":"testimonials","settings":{"image":"shopify:\/\/shop_images\/001.png","testimonial":"<p>For the professional golfer, the most important partof your game is accuracy.l love Mileseey becuase it's such an accurate range finder.<\/p>","author":"Raymond Milgram"}},"54ce3ec9-531a-406c-b329-400965430bd9":{"type":"testimonials","settings":{"image":"shopify:\/\/shop_images\/review-customer-icon.png","testimonial":"<p>I am a huge fan of the Mileseey brand and love the different designs so much, have bought several models as gift for my  friends, they are really amazing!<\/p>","author":"Olivia Friedle"}},"1644375286b4204ea1-1":{"type":"testimonials","disabled":true,"settings":{"image":"shopify:\/\/shop_images\/review-customer-icon.png","testimonial":"","author":""}}},"block_order":["1644375286b4204ea1-0","54ce3ec9-531a-406c-b329-400965430bd9","1644375286b4204ea1-1"],"settings":{"margin_top":0,"title":"What Golfers Are Saying About Mileseey","color_bg":"#ffffff","color_text":"#1c1d1d","color_arrow_bg":"#e3edf0"}},"164422796732aad298":{"type":"collection-saying","disabled":true,"blocks":{"164422796780eb50f7-0":{"type":"saying","settings":{"image":"shopify:\/\/shop_images\/review-customer-icon.png","testimonial":"<p>For the professional golfer,the most important partof your game is accuracy. 1 love Blue Tees becuase it's such an accurate rangefinder.<\/p>","author":"Alex Haynes"}},"164422796780eb50f7-1":{"type":"saying","settings":{"image":"shopify:\/\/shop_images\/review-customer-icon.png","testimonial":"<p>For the professional golfer,the most important partof your game is accuracy. 1 love Blue Tees becuase it's such an accurate rangefinder.<\/p>","author":"Alex Haynes"}},"6e1f467d-2ec3-45db-8406-ce8911d9a12b":{"type":"saying","settings":{"image":"shopify:\/\/shop_images\/review-customer-icon.png","testimonial":"<p>For the professional golfer,the most important partof your game is accuracy. 1 love Blue Tees becuase it's such an accurate rangefinder.<\/p>","author":"Alex Haynes"}}},"block_order":["164422796780eb50f7-0","164422796780eb50f7-1","6e1f467d-2ec3-45db-8406-ce8911d9a12b"],"settings":{"margin_top":0,"title":"What Golfers Are Saying About Blue Tees","color_bg":"#ffffff","color_text":"#1c1d1d"}}},"order":["16433526202eff7fcc","164336113027aa638f","16434247809cacef3e","1643441566285c346e","164344115450aef1e7","16434368402be99270","1643447327db6e6ed6","1643511573e723c851","16441981783ce4890c","16442229649202314b","16443752865ed5fcc1","164422796732aad298"]}