{"sections":{"page-header":{"type":"page-header","settings":{"pc_image":"shopify:\/\/shop_images\/pc-shipping-policy.png","mb_image":"shopify:\/\/shop_images\/mb-shipping-policy.png","title":"Shipping and Fulfilment","mb_title":"Manuals","title_color":"#ffffff","description":"<p>See What Mileseey Is Always Chasing For<\/p>","desc_color":"#ffffff"}},"1645673231276b922b":{"type":"policy-content","blocks":{"f6816050-98f1-411f-89c9-00dcca64b300":{"type":"image","settings":{"image":"shopify:\/\/shop_images\/image_121.png"}},"48e435bc-bf4b-41ca-bf37-db4a76b9c0df":{"type":"image","settings":{"image":"shopify:\/\/shop_images\/image_122.png"}},"1754a90b-2f7c-46f1-86fd-efbdc33da865":{"type":"image","settings":{"image":"shopify:\/\/shop_images\/image_123.png"}}},"block_order":["f6816050-98f1-411f-89c9-00dcca64b300","48e435bc-bf4b-41ca-bf37-db4a76b9c0df","1754a90b-2f7c-46f1-86fd-efbdc33da865"],"settings":{"title":"Order tracking","desc":"<p>Thank you for ordering our product, for economic and light package, please kindly track the shipment status with the below optional links and the shipping tracking number.<\/p><p><a href=\"http:\/\/track.4px.com\/#\/\" title=\"http:\/\/track.4px.com\/#\/\">1.http:\/\/track.4px.com\/#\/<\/a><\/p><p><a href=\"https:\/\/www.17track.net\/en   (choose carrier as 4PX)\" title=\"https:\/\/www.17track.net\/en   (choose carrier as 4PX)\">2.https:\/\/www.17track.net\/en (choose carrier as 4PX)<\/a><\/p>","text_alignment":"center","title_color":"#000000","desc_color":"#505050","link_color":"#019cb6","margin_top":60,"margin_bottom":50,"mb_margin_top":35,"mb_margin_bottom":25}},"16456750074b0cbeff":{"type":"policy-content","settings":{"title":"Shipping solutions","desc":"<p>We understand customer's concern and build up the complete fulfillment system. We are ready to fulfill each order with the safe, quick, traceable and economic airline package solution.<\/p>","text_alignment":"center","title_color":"#000000","desc_color":"#505050","link_color":"#019cb6","margin_top":50,"margin_bottom":50,"mb_margin_top":25,"mb_margin_bottom":25}},"1645675062f3c968dc":{"type":"policy-content","blocks":{"a915a8f2-5f25-4b1f-9dcd-50a5f489782a":{"type":"image","settings":{"image":"shopify:\/\/shop_images\/image_123.png"}}},"block_order":["a915a8f2-5f25-4b1f-9dcd-50a5f489782a"],"settings":{"title":"Global economic package by airline","desc":"<p>The logistics provider 4PX has established the global delivery network in more than 170 countries with the local official post system.<\/p><p><a href=\"http:\/\/track.4px.com\/#\/\" title=\"http:\/\/track.4px.com\/#\/\">http:\/\/track.4px.com\/#\/<\/a><\/p><p>We provide the free shipping solution for the light package to save shipping cost for customers.<\/p><p>Normally customers can receive the package in 7-12 days and depend on the custom clearance process of the destination country.<\/p>","text_alignment":"center","title_color":"#000000","desc_color":"#505050","link_color":"#019cb6","margin_top":50,"margin_bottom":50,"mb_margin_top":25,"mb_margin_bottom":25}},"164567519255476b88":{"type":"policy-content","blocks":{"40d7b289-7cc6-45fd-b20c-81026760e631":{"type":"image","settings":{"image":"shopify:\/\/shop_images\/image_125.png"}},"1218a402-0be7-4502-83be-552bd30900d7":{"type":"image","settings":{"image":"shopify:\/\/shop_images\/image_126.png"}}},"block_order":["40d7b289-7cc6-45fd-b20c-81026760e631","1218a402-0be7-4502-83be-552bd30900d7"],"settings":{"title":"Fulfillment by local warehouse","desc":"<p>We also have ready stock for the major items in local warehouses in US, UK, Germany and Australia etc with fast delivery solution including FBA service etc.<br\/>Normally customers can receive the package within 3-5 days according to local delivery schedule.<\/p>","text_alignment":"center","title_color":"#000000","desc_color":"#505050","link_color":"#019cb6","margin_top":50,"margin_bottom":50,"mb_margin_top":25,"mb_margin_bottom":25}},"1645677516e376623e":{"type":"policy-content","blocks":{"1df69cde-7797-42cd-a124-ea6312d5b2c6":{"type":"image","settings":{"image":"shopify:\/\/shop_images\/image_127.png"}},"6f873471-3d6e-4f32-a864-98fb547b29c2":{"type":"image","settings":{"image":"shopify:\/\/shop_images\/image_128.png"}},"265af508-1ee3-4e2a-9985-1cf4dfe8d3bf":{"type":"image","settings":{"image":"shopify:\/\/shop_images\/image_129.png"}}},"block_order":["1df69cde-7797-42cd-a124-ea6312d5b2c6","6f873471-3d6e-4f32-a864-98fb547b29c2","265af508-1ee3-4e2a-9985-1cf4dfe8d3bf"],"settings":{"title":"Golbal shipping by express","desc":"<p>For the high value product, we can choose to delivery by DHL and offer the special discount support for the shipping cost.<\/p>","text_alignment":"center","title_color":"#000000","desc_color":"#505050","link_color":"#019cb6","margin_top":50,"margin_bottom":60,"mb_margin_top":25,"mb_margin_bottom":35}}},"order":["page-header","1645673231276b922b","16456750074b0cbeff","1645675062f3c968dc","164567519255476b88","1645677516e376623e"]}