{"sections":{"back-to-link":{"type":"back-to-link","settings":{"class":"Feeder","link":"shopify:\/\/pages\/how-the-feeder-works"}},"1646187717a7dff068":{"type":"how-it-work-detail","blocks":{"40969bd8-07b7-4f4a-8cbb-ca7c5b2266f7":{"type":"video","settings":{"title":"Skip A Feeding","code":"mZImxP_If9E","image":"shopify:\/\/shop_images\/9.png","thumb":"shopify:\/\/shop_images\/e06edfdf7f91fe71b2bc945c86dec801.jpg"}},"595a4743-7877-41a8-894a-020f310ab5ac":{"type":"video","settings":{"title":"Record A Meal Call","code":"uCfF52-1xQg","image":"shopify:\/\/shop_images\/10.png","thumb":"shopify:\/\/shop_images\/e06edfdf7f91fe71b2bc945c86dec801.jpg"}},"6e90420d-8dfd-44ac-a5e0-10a546d03a52":{"type":"video","settings":{"title":"Delete Recordings","code":"Mnud5ixySiU","image":"shopify:\/\/shop_images\/11_12729a9e-9495-48f0-89c2-55f54f12fbcf.png","thumb":"shopify:\/\/shop_images\/e06edfdf7f91fe71b2bc945c86dec801.jpg"}},"8a38ca69-c29a-4f50-b997-4d6b51e4989c":{"type":"video","settings":{"title":"Reset The Feeder","code":"9_i1Dye8buQ","image":"shopify:\/\/shop_images\/13_3b9c9fad-e5b7-41d5-b5ca-ce1faf96146a.png","thumb":"shopify:\/\/shop_images\/e06edfdf7f91fe71b2bc945c86dec801.jpg"}}},"block_order":["40969bd8-07b7-4f4a-8cbb-ca7c5b2266f7","595a4743-7877-41a8-894a-020f310ab5ac","6e90420d-8dfd-44ac-a5e0-10a546d03a52","8a38ca69-c29a-4f50-b997-4d6b51e4989c"],"settings":{"title":"Easy Feed Feeder","subtitle":"AF003","tips":"1.Please use the original 5V power supply.<br>\n2.Change the batteries every 6 months if not in use for a long time.<br>\n3.Suitable for cats and small to medium dogs.<br>\n4.Fill in dry pet food only; kibble sized 2-10mm \/ 0.07-0.4in in diameter.<br>","faq":"Q: Can this be used for wet cat food?<br>\nA: The machine only works with dry food..<br>\n<br>\nQ: Can it work for larger dogs?<br>\nA: This would be more suited for a small or medium pets.<br>\n<br>\nQ: How many pounds of dry cat food can it hold?<br>\nA: This Automatic Cat Feeder can hold 4 liters of dry food, it is suitable for cats and small to medium dogs. You can even feed rabbits, squirrels, guinea pigs or birds.<br>\n<br>\nQ: Will this feeder work with larger kibble sizes?\nA: The grain size applicable to our products is 2-10mm \/ 0.07-0.4in in diameter, and please fill it with dry pet food only.<br>\n<br>\nQ: What is the maximum number of times can food come out per meal?\nA: Up to 50 portions per meal.<br>\n<br>\nQ: How much volume is in each portion?\nA: Each portion is about 12.5ml.<br>\n<br>\nQ: Can it run on battery power only without the power plug, or is the battery only for backup in case the power goes out?\nA: Yes, but we recommended to use it together, so that the feeder can continue to work during power failure or when the battery is dead.","link":"https:\/\/cdn.shopify.com\/s\/files\/1\/0252\/5197\/1119\/files\/Auto_Feeder_User_Guide_PLAF003_4.pdf?v=1624436095"}}},"order":["back-to-link","1646187717a7dff068"]}