{"sections":{"back-to-link":{"type":"back-to-link","settings":{"class":"Feeder","link":"shopify:\/\/pages\/how-the-feeder-works"}},"1646187717a7dff068":{"type":"how-it-work-detail","blocks":{"40969bd8-07b7-4f4a-8cbb-ca7c5b2266f7":{"type":"video","settings":{"title":"Error E1","code":"ho3Cu3x3rPM","image":"shopify:\/\/shop_images\/14_5bb76f96-9226-4eb2-98f5-19a0bada8f21.png","thumb":"shopify:\/\/shop_images\/e06edfdf7f91fe71b2bc945c86dec801.jpg"}},"595a4743-7877-41a8-894a-020f310ab5ac":{"type":"video","settings":{"title":"Abnormal serving portion","code":"qySahLbs2x4","image":"shopify:\/\/shop_images\/15_35121718-e0ac-4f41-9483-ffcec8a64ded.png","thumb":"shopify:\/\/shop_images\/e06edfdf7f91fe71b2bc945c86dec801.jpg"}},"6e90420d-8dfd-44ac-a5e0-10a546d03a52":{"type":"video","settings":{"title":"Abnormal time of food delivery","code":"6s7rvlmMd9Y","image":"shopify:\/\/shop_images\/16_0c7e013b-5fcd-48ab-9be5-86f038623c18.png","thumb":"shopify:\/\/shop_images\/e06edfdf7f91fe71b2bc945c86dec801.jpg"}},"8a38ca69-c29a-4f50-b997-4d6b51e4989c":{"type":"video","settings":{"title":"No delivery of food","code":"i2Ut_wvaQ9w","image":"shopify:\/\/shop_images\/17_fce9017a-97a2-4a1c-92cf-d5182fbb2801.png","thumb":"shopify:\/\/shop_images\/e06edfdf7f91fe71b2bc945c86dec801.jpg"}},"0ab88b21-2664-4aaa-8ba7-de8319082aaf":{"type":"video","settings":{"title":"Delete recordings","code":"m6qUB2EUjb4","image":"shopify:\/\/shop_images\/18.png","thumb":"shopify:\/\/shop_images\/e06edfdf7f91fe71b2bc945c86dec801.jpg"}},"a69cace3-15aa-498e-9ed7-f451077d0556":{"type":"video","settings":{"title":"The setup button not working","code":"g5-PvLGVp_s","image":"shopify:\/\/shop_images\/19.png","thumb":"shopify:\/\/shop_images\/e06edfdf7f91fe71b2bc945c86dec801.jpg"}}},"block_order":["40969bd8-07b7-4f4a-8cbb-ca7c5b2266f7","595a4743-7877-41a8-894a-020f310ab5ac","6e90420d-8dfd-44ac-a5e0-10a546d03a52","8a38ca69-c29a-4f50-b997-4d6b51e4989c","0ab88b21-2664-4aaa-8ba7-de8319082aaf","a69cace3-15aa-498e-9ed7-f451077d0556"],"settings":{"title":"Granary Automatic Feeder","subtitle":"AF005\/AF006","tips":"1.Please use the original 5V power supply.<br>\n2.Change the batteries every 6 months if not in use for a long time.<br>\n3.Suitable for cats and small to medium dogs.<br>\n4.Fill in dry pet food only; kibble sized 2-10mm \/ 0.07-0.4in in diameter.<br>","faq":"Q: Can this be used for wet cat food?<br>\nA: The machine only works with dry food..<br>\n<br>\nQ: Can it work for larger dogs?<br>\nA: This would be more suited for a small or medium pets.<br>\n<br>\nQ: How many pounds of dry cat food can it hold?<br>\nA: This Automatic Cat Feeder can hold 3\/5 liters of dry food, it is suitable for cats and small to medium dogs. You can even feed rabbits, squirrels, guinea pigs or birds.<br>\n<br>\nQ: Will this feeder work with larger kibble sizes?\nA: The grain size applicable to our products is 2-10mm \/ 0.07-0.4in in diameter, and please fill it with dry pet food only.<br>\n<br>\nQ: What is the maximum number of times can food come out per meal?\nA: Up to 50 portions per meal.<br>\n<br>\nQ: How much volume is in each portion?\nA: Each portion is about 20ml\/10g. ≈ 1\/12 cup<br>\n<br>\nQ: How many cups does it dispense a day?\nA: 1 portion is 0.08 cup. 50 servings(4 cups) a meal,and up to 6 meals each day. Total is 24 cups.<br>\n<br>\nQ: How long will the desiccant bag work?\nA: Replace them every two weeks.<br>\n<br>\nQ: Can it run on battery power only without the power plug, or is the battery only for backup in case the power goes out?\nA: Yes, but we recommended to use it together, so that the feeder can continue to work during power failure or when the battery is dead.","link":"https:\/\/cdn.shopify.com\/s\/files\/1\/0252\/5197\/1119\/files\/Auto_Feeder_User_Guide_PLAF005_006.pdf?v=1628494382"}}},"order":["back-to-link","1646187717a7dff068"]}