{"sections":{"165344718314846656":{"type":"promotion-banner","settings":{"image":"shopify:\/\/shop_images\/pc-banner.jpg","image_mb":"shopify:\/\/shop_images\/mb-banner.jpg","title":"Satisfaction Is<br class=\"mb-br\"> A Glance <br class=\"pc-br\">and<br class=\"mb-br\"> A Treat Way","button_label":"SHOP NOW","button_link":"https:\/\/petlibro.com\/products\/petlibro-granary-automatic-pet-feeder-with-camera"}},"1653449661ae51bd5c":{"type":"promotion-icons","disabled":true,"blocks":{"1653449661ef232ee8-0":{"type":"logo_image","settings":{"image":"shopify:\/\/shop_images\/ICON.png","icon_svg":""}},"1653449661ef232ee8-1":{"type":"logo_image","settings":{"image":"shopify:\/\/shop_images\/ICON.png","icon_svg":""}},"1653449661ef232ee8-2":{"type":"logo_image","settings":{"image":"shopify:\/\/shop_images\/ICON.png","icon_svg":""}},"1653449661ef232ee8-3":{"type":"logo_image","settings":{"image":"shopify:\/\/shop_images\/ICON.png","icon_svg":""}}},"block_order":["1653449661ef232ee8-0","1653449661ef232ee8-1","1653449661ef232ee8-2","1653449661ef232ee8-3"],"settings":{}},"1653451040a1a32b73":{"type":"promotion-two_imgs","settings":{"image01":"shopify:\/\/shop_images\/02_c0ce4108-e3fb-4e7c-bf82-8cc91fa3fca4.png","image01_mb":"shopify:\/\/shop_images\/24.png","title":"Your Best Pet <br class=\"br_pc\">\nFeeding Assistant<br> When You Are Away","image02":"shopify:\/\/shop_images\/24_c0d6a718-17c1-42c3-92e3-ab894ea84dc6.png","text":"No more pet sitter, no need to bother your neighbors or friends. With Petlibro Camera Monitoring Feeder, keeping your pets happy and fully fed anywhere anytime."}},"1653462506ec2226db":{"type":"promotion-feeding","blocks":{"cc637368-ec52-4ab7-84dd-7658837ddcf9":{"type":"image","disabled":true,"settings":{"image":"shopify:\/\/shop_images\/icon2.png"}},"b91b20fc-20c7-4b0a-9d60-275d0626bad2":{"type":"image","disabled":true,"settings":{"image":"shopify:\/\/shop_images\/icon2.png"}},"77da04fc-80e6-4d5a-9c1d-9da929d47da2":{"type":"image","disabled":true,"settings":{"image":"shopify:\/\/shop_images\/icon2.png"}},"99b76ddc-6dbb-46b0-a8f8-b76ff5a6d6f3":{"type":"image","disabled":true,"settings":{"image":"shopify:\/\/shop_images\/icon2.png"}},"2f93ada6-c50f-42da-9934-4d60ccc7a757":{"type":"image","disabled":true,"settings":{"image":"shopify:\/\/shop_images\/icon2.png"}},"73030027-41d3-46f3-976c-347a7a9ac916":{"type":"image","disabled":true,"settings":{"image":"shopify:\/\/shop_images\/icon2.png"}},"a8081f96-94d3-4587-9b6f-13b1d184fa12":{"type":"image","disabled":true,"settings":{"image":"shopify:\/\/shop_images\/icon2.png"}},"a2b62154-4750-4e92-b341-bf63b482375e":{"type":"image","disabled":true,"settings":{"image":"shopify:\/\/shop_images\/icon2.png"}},"d519adba-227a-4fe5-b8ba-59338bffc33d":{"type":"image","disabled":true,"settings":{"image":"shopify:\/\/shop_images\/icon2.png"}},"925a623d-5e10-44c9-84de-2a487021e6f8":{"type":"image","disabled":true,"settings":{"image":"shopify:\/\/shop_images\/icon2.png"}}},"block_order":["cc637368-ec52-4ab7-84dd-7658837ddcf9","b91b20fc-20c7-4b0a-9d60-275d0626bad2","77da04fc-80e6-4d5a-9c1d-9da929d47da2","99b76ddc-6dbb-46b0-a8f8-b76ff5a6d6f3","2f93ada6-c50f-42da-9934-4d60ccc7a757","73030027-41d3-46f3-976c-347a7a9ac916","a8081f96-94d3-4587-9b6f-13b1d184fa12","a2b62154-4750-4e92-b341-bf63b482375e","d519adba-227a-4fe5-b8ba-59338bffc33d","925a623d-5e10-44c9-84de-2a487021e6f8"],"settings":{"image":"shopify:\/\/shop_images\/d95e3805edac60a13d12e8ffd95cebaa.png","image_mb":"shopify:\/\/shop_images\/d95e3805edac60a13d12e8ffd95cebaa_b1b11baf-5bb2-4595-a8de-ff7138e4bf7a.png","title":"Customize Meals<br class=\"br_pc\"> \nto Fit Their Needs","text":"1-10 meals per day,<br> \nand 1-50 portions (0.1-4 cups) per meal.","button_label":"PLAY VIDEO","button_link":"","video_url":"https:\/\/vimeo.com\/718194683"}},"1653464980cda57b81":{"type":"promotion-monitoring","blocks":{"4479a544-1054-4c72-92ad-57f15b2d10dc":{"type":"logo_image","settings":{"icon_svg":"<?xml version=\"1.0\" encoding=\"utf-8\"?> <!-- Generator: Adobe Illustrator 24.0.0, SVG Export Plug-In . SVG Version: 6.00 Build 0)  --> <svg version=\"1.1\" id=\"图层_1\" xmlns=\"http:\/\/www.w3.org\/2000\/svg\" x=\"0px\" y=\"0px\" viewbox=\"0 0 122.5 122.5\" style=\"enable-background:new 0 0 122.5 122.5;\" xmlns:xlink=\"http:\/\/www.w3.org\/1999\/xlink\" xml:space=\"preserve\"> <style type=\"text\/css\"> \t.st0{fill:#B07663;} \t.st1{fill:none;stroke:#B07663;stroke-width:2.2677;stroke-linecap:round;stroke-linejoin:round;stroke-miterlimit:10;} <\/style> <g> \t<g> \t\t<g> \t\t\t<path class=\"st0\" d=\"M61.2,2.8c32.2,0,58.4,26.2,58.4,58.4s-26.2,58.4-58.4,58.4C29,119.6,2.8,93.4,2.8,61.2S29,2.8,61.2,2.8 \t\t\t\t M61.2,0C27.4,0,0,27.4,0,61.2s27.4,61.2,61.2,61.2c33.8,0,61.2-27.4,61.2-61.2S95,0,61.2,0L61.2,0z\"><\/path> \t\t<\/g> \t<\/g> \t<g> \t\t \t\t\t<rect x=\"25\" y=\"58.6\" transform=\"matrix(-1.836970e-16 1 -1 -1.836970e-16 93.0188 30.3449)\" class=\"st1\" width=\"12.8\" height=\"6.2\"><\/rect> \t\t<rect x=\"34.4\" y=\"51.3\" class=\"st1\" width=\"49.3\" height=\"34\"><\/rect> \t\t<polyline class=\"st1\" points=\"83.7,76.8 98.7,82.5 98.7,54.2 83.7,59.9 \t\t\"><\/polyline> \t\t<g> \t\t\t \t\t\t\t<ellipse transform=\"matrix(0.7071 -0.7071 0.7071 0.7071 -7.9523 57.9036)\" class=\"st1\" cx=\"65.9\" cy=\"38.6\" rx=\"12.8\" ry=\"12.8\"><\/ellipse> \t\t\t<circle class=\"st1\" cx=\"45.2\" cy=\"43.4\" r=\"7.9\"><\/circle> \t\t<\/g> \t\t<g> \t\t\t<polygon class=\"st0\" points=\"52.9,66.4 43.8,66.4 43.8,58.6 40.4,58.6 40.4,78.1 43.8,78.1 43.8,69.5 52.9,69.5 52.9,78.1  \t\t\t\t56.4,78.1 56.4,58.6 52.9,58.6 \t\t\t\"><\/polygon> \t\t\t<path class=\"st0\" d=\"M68.9,58.6c-0.9,0-7.7,0-7.7,0v19.4c0,0,6.8,0,7.7,0c3.5,0,9.9-1.8,9.9-9.7S72.4,58.6,68.9,58.6z M67.9,74.9 \t\t\t\tc-0.7,0-1.9,0-3.1,0V61.7c1.2,0,2.5,0,3.1,0c2.5,0,7.3,0.6,7.3,6.6C75.2,74.3,70.3,74.9,67.9,74.9z\"><\/path> \t\t<\/g> \t<\/g> <\/g> <\/svg>","text":"1080p HD\nCamera"}},"7fda9c6b-e821-4cec-926e-dd5bbe10709a":{"type":"logo_image","settings":{"icon_svg":"<?xml version=\"1.0\" encoding=\"utf-8\"?> <!-- Generator: Adobe Illustrator 24.0.0, SVG Export Plug-In . SVG Version: 6.00 Build 0)  --> <svg version=\"1.1\" id=\"图层_1\" xmlns=\"http:\/\/www.w3.org\/2000\/svg\" x=\"0px\" y=\"0px\" viewbox=\"0 0 122.5 122.5\" style=\"enable-background:new 0 0 122.5 122.5;\" xmlns:xlink=\"http:\/\/www.w3.org\/1999\/xlink\" xml:space=\"preserve\"> <style type=\"text\/css\"> \t.st0{fill:#B07663;} \t.st1{fill:none;stroke:#B07663;stroke-width:2.2677;stroke-linecap:round;stroke-linejoin:round;stroke-miterlimit:10;} \t.st2{fill:none;stroke:#B07663;stroke-width:2.2677;stroke-linecap:round;stroke-linejoin:round;} \t.st3{fill:none;stroke:#B07663;stroke-width:2.2677;stroke-linecap:round;stroke-linejoin:round;stroke-dasharray:3.7346,5.3351;} <\/style> <g> \t<g> \t\t<g> \t\t\t<path class=\"st0\" d=\"M61.2,2.8c32.2,0,58.4,26.2,58.4,58.4s-26.2,58.4-58.4,58.4S2.8,93.4,2.8,61.2S29,2.8,61.2,2.8 M61.2,0 \t\t\t\tC27.4,0,0,27.4,0,61.2c0,33.8,27.4,61.2,61.2,61.2s61.2-27.4,61.2-61.2C122.5,27.4,95,0,61.2,0L61.2,0z\"><\/path> \t\t<\/g> \t<\/g> \t<g> \t\t<g> \t\t\t<path class=\"st0\" d=\"M50.7,31.7l-2.1,2l-1.1-1.3l3.4-2.8h1.7v11.3h-1.9V31.7z\"><\/path> \t\t\t<path class=\"st0\" d=\"M60.1,38.5h-4.8v-1.9l4.6-7.1H62v7.3h1.6v1.7H62v2.3h-1.9V38.5z M60.1,32.2L60.1,32.2l-2.9,4.6h2.9V32.2z\"><\/path> \t\t\t<path class=\"st0\" d=\"M72.8,31.2h-4.6l0,2.3c0.1-0.1,0.3-0.1,0.6-0.1c0.2,0,0.4,0,0.6,0c0.6,0,1.1,0.1,1.5,0.3 \t\t\t\tc0.5,0.2,0.9,0.4,1.2,0.8c0.3,0.3,0.6,0.7,0.8,1.2c0.2,0.5,0.3,1,0.3,1.6c0,0.6-0.1,1.2-0.3,1.6c-0.2,0.5-0.5,0.9-0.9,1.2 \t\t\t\tc-0.4,0.3-0.8,0.6-1.3,0.8c-0.5,0.2-1,0.3-1.6,0.3c-0.9,0-1.7-0.2-2.3-0.6c-0.6-0.4-1.1-1.1-1.4-2l2-0.5c0.1,0.4,0.3,0.7,0.7,1 \t\t\t\tc0.3,0.2,0.7,0.4,1.2,0.4c0.3,0,0.6,0,0.8-0.1c0.2-0.1,0.4-0.2,0.6-0.4c0.2-0.2,0.3-0.4,0.4-0.6c0.1-0.2,0.1-0.5,0.1-0.8 \t\t\t\tc0-0.4-0.1-0.7-0.2-1c-0.1-0.3-0.3-0.5-0.6-0.7c-0.2-0.2-0.5-0.3-0.8-0.4c-0.3-0.1-0.7-0.1-1-0.1c-0.4,0-0.8,0-1.2,0.1 \t\t\t\tc-0.4,0.1-0.8,0.2-1.1,0.4l0.1-6.1h6.4V31.2z\"><\/path> \t\t\t<path class=\"st0\" d=\"M75.6,31.8c0-0.4,0.1-0.7,0.2-1c0.1-0.3,0.3-0.6,0.6-0.8c0.2-0.2,0.5-0.4,0.8-0.6c0.3-0.1,0.6-0.2,1-0.2 \t\t\t\tc0.4,0,0.7,0.1,1,0.2c0.3,0.1,0.6,0.3,0.8,0.6c0.2,0.2,0.4,0.5,0.6,0.8c0.1,0.3,0.2,0.6,0.2,1c0,0.4-0.1,0.7-0.2,1 \t\t\t\tc-0.1,0.3-0.3,0.6-0.6,0.8c-0.2,0.2-0.5,0.4-0.8,0.6c-0.3,0.1-0.6,0.2-1,0.2c-0.4,0-0.7-0.1-1-0.2c-0.3-0.1-0.6-0.3-0.8-0.6 \t\t\t\tc-0.2-0.2-0.4-0.5-0.6-0.8C75.7,32.5,75.6,32.2,75.6,31.8z M76.8,31.8c0,0.4,0.1,0.7,0.4,0.9c0.3,0.3,0.6,0.4,0.9,0.4 \t\t\t\tc0.4,0,0.7-0.1,0.9-0.4c0.3-0.3,0.4-0.6,0.4-0.9c0-0.4-0.1-0.7-0.4-0.9c-0.3-0.3-0.6-0.4-0.9-0.4c-0.4,0-0.7,0.1-0.9,0.4 \t\t\t\tC77,31.1,76.8,31.5,76.8,31.8z\"><\/path> \t\t<\/g> \t\t<g> \t\t\t<rect x=\"15.9\" y=\"76.6\" class=\"st1\" width=\"90.7\" height=\"7.9\"><\/rect> \t\t\t<g> \t\t\t\t<line class=\"st1\" x1=\"61.2\" y1=\"76.6\" x2=\"15.9\" y2=\"63\"><\/line> \t\t\t\t<line class=\"st1\" x1=\"61.2\" y1=\"76.6\" x2=\"106.6\" y2=\"63\"><\/line> \t\t\t<\/g> \t\t\t<path class=\"st1\" d=\"M39.6,70.1c3.9-8,12.1-13.6,21.6-13.6S79,62.1,82.8,70.1\"><\/path> \t\t\t<g> \t\t\t\t<g> \t\t\t\t\t<path class=\"st2\" d=\"M32.4,67.9c0.3-0.6,0.6-1.2,0.9-1.8\"><\/path> \t\t\t\t\t<path class=\"st3\" d=\"M36.1,61.6C41.9,54,51,49.1,61.2,49.1c11.2,0,21.1,5.9,26.6,14.7\"><\/path> \t\t\t\t\t<path class=\"st2\" d=\"M89.2,66.1c0.3,0.6,0.6,1.2,0.9,1.8\"><\/path> \t\t\t\t<\/g> \t\t\t<\/g> \t\t<\/g> \t<\/g> <\/g> <\/svg>","text":"145° Wide\n-angle Len"}},"c6566c30-ca48-4fb1-a792-36c765a2a08c":{"type":"logo_image","settings":{"icon_svg":"<?xml version=\"1.0\" encoding=\"utf-8\"?> <!-- Generator: Adobe Illustrator 24.0.0, SVG Export Plug-In . SVG Version: 6.00 Build 0)  --> <svg version=\"1.1\" id=\"图层_1\" xmlns=\"http:\/\/www.w3.org\/2000\/svg\" x=\"0px\" y=\"0px\" viewbox=\"0 0 122.5 122.5\" style=\"enable-background:new 0 0 122.5 122.5;\" xmlns:xlink=\"http:\/\/www.w3.org\/1999\/xlink\" xml:space=\"preserve\"> <style type=\"text\/css\"> \t.st0{fill:#B07663;} \t.st1{fill:none;stroke:#B07663;stroke-width:2.2677;stroke-linecap:round;stroke-linejoin:round;stroke-miterlimit:10;} \t.st2{fill:none;stroke:#B07663;stroke-width:1.7008;stroke-linecap:round;stroke-linejoin:round;stroke-miterlimit:10;} <\/style> <g> \t<g> \t\t<g> \t\t\t<path class=\"st0\" d=\"M61.2,2.8c32.2,0,58.4,26.2,58.4,58.4s-26.2,58.4-58.4,58.4S2.8,93.4,2.8,61.2S29,2.8,61.2,2.8 M61.2,0 \t\t\t\tC27.4,0,0,27.4,0,61.2s27.4,61.2,61.2,61.2s61.2-27.4,61.2-61.2S95,0,61.2,0L61.2,0z\"><\/path> \t\t<\/g> \t<\/g> \t<g> \t\t<g> \t\t\t \t\t\t\t<rect x=\"25.8\" y=\"48\" transform=\"matrix(-1.836970e-16 1 -1 -1.836970e-16 83.1968 18.9071)\" class=\"st1\" width=\"12.8\" height=\"6.2\"><\/rect> \t\t\t<polyline class=\"st1\" points=\"35.2,65.8 35.2,40.1 87.1,40.1 87.1,79.8 55.2,79.8 \t\t\t\"><\/polyline> \t\t\t<polyline class=\"st1\" points=\"87.1,68.4 102,74.2 102,45.8 87.1,51.5 \t\t\t\"><\/polyline> \t\t<\/g> \t\t<g> \t\t\t<path class=\"st2\" d=\"M46.3,88H23.6c-1.8,0-3.2-1.4-3.2-3.2V74.7c0-1.8,1.4-3.2,3.2-3.2h22.7c1.8,0,3.2,1.4,3.2,3.2v10.1 \t\t\t\tC49.5,86.5,48.1,88,46.3,88z\"><\/path> \t\t\t<g> \t\t\t\t<polygon class=\"st0\" points=\"31.5,78.6 26.4,78.6 26.4,74.2 24.4,74.2 24.4,85.2 26.4,85.2 26.4,80.3 31.5,80.3 31.5,85.2  \t\t\t\t\t33.4,85.2 33.4,74.2 31.5,74.2 \t\t\t\t\"><\/polygon> \t\t\t\t<path class=\"st0\" d=\"M40.5,74.2c-0.5,0-4.3,0-4.3,0v10.9c0,0,3.8,0,4.3,0c1.9,0,5.6-1,5.6-5.5C46.1,75.2,42.5,74.2,40.5,74.2z \t\t\t\t\t M39.9,83.4c-0.4,0-1.1,0-1.8,0V76c0.7,0,1.4,0,1.8,0c1.4,0,4.1,0.4,4.1,3.7C44,83.1,41.3,83.4,39.9,83.4z\"><\/path> \t\t\t<\/g> \t\t<\/g> \t\t<path class=\"st2\" d=\"M45.6,48.4c0,1.4-1.2,2.6-2.6,2.6c-1.4,0-2.6-1.2-2.6-2.6s1.2-2.6,2.6-2.6C44.4,45.8,45.6,47,45.6,48.4z\"><\/path> \t\t<path class=\"st1\" d=\"M69.7,65.7c-4.9,0-8.8-4-8.8-8.8c0-4.4,3.2-8,7.4-8.7c-0.5-0.1-1.1-0.1-1.7-0.1c-6.6,0-12,5.4-12,12 \t\t\ts5.4,12,12,12c6.6,0,12-5.4,12-12c0-0.6-0.1-1.1-0.1-1.7C77.7,62.5,74.1,65.7,69.7,65.7z\"><\/path> \t<\/g> <\/g> <\/svg>","text":"Infrared\nNight Vision"}}},"block_order":["4479a544-1054-4c72-92ad-57f15b2d10dc","7fda9c6b-e821-4cec-926e-dd5bbe10709a","c6566c30-ca48-4fb1-a792-36c765a2a08c"],"settings":{"image":"shopify:\/\/shop_images\/phone.png","image_mb":"shopify:\/\/shop_images\/26.png","title":"Picture Pur-fect","text":"Feeding time is family time. That includes your furry family, too. Petlibro Camera Monitoring Feeder helps you feel right there at home with your pets come mealtime."}},"1653467731141ebc6d":{"type":"promotion-textimg","blocks":{"a5b073c5-c11a-4106-ae80-128d00f6adfb":{"type":"image","settings":{"position":"right","image":"shopify:\/\/shop_images\/06.png","image_mb":"shopify:\/\/shop_images\/27.png","title":"Forge Closer<br class=\"br_pc\">  Bonds with<br>  Two-Way Chatting","content":"<p>With the two-way voice system, you can reassure your pets in real time with the sound of your voice when they are home alone and hear their response.<\/p>","btn_text":"Shop Now","btn_url":"https:\/\/petlibro.com\/products\/petlibro-granary-automatic-pet-feeder-with-camera"}},"bf6d1357-7f06-42d6-bd13-2b72abede11a":{"type":"image","settings":{"position":"left","image":"shopify:\/\/shop_images\/29.png","image_mb":"shopify:\/\/shop_images\/29.png","title":"A Fresh Taste<br class=\"br_pc\">  with Every Bite","content":"<p>From the patented rotor in the tank base and twist-lock lid, to the desiccant bag and sealing strip, every part of the feeder is designed to keep freshness in and pests and mold out.<\/p>","btn_text":"Learn More","btn_url":"https:\/\/petlibro.com\/products\/petlibro-granary-automatic-pet-feeder-with-camera"}}},"block_order":["a5b073c5-c11a-4106-ae80-128d00f6adfb","bf6d1357-7f06-42d6-bd13-2b72abede11a"],"settings":{}},"165347120029d8cdcc":{"type":"promotion-granary","blocks":{"9bbc00c2-14ef-4e3d-89d2-271b8bc03473":{"type":"product_link","settings":{"pro_link":"https:\/\/petlibro.com\/products\/petlibro-granary-automatic-pet-feeder","text_color":"#b07563","bg_color":"#ffffff","border_color":"#686662","top":40,"left":15}},"c02a06d6-fc66-4a7e-bc59-3419227b7d7b":{"type":"product_link","settings":{"pro_link":"https:\/\/petlibro.com\/products\/petlibro-granary-automatic-pet-feeder-5l-double-food-tray","text_color":"#b07563","bg_color":"#ffffff","border_color":"#686662","top":16,"left":46}},"da85c436-e230-4020-822e-0ab7fb389c79":{"type":"product_link","settings":{"pro_link":"https:\/\/petlibro.com\/products\/petlibro-granary-automatic-pet-feeder-with-camera","text_color":"#b07563","bg_color":"#ffffff","border_color":"#e1e0de","top":44,"left":61}},"e1cc3b8f-d02b-4242-b54c-ae195bd9d0cd":{"type":"product_link","settings":{"pro_link":"https:\/\/petlibro.com\/products\/petlibro-5g-wifi-automatic-pet-feeder","text_color":"#b07563","bg_color":"#ffffff","border_color":"#e1e0de","top":29,"left":75}}},"block_order":["9bbc00c2-14ef-4e3d-89d2-271b8bc03473","c02a06d6-fc66-4a7e-bc59-3419227b7d7b","da85c436-e230-4020-822e-0ab7fb389c79","e1cc3b8f-d02b-4242-b54c-ae195bd9d0cd"],"settings":{"image":"shopify:\/\/shop_images\/7_acfaa5a7-d39c-4622-a1de-f613d94a13f0.png","title":"","text":"<p>GRANARY is Petlibro’s most advanced feeder series yet, building upon the fantastic feedback from you guys—dedicated pet owners who love and treasure your fur babies. Four unique feeders make up this series, each with their own special features to cater for any and all pet owners.<\/p>","button_label":"Explore Granary Series","button_link":"#"}},"1653527003c438de2e":{"type":"promotion-slider-img","blocks":{"c7e6bc1e-de67-44d6-8326-9c7b26d9ab9d":{"type":"block","settings":{"img":"shopify:\/\/shop_images\/1_45836205-e383-4560-aa67-6956f6bfb87e.png","text":"Sandy love to eat from her birthday gift","date":"27\/03\/2022","link":"https:\/\/petlibro.com\/products\/petlibro-granary-automatic-pet-feeder"}},"1c730749-0ace-4304-aa49-eaaf27f4837c":{"type":"block","settings":{"img":"shopify:\/\/shop_images\/09-2.png","text":"Pepper snagged a better food bowl","date":"16\/04\/2022","link":"https:\/\/petlibro.com\/products\/petlibro-granary-automatic-pet-feeder-5l-double-food-tray"}},"1ec6e4d8-55b6-4550-a6f3-225b7cb0750c":{"type":"block","settings":{"img":"shopify:\/\/shop_images\/09-1.png","text":"Milo ran over here even faster than Bolt","date":"23\/05\/2022","link":"https:\/\/petlibro.com\/products\/petlibro-5g-wifi-automatic-pet-feeder"}},"448d3f97-2279-4d1c-b3cb-ba6f3181c364":{"type":"block","settings":{"img":"shopify:\/\/shop_images\/2_573f4e01-924d-419b-b17d-e7d9c6694e86.png","text":"Bonnie loves her black & white feeder buddy","date":"08\/06\/2022","link":"https:\/\/petlibro.com\/products\/petlibro-granary-automatic-pet-feeder?variant=40201687269423"}}},"block_order":["c7e6bc1e-de67-44d6-8326-9c7b26d9ab9d","1c730749-0ace-4304-aa49-eaaf27f4837c","1ec6e4d8-55b6-4550-a6f3-225b7cb0750c","448d3f97-2279-4d1c-b3cb-ba6f3181c364"],"settings":{"title":""}}},"order":["165344718314846656","1653449661ae51bd5c","1653451040a1a32b73","1653462506ec2226db","1653464980cda57b81","1653467731141ebc6d","165347120029d8cdcc","1653527003c438de2e"]}