{"sections":{"back-to-link":{"type":"back-to-link","settings":{"class":"Feeder","link":"shopify:\/\/pages\/how-the-feeder-works"}},"1646187717a7dff068":{"type":"how-it-work-detail","blocks":{"40969bd8-07b7-4f4a-8cbb-ca7c5b2266f7":{"type":"video","settings":{"title":"Feeding portion setting error","code":"pO2u8CEj-Mg","image":"shopify:\/\/shop_images\/1_3cd8aadf-1aac-4f34-a319-ad4ec28f6c1a.png","thumb":"shopify:\/\/shop_images\/e06edfdf7f91fe71b2bc945c86dec801.jpg"}},"595a4743-7877-41a8-894a-020f310ab5ac":{"type":"video","settings":{"title":"Not delivering food on time","code":"mTFrIeaR-Nw","image":"shopify:\/\/shop_images\/2_be9dd3c4-7e7a-42c2-b003-e1dc50913cf4.png","thumb":"shopify:\/\/shop_images\/e06edfdf7f91fe71b2bc945c86dec801.jpg"}},"6e90420d-8dfd-44ac-a5e0-10a546d03a52":{"type":"video","settings":{"title":"Food getting stuck","code":"y5smcPpQkeY","image":"shopify:\/\/shop_images\/3_b8a86399-2aac-4fde-8108-27a689a65806.png","thumb":"shopify:\/\/shop_images\/e06edfdf7f91fe71b2bc945c86dec801.jpg"}},"8a38ca69-c29a-4f50-b997-4d6b51e4989c":{"type":"video","settings":{"title":"Recording Setting","code":"rMbl0V5UZ3Q","image":"shopify:\/\/shop_images\/4_f80a76a3-1ce7-4993-9e63-178aa4dc3340.png","thumb":"shopify:\/\/shop_images\/e06edfdf7f91fe71b2bc945c86dec801.jpg"}}},"block_order":["40969bd8-07b7-4f4a-8cbb-ca7c5b2266f7","595a4743-7877-41a8-894a-020f310ab5ac","6e90420d-8dfd-44ac-a5e0-10a546d03a52","8a38ca69-c29a-4f50-b997-4d6b51e4989c"],"settings":{"title":"Essential Automatic Feeder","subtitle":"AF001\/AF002","tips":"1.Please use the original 5V power supply.<br>\n2.Change the batteries every 6 months if not in use for a long time.<br>\n3.Suitable for cats and small to medium dogs.<br>\n4.Fill in dry pet food only; kibble sized 2-10mm \/ 0.07-0.4in in diameter.<br>","faq":"Q: Can this be used for wet cat food?<br>\nA: The machine only works with dry food..<br>\n<br>\nQ: Can it work for larger dogs?<br>\nA: This would be more suited for a small or medium pets.<br>\n<br>\nQ: How many pounds of dry cat food can it hold?<br>\nA: This Automatic Cat Feeder can hold 4 liters of dry food, it is suitable for cats and small to medium dogs. You can even feed rabbits, squirrels, guinea pigs or birds.<br>\n<br>\nQ: Will this feeder work with larger kibble sizes?\nA: The grain size applicable to our products is 2-10mm \/ 0.07-0.4in in diameter, and please fill it with dry pet food only.<br>\n<br>\nQ: What is the maximum number of times can food come out per meal?\nA: Up to 50 portions per meal.<br>\n<br>\nQ: How much volume is in each portion?\nA: Each portion is about 12.5ml.<br>\n<br>\nQ: Can it run on battery power only without the power plug, or is the battery only for backup in case the power goes out?\nA: Yes, but we recommended to use it together, so that the feeder can continue to work during power failure or when the battery is dead.","link":"https:\/\/cdn.shopify.com\/s\/files\/1\/0252\/5197\/1119\/files\/Petlibro_Basic_Automatic_Pet_Feeder_PLAF001_User_Manual.pdf?v=1642645574"}}},"order":["back-to-link","1646187717a7dff068"]}