{"sections":{"back-to-link":{"type":"back-to-link","settings":{"class":"Cat tree","link":"shopify:\/\/pages\/how-the-cat-tree-works"}},"1646187717a7dff068":{"type":"how-it-work-detail","blocks":{"40969bd8-07b7-4f4a-8cbb-ca7c5b2266f7":{"type":"video","disabled":true,"settings":{"title":"How to connect bluetooth","code":"phun7OC3ApA","image":"shopify:\/\/shop_images\/20.png","thumb":"shopify:\/\/shop_images\/e06edfdf7f91fe71b2bc945c86dec801.jpg"}},"595a4743-7877-41a8-894a-020f310ab5ac":{"type":"video","disabled":true,"settings":{"title":"How to solve the Wifi disconnection","code":"bfDkZaKiCUs","image":"shopify:\/\/shop_images\/21.png","thumb":"shopify:\/\/shop_images\/e06edfdf7f91fe71b2bc945c86dec801.jpg"}},"6e90420d-8dfd-44ac-a5e0-10a546d03a52":{"type":"video","disabled":true,"settings":{"title":"How to solve the problem of no low food notification","code":"q5I5-ibg7u4","image":"shopify:\/\/shop_images\/22.png","thumb":"shopify:\/\/shop_images\/e06edfdf7f91fe71b2bc945c86dec801.jpg"}},"8a38ca69-c29a-4f50-b997-4d6b51e4989c":{"type":"video","disabled":true,"settings":{"title":"How to remove the recording from the app","code":"GuYbfl40COQ","image":"shopify:\/\/shop_images\/23.png","thumb":"shopify:\/\/shop_images\/e06edfdf7f91fe71b2bc945c86dec801.jpg"}},"0ab88b21-2664-4aaa-8ba7-de8319082aaf":{"type":"video","settings":{"title":"How to set up cat tree","code":"d4QA_FghkdA","image":"shopify:\/\/shop_images\/cat_tree_1.png","thumb":"shopify:\/\/shop_images\/e06edfdf7f91fe71b2bc945c86dec801.jpg"}}},"block_order":["40969bd8-07b7-4f4a-8cbb-ca7c5b2266f7","595a4743-7877-41a8-894a-020f310ab5ac","6e90420d-8dfd-44ac-a5e0-10a546d03a52","8a38ca69-c29a-4f50-b997-4d6b51e4989c","0ab88b21-2664-4aaa-8ba7-de8319082aaf"],"settings":{"title":"Standard Pack","subtitle":"CT001","tips":"1.We recommend the Standard Pack Cat Tree for cats under 15lbs.<br>","faq":"Q: What is the maximum height for the Starter Pack and the Standard Pack? <br>\nA: Starter Pack - 930mm; Standard Pack - 1228mm.<br>\n<br>\nQ: What is the capacity of the cat tree？<br>\nA: Single-layer weight capacity - 10kg\/22lbs, but we recommend it for cats under 15lbs. <br>","link":"https:\/\/cdn.shopifycdn.net\/s\/files\/1\/0252\/5197\/1119\/files\/PLCT001_Cat_Tree_User_Manual-1_99289613-c01c-44ee-ade3-020fff649918.pdf?v=1646373345"}}},"order":["back-to-link","1646187717a7dff068"]}