{"sections":{"back-to-link":{"type":"back-to-link","settings":{"class":"Fountain","link":"shopify:\/\/pages\/how-the-fountain-works"}},"1646187717a7dff068":{"type":"how-it-work-detail","blocks":{"8a38ca69-c29a-4f50-b997-4d6b51e4989c":{"type":"video","disabled":true,"settings":{"title":"Assemble","code":"9PECyhrl92A","image":"shopify:\/\/shop_images\/2022-03-25_3.16.08.png","thumb":"shopify:\/\/shop_images\/e06edfdf7f91fe71b2bc945c86dec801.jpg"}},"595a4743-7877-41a8-894a-020f310ab5ac":{"type":"video","disabled":true,"settings":{"title":"How to check the water tank leaking","code":"CZARsXlq_1g","image":"shopify:\/\/shop_images\/2022-03-25_7.16.06.png","thumb":"shopify:\/\/shop_images\/e06edfdf7f91fe71b2bc945c86dec801.jpg"}},"40969bd8-07b7-4f4a-8cbb-ca7c5b2266f7":{"type":"video","settings":{"title":"Clean","code":"g015Q3ngv_Y","image":"shopify:\/\/shop_images\/stainless_steel_water_fountain.png","thumb":"shopify:\/\/shop_images\/e06edfdf7f91fe71b2bc945c86dec801.jpg"}},"6e90420d-8dfd-44ac-a5e0-10a546d03a52":{"type":"video","disabled":true,"settings":{"title":"change  filter","code":"dR3VGdCu8GY","image":"shopify:\/\/shop_images\/b84630a378d76748308920737c479c10.png","thumb":"shopify:\/\/shop_images\/3_d678482d-ed59-4e90-8416-c737e0c42fe2.png"}},"0ab88b21-2664-4aaa-8ba7-de8319082aaf":{"type":"video","disabled":true,"settings":{"title":"ASSEMBLE","code":"qPEvx0coRDk","image":"shopify:\/\/shop_images\/b84630a378d76748308920737c479c10.png","thumb":"shopify:\/\/shop_images\/4_d6a78eae-1516-4a74-84d0-d485d6e7c035.png"}}},"block_order":["8a38ca69-c29a-4f50-b997-4d6b51e4989c","595a4743-7877-41a8-894a-020f310ab5ac","40969bd8-07b7-4f4a-8cbb-ca7c5b2266f7","6e90420d-8dfd-44ac-a5e0-10a546d03a52","0ab88b21-2664-4aaa-8ba7-de8319082aaf"],"settings":{"title":"Stainless Steel","subtitle":"2L Automatic Water Fountain","tips":"1. Replace the filter and foam every 2 weeks.<br>\n2. Clean the pump and fountain every 2 weeks.<br>\n3. To extend the life of pump, please add water before starting the machine.","faq":"Q:Is it BPA-free?<br>\nA:it is made of high quality ABS material, and it is BPA-free.<br>\n<br>\nQ:Can I keep the fountain plugged all day every day?<br>\nA: Yes you can. Just keep an eye on water level so you can add water.<br>","link":"https:\/\/cdn.shopify.com\/s\/files\/1\/0252\/5197\/1119\/files\/PLCT002_Cat_Tree_User_Manual.pdf?v=1645164711"}}},"order":["back-to-link","1646187717a7dff068"]}