{"sections":{"1655964200a5822e9f":{"type":"custom-fullscreen-video","settings":{"title":"","subtitle":"","bg_color":"#1a1a1a","pc_image":"shopify:\/\/shop_images\/0c485e759453589b882f9509dae8753d.png","show_playbtn":true,"video_autoplay":false,"video_type":"vimeo","video_url":"https:\/\/vimeo.com\/718194683"}},"1655891387a6e07c8a":{"type":"iconlist","blocks":{"0d26f2bb-0ec4-4a5d-99e3-fac1a3c5937f":{"type":"text","settings":{"icon_code":"","icon_image":"shopify:\/\/shop_images\/icon1-01.png","title":"HD 1080P Camera"}},"f04354f3-c202-4685-aa09-ad8b8a3c5fb8":{"type":"text","settings":{"icon_code":"","icon_image":"shopify:\/\/shop_images\/icon1-02.png","title":"145° Wide-Angle"}},"a76a4410-923b-40ec-91b2-92c2926c3965":{"type":"text","settings":{"icon_code":"","icon_image":"shopify:\/\/shop_images\/icon1-03.png","title":"Infrared Night Version"}}},"block_order":["0d26f2bb-0ec4-4a5d-99e3-fac1a3c5937f","f04354f3-c202-4685-aa09-ad8b8a3c5fb8","a76a4410-923b-40ec-91b2-92c2926c3965"],"settings":{"bg_color":"#ffffff","text_color":"#936148","font_transform":"capitalize"}},"165597287265898945":{"type":"banner-with-text","settings":{"show_section":true,"full_width":false,"pc_image":"shopify:\/\/shop_images\/pc-banner-text.png","mb_image":"shopify:\/\/shop_images\/pad-banner-text.png","title_color":"#212121","separator_color":"#ffffff","desc_color":"#212121","title":"SATISFACTION IS<br>\nA GLANCE AND A TREAT AWAY","show_separator":false,"desc":"","title_transform":"uppercase","text_alignment":"left","mb_text_alignment":"left","pc_top":21,"mb_top":21,"pc_left":11,"mb_left":5}},"165605724951d28efa":{"type":"special-lr-image-text","settings":{"show_section":true,"pc_image":"shopify:\/\/shop_images\/02-iphone13.png","video_autoplay":true,"video_type":"mp4","video_url":"https:\/\/cdn.shopify.com\/s\/files\/1\/0252\/5197\/1119\/files\/f39acad92656279f1275b25966514c46.mp4?v=1654670214","image_bg_color":"#f3eff0","content_bg_color":"#ededed","title_color":"#000000","separator_color":"#000000","desc_color":"#000000","title":"Picture Pur-fect","show_separator":true,"desc":"<p>The built-in 1080p HD camera with a 145° wide-angle lens and night vision helps you feel right there at home with your pets during mealtimes.<\/p>","layout":"left"}},"16560426362b773c66":{"type":"custom-text-columns","blocks":{"289552c2-a6a5-4329-82ff-205dcc4203a5":{"type":"text","settings":{"pc_image":"shopify:\/\/shop_images\/text-column1.png","title":"Preserve Routine with<br>\na Comforting Call","show_separator":true,"desc":"<p>Pets love routine. That’s why that call to eat is crucial. The two-way voice system helps you reassure your pets with your voice and hear their happy woofs and meows.<\/p>","block_link":""}},"818da03d-e773-4aa0-b7b1-95dec4f5c20a":{"type":"text","settings":{"pc_image":"shopify:\/\/shop_images\/text-column2.png","title":"Captures Memories Both<br>\nMagic and Mischievous","show_separator":true,"desc":"<p>Once the motion detector senses movement, the camera records and saves videos of your pets’ activities. You’ll even get alerts on your phone so you can watch in real time.<\/p>","block_link":""}}},"block_order":["289552c2-a6a5-4329-82ff-205dcc4203a5","818da03d-e773-4aa0-b7b1-95dec4f5c20a"],"settings":{"show_section":true,"title_color":"#000000","separator_color":"#000000","desc_color":"#000000"}},"1655947573705c4548":{"type":"iconlist","blocks":{"87988872-23a9-4f68-9c43-0cb1f165b3f6":{"type":"text","settings":{"icon_code":"","icon_image":"shopify:\/\/shop_images\/icon2-01.png","title":"Feeding Scheduler"}},"b7feb879-bb94-4e40-aa1b-423ed8d5b7a1":{"type":"text","settings":{"icon_code":"","icon_image":"shopify:\/\/shop_images\/icon2-02.png","title":"Stainless Steel Bowl"}},"dff6f1b3-bb67-4620-9d23-1b23a922f3fe":{"type":"text","settings":{"icon_code":"","icon_image":"shopify:\/\/shop_images\/icon2-03.png","title":"Voice Recording"}},"5bb4762b-460a-474f-b5b5-7e30c5a53de0":{"type":"text","settings":{"icon_code":"","icon_image":"shopify:\/\/shop_images\/icon2-04.png","title":"Backup Battery"}},"a5165c52-9756-44ac-84bf-3fbbc94b449d":{"type":"text","settings":{"icon_code":"","icon_image":"shopify:\/\/shop_images\/icon2-05.png","title":"Transparent Container"}},"ba7ba394-6568-4c57-a367-28f6eeffd890":{"type":"text","settings":{"icon_code":"","icon_image":"shopify:\/\/shop_images\/icon2-06.png","title":"USB-C Fast Charging"}}},"block_order":["87988872-23a9-4f68-9c43-0cb1f165b3f6","b7feb879-bb94-4e40-aa1b-423ed8d5b7a1","dff6f1b3-bb67-4620-9d23-1b23a922f3fe","5bb4762b-460a-474f-b5b5-7e30c5a53de0","a5165c52-9756-44ac-84bf-3fbbc94b449d","ba7ba394-6568-4c57-a367-28f6eeffd890"],"settings":{"bg_color":"#f6f0ea","text_color":"#000000","font_transform":"capitalize"}},"16559690523fb25329":{"type":"banner-with-text","settings":{"show_section":true,"full_width":true,"pc_image":"shopify:\/\/shop_images\/05_f44494f2-e6c1-44bf-852b-70e3446f60e9.png","mb_image":"shopify:\/\/shop_images\/05-M.png","title_color":"#ffffff","separator_color":"#ffffff","desc_color":"#ffffff","title":"A Fresh and Safe Taste <br>with Every Bite","show_separator":true,"desc":"<p>The patented rotor in the tank base, twist-lock lid, desiccant bag and sealing strip combine to keep food fresh, while the infrared safety system shuts down the feeder if pesky paws are detected inside the dispenser. Meanwhile, the Low Food Reminder alerts you when it’s time to refill the feeder.<\/p>","title_transform":"capitalize","text_alignment":"left","mb_text_alignment":"center","pc_top":50,"mb_top":18,"pc_left":0,"mb_left":0}},"1656052810f8752301":{"type":"lr-image-text","blocks":{"b9f9dfcf-55ac-4b71-9cf6-c870a1a14401":{"type":"image","settings":{"bg_color":"#ededed","title_color":"#000000","desc_color":"#000000","pc_image":"shopify:\/\/shop_images\/06_e25e4cc8-918e-4c28-9b0f-acf2c64c202e.png","title":"Master Their Mealtimes<br>Wherever You Are","show_separator":true,"desc":"<p>Plan meal portions, diets, and feeding times from anywhere, right from your phone with the easy-to-use Petlibro Lite app.<\/p>","layout":"left"}}},"block_order":["b9f9dfcf-55ac-4b71-9cf6-c870a1a14401"],"settings":{"show_section":true,"separator_bg_color":"#000000"}},"16559768763dbb5492":{"type":"custom-slideshow","blocks":{"477116ae-2299-4ff4-a74d-dc329faa099d":{"type":"image","settings":{"pc_image":"shopify:\/\/shop_images\/07-1.png","image_link":""}},"d1c56226-40ff-4271-bbc7-22673785a784":{"type":"image","settings":{"pc_image":"shopify:\/\/shop_images\/07-2.png","image_link":""}},"f29edab8-c608-4699-b37b-e2a7f70f1c1c":{"type":"image","settings":{"pc_image":"shopify:\/\/shop_images\/07-3.png","image_link":""}},"92c76ab5-3abf-445c-8d64-442bd023b3c7":{"type":"image","settings":{"pc_image":"shopify:\/\/shop_images\/07-4.png","image_link":""}}},"block_order":["477116ae-2299-4ff4-a74d-dc329faa099d","d1c56226-40ff-4271-bbc7-22673785a784","f29edab8-c608-4699-b37b-e2a7f70f1c1c","92c76ab5-3abf-445c-8d64-442bd023b3c7"],"settings":{"show_section":true}}},"order":["1655964200a5822e9f","1655891387a6e07c8a","165597287265898945","165605724951d28efa","16560426362b773c66","1655947573705c4548","16559690523fb25329","1656052810f8752301","16559768763dbb5492"]}