{"sections":{"product-template":{"type":"product-template","settings":{"description_style":"full","social_enable":true,"image_size":"medium","thumbnail_position":"below","thumbnail_arrows":true,"enable_video_looping":true,"product_video_style":"muted","show_shipping":true,"shipping_text":"Get Your Package","shipping_start_time":5,"shipping_interval":3}},"16564000365ac0ada0":{"type":"product-tabs-bar","blocks":{"c1ca06d2-86e0-4c7a-bb9c-ef5af7d2f011":{"type":"text","settings":{"title":"Overview","title_id":"overview"}},"f2c681e6-dc1a-4692-bf01-b353f0fe93ce":{"type":"text","settings":{"title":"Specs","title_id":"specs"}},"7af85db7-069c-4eb9-b8b2-b9af00f966da":{"type":"text","settings":{"title":"FAQ","title_id":"faq"}},"d07f38a7-e9e6-4785-b7a1-6bdf577d746d":{"type":"text","disabled":true,"settings":{"title":"Compare","title_id":"compare"}},"402e9597-0fef-429b-b86b-fbf6d4c1a2f7":{"type":"text","settings":{"title":"Review","title_id":"review"}}},"block_order":["c1ca06d2-86e0-4c7a-bb9c-ef5af7d2f011","f2c681e6-dc1a-4692-bf01-b353f0fe93ce","7af85db7-069c-4eb9-b8b2-b9af00f966da","d07f38a7-e9e6-4785-b7a1-6bdf577d746d","402e9597-0fef-429b-b86b-fbf6d4c1a2f7"],"settings":{}},"1658905256496e2f14":{"type":"full-screen-desc","settings":{"tab_id":"overview","fullscreen-desc-image":"shopify:\/\/shop_images\/1-1.jpg","fullscreen-desc-image-wap":"shopify:\/\/shop_images\/wap.jpg","fullscreen-desc_a":"Petlibro Pixie Mouse Interactive Pet Toy\n<br>“Run, Rover, Run!”"}},"16589074282a42fb72":{"type":"video-desc","settings":{"display":true,"title":"Catch Me If You Can, <br>Kitty Cat!","description":"Small, fast, and a challenge to catch, it stimulates your cat’s natural hunting instincts while helping them trim down their tubby tummy.","videourl":"https:\/\/cdn.shopify.com\/videos\/c\/o\/v\/3881061c757647dfa4da604f78c6d317.mp4"}},"16589096622b379ea4":{"type":"pro-features-meow","blocks":{"42c67906-b050-4fcd-8187-b1cc5e777fbf":{"type":"icon","settings":{"img":"shopify:\/\/shop_images\/PC-icon1.png","lititle":"Up to 160 mins of Power"}},"557679c0-cfde-49f3-99e3-2f2edaad5f53":{"type":"icon","settings":{"img":"shopify:\/\/shop_images\/PC-icon2.png","lititle":"USB Charging"}}},"block_order":["42c67906-b050-4fcd-8187-b1cc5e777fbf","557679c0-cfde-49f3-99e3-2f2edaad5f53"],"settings":{"display":true,"bgimg":"shopify:\/\/shop_images\/3-p-pp.jpg","bgimg-wap":"shopify:\/\/shop_images\/3-wappp.jpg","title":"Off? On? <br class=\"xpmcc\">Keep Your Cat Guessing<span class=\"video-title-line xpmcc\">—<\/span>","description":"Enters hibernation mode after 10 minutes of inactivity. After 30 minutes, it bursts back to life, recapturing your cat’s curiosity so they’re getting their daily steps in.","specclass":""}},"1658914089c09c6a3f":{"type":"pro-content-meow","blocks":{"3efd2558-f258-4310-9140-4fb60d0bf141":{"type":"item","settings":{"descright":true,"title":"Bedazzling Tail Lights<span class=\"xpmcc\">—<\/span>","content":"Captures your cat’s curiosity with a flashing tail of luminous lights. The kaleidoscopic greens, reds, and blues will spark their attention for truly enlightening playtime.","imgvideoselect":"videourl","videourl":"https:\/\/cdn.shopify.com\/s\/files\/1\/0252\/5197\/1119\/files\/4.mp4?v=1653966557"}},"61a03a59-39c4-4cd3-b6d7-d6e15c174881":{"type":"item","settings":{"descright":false,"title":"Keeps Tangles at Bay <br class=\"xpmcc\">for Longer Play<span class=\"xpmcc\">—<\/span>","content":"Prevent your cat’s hair from clogging the tires. You can even detach the tires for easy cleaning after long play sessions.","imgvideoselect":"contentimg","videourl":"","contentimg":"shopify:\/\/shop_images\/b47877b1-03c5-4b96-b2ae-81287e61fb7c.png"}},"80c74ff0-07c4-4b38-a32a-a13e6a68afdf":{"type":"item","settings":{"descright":false,"title":"The Only Mouse<br>You’ll Want in Your House<span class=\"xpmcc\">—<\/span>","content":"Even when play gets rough, this toy can take a tumble. It identifies and avoids collisions, and even reset itself if it rolls over. You don’t need to do anything!","imgvideoselect":"videourl","videourl":"https:\/\/cdn.shopify.com\/s\/files\/1\/0252\/5197\/1119\/files\/6.mp4?v=1653966695"}}},"block_order":["3efd2558-f258-4310-9140-4fb60d0bf141","61a03a59-39c4-4cd3-b6d7-d6e15c174881","80c74ff0-07c4-4b38-a32a-a13e6a68afdf"],"settings":{"display":true}},"165898673550755f94":{"type":"pro-features-meow-slide-image","blocks":{"07662e4d-51e8-45bd-88aa-40a688873d7b":{"type":"block","settings":{"img":"shopify:\/\/shop_images\/1_f3864799-033c-4bf9-b3a4-f8241cb026bd.jpg"}},"4ba338dc-a216-4819-86c6-8821f9f53b53":{"type":"block","settings":{"img":"shopify:\/\/shop_images\/2_d01ed031-0018-4f14-85ce-16dcff178ab4.jpg"}},"d4ed12d0-365e-4f50-8e07-a2cefc3cec8c":{"type":"block","settings":{"img":"shopify:\/\/shop_images\/3_6df8b05f-c0a7-41dc-bb21-8d39b0bc8034.jpg"}},"e56178ae-19ac-4f84-b6a3-256ac161c610":{"type":"block","settings":{"img":"shopify:\/\/shop_images\/4_1831ab32-3476-4c5a-9306-3a4de509b81a.jpg"}}},"block_order":["07662e4d-51e8-45bd-88aa-40a688873d7b","4ba338dc-a216-4819-86c6-8821f9f53b53","d4ed12d0-365e-4f50-8e07-a2cefc3cec8c","e56178ae-19ac-4f84-b6a3-256ac161c610"],"settings":{"title":""}},"1658916369ffcc5af1":{"type":"pro-features-meow","settings":{"display":true,"title":"Ready to Play on Any Stage<span class=\"xpmcc\">—<\/span>","description":"Wood. Marble. Low pile carpet. This little motorized mouse can zip, zap, tumble and tease across almost any surface with ease.<br>\nNotes: Not suitable for high pile carpet.","full-screen-img":"shopify:\/\/shop_images\/7_868b1cc7-f37c-45c5-8d00-8e5d6801c559.jpg","specclass":"readytoplayonanystage"}},"1656403668082de70d":{"type":"product-specs","blocks":{"75868175-103a-4a31-89df-44d2765dca47":{"type":"in_the_box","settings":{"box_code":"<div class=\"image\">\n    <img class=\"lazyload\" data-src=\"https:\/\/cdn.shopify.com\/s\/files\/1\/0252\/5197\/1119\/files\/PLIT001_300_300.png?v=1654162785\">\n    <\/div>\n    <div class=\"content\">\n        <div class=\"title\">\n            What's in The Box\n        <\/div>\n        <li>\n            1 x Interactive Cat Toy\n        <\/li>\n        <li>\n            1 x USB Cable\n        <\/li>\n        <li>\n            1 x Instruction Guide\n        <\/li>\n<\/div>"}},"4b827940-815d-411e-b94c-f1c55375b340":{"type":"specs_content","settings":{"content_code":"<div class=\"title\">\n    Specification\n<\/div>\n<div class=\"content\">\n    <li>\n        <div class=\"span-label\">\n            Model :\n        <\/div>\n       <span>\n        PL-IT001-01W\n       <\/span>\n    <\/li>\n    <li>\n        <div class=\"span-label\">\n            Body Dimension (In）:\n        <\/div>\n       <span>\n        2.4 x 2 x 1.4\n       <\/span>\n    <\/li>\n    <li>\n        <div class=\"span-label\">\n            Weight (Lb)  : \n        <\/div>\n       <span>\n        0.17\n       <\/span>\n    <\/li>\n    <li>\n        <div class=\"span-label\">\n            Materials :\n        <\/div>\n       <span>\n        ABS+PVC+TPU\n       <\/span>\n    <\/li>\n    <li>\n        <div class=\"span-label\">\n            Working Voltage (V)  :\n        <\/div>\n       <span>\n        3.7\n       <\/span>\n    <\/li>\n    <li>\n        <div class=\"span-label\">\n            Battery Type  :\n        <\/div>\n       <span>\n        Lithium ion battery\n       <\/span>\n    <\/li>\n    <li>\n        <div class=\"span-label\">\n            Capacity (mAh) :\n        <\/div>\n       <span>\n        135\n       <\/span>\n    <\/li>\n<\/div>"}}},"block_order":["75868175-103a-4a31-89df-44d2765dca47","4b827940-815d-411e-b94c-f1c55375b340"],"settings":{"tab_id":"specs","show_section":true}},"1656404749949c5467":{"type":"product-faqs","blocks":{"cc2eb9b5-7603-4e41-8f88-0405e4d22c6c":{"type":"faq","settings":{"faq_code":"<div class=\"option-item\">\n    <div class=\"title\">\n        FAQ\n    <\/div>\n    <div class=\"content\">\n        <span>Question: Which stages are suitable for the use of this Pixie Mouse Interactive Toy?<\/span>\n        <span>Answer: Wood. Marble. Low pile carpet. This little motorized mouse can zip, zap, tumble and tease across almost any surface with ease. <\/span>\n    <\/div>\n<\/div>\n\n\n<div class=\"option-item\">\n    <div class=\"title\">\n        Shipping Policy &amp; Warranty\n    <\/div>\n    <div class=\"content\">\n<span>1.Orders Over $50 - Free \/ Orders $30-$49.99 - $5.99 \/ Orders $0-$29.99 -$3.99 within the continental U.S.\nNormally orders will ship within 5-8 business days of processing payment, check our shipping policy here. <\/span>\n<span>2.18 months free warranty extension: product warranty will be extended from 12months to 18 months. We will provide after-sales service for product issues caused by non-artificial reason.<\/span>\n<span>3.For any questions, please contact us via help@petlibro.com<\/span>\n    <\/div>\n<\/div>\n<div class=\"option-item\">\n    <div class=\"title\">\n         Notes\n    <\/div>\n    <div class=\"content\">\n<span>1.Not suitable for high pile carpet.<\/span>\n    <\/div>\n<\/div>"}},"8a915a01-4975-471d-9771-1c36552c88c2":{"type":"download","settings":{"download_code":"https:\/\/cdn.shopify.com\/s\/files\/1\/0252\/5197\/1119\/files\/PLIT001_Pixie_Mouse_Interactive_Toy_User_Manual.pdf?v=1654077741"}}},"block_order":["cc2eb9b5-7603-4e41-8f88-0405e4d22c6c","8a915a01-4975-471d-9771-1c36552c88c2"],"settings":{"show_section":true,"tab_id":"faq"}},"16564082299a8ecc30":{"type":"product-compare","disabled":true,"settings":{"show_section":true,"tab_id":"compare","newcomparekei":"<title>\n   Find the Right Product for You\n<\/title>\n<product>\n    current;petlibro-granary-automatic-pet-feeder;petlibro-5g-wifi-automatic-pet-feeder;granary-camera-monitoring-feeder-double-food-tray;\n<\/product>\n<col1>\n    col1_Feature;Camera Monitoring;Basic;Wifi Control;Camera Dual Food Tray;\n<\/col1>\n<col2>\n    col2_Capacity;5L;3L\/5L;5L;5L;\n<\/col2>\n<col3>\n    col3_Meals Setting;1-10 Meals;1-6 Meals;1-10 Meals;1-10 Meals;\n<\/col3>\n<col4>\n    col4_Portion Setting;1-50 Portions;1-50 Portions;1-50 Portions;1-50 Portions;\n<\/col4>\n<col5>\n    col5_Each Portion Sized;20ML;20ML;20ML;20ML;\n<\/col5>\n<col6>\n    col6_Allowed Kibble Sized;2-15mm;2-15mm;2-15mm;2-15mm;\n<\/col6>"}},"16564060835fb24fb9":{"type":"product-reviews","settings":{"show_section":true,"tab_id":"review"}},"1656405551dbcdb0ee":{"type":"product-recommendations","settings":{"show_product_recommendations":true,"product_recommendations_heading":"You may also like","related_count":5}}},"order":["product-template","16564000365ac0ada0","1658905256496e2f14","16589074282a42fb72","16589096622b379ea4","1658914089c09c6a3f","165898673550755f94","1658916369ffcc5af1","1656403668082de70d","1656404749949c5467","16564082299a8ecc30","16564060835fb24fb9","1656405551dbcdb0ee"]}