{"sections":{"product-template":{"type":"product-template","settings":{"description_style":"full","social_enable":true,"image_size":"medium","thumbnail_position":"below","thumbnail_arrows":true,"enable_video_looping":true,"product_video_style":"muted","show_shipping":true,"shipping_text":"Get Your Package","shipping_start_time":5,"shipping_interval":3}},"16564000365ac0ada0":{"type":"product-tabs-bar","blocks":{"c1ca06d2-86e0-4c7a-bb9c-ef5af7d2f011":{"type":"text","settings":{"title":"Overview","title_id":"overview"}},"f2c681e6-dc1a-4692-bf01-b353f0fe93ce":{"type":"text","settings":{"title":"Specs","title_id":"specs"}},"7af85db7-069c-4eb9-b8b2-b9af00f966da":{"type":"text","settings":{"title":"FAQ","title_id":"faq"}},"d07f38a7-e9e6-4785-b7a1-6bdf577d746d":{"type":"text","disabled":true,"settings":{"title":"Compare","title_id":"compare"}},"402e9597-0fef-429b-b86b-fbf6d4c1a2f7":{"type":"text","settings":{"title":"Review","title_id":"review"}}},"block_order":["c1ca06d2-86e0-4c7a-bb9c-ef5af7d2f011","f2c681e6-dc1a-4692-bf01-b353f0fe93ce","7af85db7-069c-4eb9-b8b2-b9af00f966da","d07f38a7-e9e6-4785-b7a1-6bdf577d746d","402e9597-0fef-429b-b86b-fbf6d4c1a2f7"],"settings":{}},"1659768631f5687836":{"type":"feeding-overview-banner","settings":{"tab_id":"overview","banner_image_pc":"shopify:\/\/shop_images\/Petlibro_Granary_Wifi_Feeder01V2.jpg","banner_image_mobile":"shopify:\/\/shop_images\/1_5f0aecf8-fb46-4268-b8f5-6343c56bfd37.jpg","banner_title":"Smart Feeding <br> Going Out More Reassurin","banner_other_class":""}},"1659771688cf1e830d":{"type":"feeding-overview-icon","settings":{"icon_image_pc":"shopify:\/\/shop_images\/02_423bdf8b-cfcf-4d27-b739-a7c2cb69f31a.png","icon_image_mobile":"shopify:\/\/shop_images\/02_cbb5bb6f-8c24-4e76-9e07-212e88dce31a.png"}},"1659777024a237996f":{"type":"feeding-overview-options","settings":{"options_title":"SINGLE\/DUAL FOOD BOWL OPTIONS ARE AVAILABLE","options_subtitle":"To meet the needs of a single pet or multi-pet sharing","image_pc_one":"shopify:\/\/shop_images\/Petlibro_Granary_Wifi_Feeder03.png","image_mobile_one":"shopify:\/\/shop_images\/Petlibro_Granary_Wifi_Feeder04.png","image_pc_two":"shopify:\/\/shop_images\/04_764f569d-3549-45cc-a02d-c9c4af93dc54.png","image_mobile_two":"shopify:\/\/shop_images\/04_1.png","options_title_l":"Single Bowl","options_title_r":"Dual Bowl"}},"1659781065103dfb7d":{"type":"feeding-overview-splitter","blocks":{"4d6fc88f-e215-435d-81c6-61c201a3de5b":{"type":"step-content","settings":{"step_id":"STEP 01","step_title":"Install The Meal Splitter","step_subtitle":"To install the meal splitter,align it with the round hole.","step_image_pc":"shopify:\/\/shop_images\/06pc.png","step_image_mobile":"shopify:\/\/shop_images\/06_bbf956fd-7667-48db-82d9-23e96a00ece2.png"}},"57716ff8-5799-4634-887b-133dcc90af66":{"type":"step-content","settings":{"step_id":"STEP 02","step_title":"Divide Meals Equally","step_subtitle":"Move the splitter to the right until it can't be moved.","step_image_pc":"shopify:\/\/shop_images\/07pc.png","step_image_mobile":"shopify:\/\/shop_images\/07_2ba29f80-94a2-4f2a-a9e7-2f8749c098eb.png"}},"2801f29a-ec87-4304-8962-03aef1c1df9a":{"type":"step-content","settings":{"step_id":"STEP 03","step_title":"Divide Meals Unequally","step_subtitle":"Move the splitter to the left, more food will be dispensed to the right.","step_image_pc":"shopify:\/\/shop_images\/08pc.png","step_image_mobile":"shopify:\/\/shop_images\/08_db7e54e8-d981-4438-a743-8324c21e44b0.png"}}},"block_order":["4d6fc88f-e215-435d-81c6-61c201a3de5b","57716ff8-5799-4634-887b-133dcc90af66","2801f29a-ec87-4304-8962-03aef1c1df9a"],"settings":{"step_title":"ADJUSTABLE MEAL SPLITTER","step_subtitle":"Swipe Left To View Steps","step_image_pc":"shopify:\/\/shop_images\/05pc.png","step_image_mobile":"shopify:\/\/shop_images\/05_c5894a98-746d-45d2-9054-c2a2ea757b15.png"}},"1659799069c2d84689":{"type":"feeding-overview-app","settings":{"app_title":"App Control Realize <br>Remote Feeding","app_subtitle":"Plan meal portions, diets and feeding times from anywhere with the easy-to-use Petlibro Lite app on your phone.","image_pc":"shopify:\/\/shop_images\/4_83b0d1b2-2534-45d5-8cc8-0d994a615de3.jpg","image_mobile":"shopify:\/\/shop_images\/2_6731b2c0-aecf-4c1e-9116-104c9cd33b15.jpg"}},"1659803193a5d127bd":{"type":"feeding-overview-more","blocks":{"2b54efe9-8c91-4beb-9a4b-cc7bb6ef402f":{"type":"product-more","settings":{"more_title":"5L Large Capacity","more_subtitle":"Accommodates about 5.5lb of kibble, which can meet the dietary needs of adult cats for one month.<br>*For dry kibble only","more_image":"shopify:\/\/shop_images\/Petlibro_Granary_Wifi_Feeder10.png"}},"5eb01d22-46e5-40e9-ad72-3336650e15c5":{"type":"product-more","settings":{"more_title":"4-Stage Seal System","more_subtitle":"Focused on freshness, every part of Granary Feeder from storage to dispensing is sealed to avoid loss of humidity, which keeps your pet food delicious and safe from pests or mold.","more_image":"shopify:\/\/shop_images\/Petlibro_Granary_Wifi_Feeder11.png"}},"2586312a-d337-4393-98ae-5afca9acc6ce":{"type":"product-more","settings":{"more_title":"Infrared Safety Detection","more_subtitle":"The infrared sensors inside automatically suspend the feeder when an obstruction is detected. Keep your machine from being broken and your pets safe.","more_image":"shopify:\/\/shop_images\/Petlibro_Granary_Wifi_Feeder12.png"}},"bf0014cf-60a3-4053-8b47-58237050cadf":{"type":"product-more","settings":{"more_title":"Dual Power Supply","more_subtitle":"The dual-combination design of USB adapter and battery backup ensures that even if the product is unexpectedly powered off,it will continue to feed making you more assured when going out.","more_image":"shopify:\/\/shop_images\/Petlibro_Granary_Wifi_Feeder14.png"}}},"block_order":["2b54efe9-8c91-4beb-9a4b-cc7bb6ef402f","5eb01d22-46e5-40e9-ad72-3336650e15c5","2586312a-d337-4393-98ae-5afca9acc6ce","bf0014cf-60a3-4053-8b47-58237050cadf"],"settings":{}},"1659866069941608c9":{"type":"feeding-overview-images","blocks":{"f6daf412-c01a-4074-b588-a2a718aa2036":{"type":"feeding-images","settings":{"images_bg":"shopify:\/\/shop_images\/Petlibro_Granary_Wifi_Feeder15.png"}},"032b3426-6236-415c-88fb-b3998dba1d11":{"type":"feeding-images","settings":{"images_bg":"shopify:\/\/shop_images\/Petlibro_Granary_Wifi_Feeder16.png"}},"f0cb4411-7f75-44e2-b51b-9f25f6f46658":{"type":"feeding-images","settings":{"images_bg":"shopify:\/\/shop_images\/Petlibro_Granary_Wifi_Feeder17.png"}},"8ef325af-481f-4498-8ae7-0fac12938caa":{"type":"feeding-images","settings":{"images_bg":"shopify:\/\/shop_images\/Petlibro_Granary_Wifi_Feeder18.png"}}},"block_order":["f6daf412-c01a-4074-b588-a2a718aa2036","032b3426-6236-415c-88fb-b3998dba1d11","f0cb4411-7f75-44e2-b51b-9f25f6f46658","8ef325af-481f-4498-8ae7-0fac12938caa"],"settings":{}},"16598573719b5d3702":{"type":"feeding-overview-banner","settings":{"tab_id":"","banner_image_pc":"shopify:\/\/shop_images\/19_2f40888c-4af3-433a-b133-474cd3e6c6e7.jpg","banner_image_mobile":"shopify:\/\/shop_images\/20220807153202_2.png","banner_title":"","banner_other_class":"feeding_banner_margin"}},"1659872720303d5158":{"type":"feeding-overview-machine","blocks":{"edd84bff-75ed-4ac6-b678-5d809d57f121":{"type":"step-images","settings":{"step_id":"01","step_title":"Twist open the lid.","id_image":"shopify:\/\/shop_images\/20_9124b9c8-ef83-4ba4-8368-70c1a2bd1254.png"}},"1f3e54d2-d0ed-4926-baa9-3d6458d5a7b7":{"type":"step-images","settings":{"step_id":"02","step_title":"Take out the food tray.","id_image":"shopify:\/\/shop_images\/21_3c613b0c-ed1b-43ab-9b28-f04dee71301e.png"}},"03a627f1-fd90-4a43-8f6e-d4f798534c8c":{"type":"step-images","settings":{"step_id":"03","step_title":"Put the desiccant bag into the box.","id_image":"shopify:\/\/shop_images\/22_5f9cb0dd-6c10-4c1b-acbc-6063d2092bcc.png"}},"93ed40fb-875f-47cd-8408-f8808623102a":{"type":"step-images","settings":{"step_id":"04","step_title":"Install the food tank.","id_image":"shopify:\/\/shop_images\/23_1edebca0-d41f-4630-81e8-55ad6c538779.png"}},"ceb6c1e7-2610-45bc-98a8-5768cac6276b":{"type":"step-images","settings":{"step_id":"05","step_title":"Put the lid back on.","id_image":"shopify:\/\/shop_images\/24_2bc125c5-2d9d-4e35-a361-e261ee0c07c2.png"}},"f0536f98-d69f-4a5e-9478-ac5090c75226":{"type":"step-images","settings":{"step_id":"06","step_title":"Install the food tray.","id_image":"shopify:\/\/shop_images\/25.png"}}},"block_order":["edd84bff-75ed-4ac6-b678-5d809d57f121","1f3e54d2-d0ed-4926-baa9-3d6458d5a7b7","03a627f1-fd90-4a43-8f6e-d4f798534c8c","93ed40fb-875f-47cd-8408-f8808623102a","ceb6c1e7-2610-45bc-98a8-5768cac6276b","f0536f98-d69f-4a5e-9478-ac5090c75226"],"settings":{"app_title":"How to install the machine"}},"16598804824937dd59":{"type":"feeding-overview-machine-app","blocks":{"c1954013-83e3-4aef-ba89-4a3ad307879c":{"type":"app-images","settings":{"step_id":"STEP 01","step_text":"Scan the QR code to download the App &amp; log in. Notes: Support running iOS 10.0 or later; Android 5.0 or later. Support 2.4GHz and 5GHz WiFi.","step_image":"shopify:\/\/shop_images\/1_7529ad71-c7db-4786-b7e4-e386f19f69b8.jpg"}},"b84c7284-6a08-4213-bede-9470e0d02c62":{"type":"app-images","settings":{"step_id":"STEP 02","step_text":"1. Turn on your phone's Bluetooth.  <br>2. Open the App, click the ”+” in the top right corner to add the device named “PLAF103 WiFi Feeder”.","step_image":"shopify:\/\/shop_images\/2_d2c6da4d-a47d-4e5d-9f12-738d0204f860.jpg"}},"bab70b2b-83b5-4d58-9e6a-8d4d93a23646":{"type":"app-images","settings":{"step_id":"STEP 03","step_text":"Set up a feeding plan.","step_image":"shopify:\/\/shop_images\/3_b44add04-499a-46ca-aba2-845dd7d9630e.jpg"}}},"block_order":["c1954013-83e3-4aef-ba89-4a3ad307879c","b84c7284-6a08-4213-bede-9470e0d02c62","bab70b2b-83b5-4d58-9e6a-8d4d93a23646"],"settings":{"app_title":"How to connect the machine via APP"}},"1656403668082de70d":{"type":"product-specs","blocks":{"75868175-103a-4a31-89df-44d2765dca47":{"type":"in_the_box","settings":{"box_code":"<div class=\"image\">\n    <img class=\"lazyload\" data-src=\"https:\/\/cdn.shopify.com\/s\/files\/1\/0252\/5197\/1119\/files\/PLIT001_300_300.png?v=1654162785\">\n    <\/div>\n    <div class=\"content\">\n        <div class=\"title\">\n            What's in The Box\n        <\/div>\n        <li>\n            1 x Interactive Cat Toy\n        <\/li>\n        <li>\n            1 x USB Cable\n        <\/li>\n        <li>\n            1 x Instruction Guide\n        <\/li>\n<\/div>"}},"4b827940-815d-411e-b94c-f1c55375b340":{"type":"specs_content","settings":{"content_code":"<div class=\"title\">\n    Specification\n<\/div>\n<div class=\"content\">\n    <li>\n        <div class=\"span-label\">\n            Model :\n        <\/div>\n       <span>\n        PL-IT001-01W\n       <\/span>\n    <\/li>\n    <li>\n        <div class=\"span-label\">\n            Body Dimension (In）:\n        <\/div>\n       <span>\n        2.4 x 2 x 1.4\n       <\/span>\n    <\/li>\n    <li>\n        <div class=\"span-label\">\n            Weight (Lb)  : \n        <\/div>\n       <span>\n        0.17\n       <\/span>\n    <\/li>\n    <li>\n        <div class=\"span-label\">\n            Materials :\n        <\/div>\n       <span>\n        ABS+PVC+TPU\n       <\/span>\n    <\/li>\n    <li>\n        <div class=\"span-label\">\n            Working Voltage (V)  :\n        <\/div>\n       <span>\n        3.7\n       <\/span>\n    <\/li>\n    <li>\n        <div class=\"span-label\">\n            Battery Type  :\n        <\/div>\n       <span>\n        Lithium ion battery\n       <\/span>\n    <\/li>\n    <li>\n        <div class=\"span-label\">\n            Capacity (mAh) :\n        <\/div>\n       <span>\n        135\n       <\/span>\n    <\/li>\n<\/div>"}}},"block_order":["75868175-103a-4a31-89df-44d2765dca47","4b827940-815d-411e-b94c-f1c55375b340"],"settings":{"tab_id":"specs","show_section":true}},"1656404749949c5467":{"type":"product-faqs","blocks":{"cc2eb9b5-7603-4e41-8f88-0405e4d22c6c":{"type":"faq","settings":{"faq_code":"<div class=\"option-item\">\n    <div class=\"title\">\n        FAQ\n    <\/div>\n    <div class=\"content\">\n        <span>Question: Which stages are suitable for the use of this Pixie Mouse Interactive Toy?<\/span>\n        <span>Answer: Wood. Marble. Low pile carpet. This little motorized mouse can zip, zap, tumble and tease across almost any surface with ease. <\/span>\n    <\/div>\n<\/div>\n\n\n<div class=\"option-item\">\n    <div class=\"title\">\n        Shipping Policy &amp; Warranty\n    <\/div>\n    <div class=\"content\">\n<span>1.Orders Over $50 - Free \/ Orders $30-$49.99 - $5.99 \/ Orders $0-$29.99 -$3.99 within the continental U.S.\nNormally orders will ship within 5-8 business days of processing payment, check our shipping policy here. <\/span>\n<span>2.18 months free warranty extension: product warranty will be extended from 12months to 18 months. We will provide after-sales service for product issues caused by non-artificial reason.<\/span>\n<span>3.For any questions, please contact us via help@petlibro.com<\/span>\n    <\/div>\n<\/div>\n<div class=\"option-item\">\n    <div class=\"title\">\n         Notes\n    <\/div>\n    <div class=\"content\">\n<span>1.Not suitable for high pile carpet.<\/span>\n    <\/div>\n<\/div>"}},"8a915a01-4975-471d-9771-1c36552c88c2":{"type":"download","settings":{"download_code":"https:\/\/cdn.shopify.com\/s\/files\/1\/0252\/5197\/1119\/files\/PLIT001_Pixie_Mouse_Interactive_Toy_User_Manual.pdf?v=1654077741"}}},"block_order":["cc2eb9b5-7603-4e41-8f88-0405e4d22c6c","8a915a01-4975-471d-9771-1c36552c88c2"],"settings":{"show_section":true,"tab_id":"faq"}},"16564060835fb24fb9":{"type":"product-reviews","settings":{"show_section":true,"tab_id":"review"}},"1656405551dbcdb0ee":{"type":"product-recommendations","settings":{"show_product_recommendations":true,"product_recommendations_heading":"You may also like","related_count":5}}},"order":["product-template","16564000365ac0ada0","1659768631f5687836","1659771688cf1e830d","1659777024a237996f","1659781065103dfb7d","1659799069c2d84689","1659803193a5d127bd","1659866069941608c9","16598573719b5d3702","1659872720303d5158","16598804824937dd59","1656403668082de70d","1656404749949c5467","16564060835fb24fb9","1656405551dbcdb0ee"]}