{"sections":{"1660531123f281f54f":{"type":"custom-content","blocks":{"b1378213-6ff2-4e13-9e90-50b3255da0bc":{"type":"image","settings":{"image":"shopify:\/\/shop_images\/OdinLake-Ergonomic-Chair-With-Breathable-Mesh-Ergo-PLUS-Chair-743_1.webp","link":"shopify:\/\/products\/odinlake-ergo-plus-743","width":"50%","alignment":"center","block_custom_class":""}},"98916be7-0908-4298-a786-7a9635a0ed24":{"type":"product_form","settings":{"product":"odinlake-ergo-plus-743","show_quantity_selector":false,"show_vendor":false,"show_price":true,"show_add_to_cart":true,"show_product_review":true,"enable_payment_button":true,"width":"50%","alignment":"center","block_custom_class":""}}},"block_order":["b1378213-6ff2-4e13-9e90-50b3255da0bc","98916be7-0908-4298-a786-7a9635a0ed24"],"settings":{"heading":"OdinLake Ergonomic Chairs","subheading":"","code":"","description":"","header_alignment":"center","container":"container","background_color":"#f8f8f8","gap":30,"use_scroll_mobile":false,"gap_mobile":16,"custom_class":""}},"16493158040a72e698":{"type":"custom-content","blocks":{"09af3c81-2b3a-4d9a-bedd-3bc862528630":{"type":"image_with_text","settings":{"image":"shopify:\/\/shop_images\/OdinLake_Ergo_PRO_633-1.webp","link":"shopify:\/\/products\/ergo-pro-odinlake-633","width":"33%","alignment":"start","subheading":"","code":"<h3><strong>OdinLake Ergo Pro 633<\/strong><\/h3><div class=\"prose\">\n<p>Get exhausted while working? Pro 633 will recharge your energy the professional way. Let nothing get in the way of your comfort.<\/p>\n\n<\/div>\n<div class=\"prose\">\n  <div class=\"odinlake_box1\">Chair Width<\/div>\n  <div class=\"odinlake_box2\">28.30”<\/div>\n<\/div>\n\n<div class=\"prose\">\n  <div class=\"odinlake_box1\">Base Size<\/div>\n  <div class=\"odinlake_box2\">20”<\/div>\n<\/div>\n\n<div class=\"prose\">\n  <div class=\"odinlake_box1\">Height Range:<\/div>\n  <div class=\"odinlake_box2\">44” – 49”<\/div>\n<\/div>\n\n<div class=\"prose\">\n  <div class=\"odinlake_box1\">Recline Range<\/div>\n  <div class=\"odinlake_box2\">45° recline<\/div>\n<\/div>\n<div class=\"prose\">\n  <div class=\"odinlake_box1\">Chair Weight<\/div>\n  <div class=\"odinlake_box2\">49 lbs<\/div>\n<\/div>\n<div class=\"prose\">\n  <div class=\"odinlake_box1\">Weight Capacity<\/div>\n  <div class=\"odinlake_box2\">up to 300 lbs<\/div>\n<\/div>\n<b>\n<div class=\"prose\">\n  <div class=\"odinlake_box1\">Adjustments<\/div>\n  <div class=\"odinlake_box2\">6<\/div>\n<\/div>\n<div class=\"prose\">\n  <div class=\"odinlake_box1\">Featured<\/div>\n  <div class=\"odinlake_box2\">Footrest<\/div>\n<\/div>\n\n<div class=\"prose\" style=\"color:#369abc\">\n  <div class=\"odinlake_box1\">Sale Price<\/div>\n  <div class=\"odinlake_box2\">$449.00<\/div>\n<\/div><\/b>\n\n<div class=\"prose\">\n<p> Pull out the built-in footrest under the seat and adjust the recline angle, then you will have an office chair become a recline chair.<\/p>\n\n<\/div>\n<div class=\"sf-hero__btn\">\n   <a href=\"https:\/\/www.odinlake.com\/products\/ergo-pro-odinlake-633\" class=\"sf__btn sf__btn-primary \">See Details<\/a>\n<\/div>","text":"","align_text":"left","text_size":"medium","text_color":"black","button_label":"","button_link":"","button_style":"sf__btn-primary","button_size":"","block_custom_class":""}},"595d7265-e0fb-480f-b61e-c86a7625d388":{"type":"image_with_text","settings":{"image":"shopify:\/\/shop_images\/OdinLake_Ergo_CORE_625-home.webp","link":"shopify:\/\/products\/ergo-core-odinlake-625","width":"33%","alignment":"start","subheading":"","code":"<style>\n.odinlake_box1 {width:150px; float:left; display:inline;border:red 0px solid;}\n.odinlake_box2 {width:200px; display:inline;border:green 0px solid;}\n.odinlake-product-compare img{\n  background-size:contain|cover;\n  width:100%;\n  height: 100%;\n  margin-top:10px;\n  padding-bottom: 10px;\n  }\n<\/style>\n\n\n<h3><strong>OdinLake Ergo Core 625<\/strong><\/h3>\n<div class=\"prose\">\n<p>Super soft cushioning to keep you relaxed and make you productive for more. Core 625 provides the best value of an Ergo Chair.<\/p>\n\n<\/div>\n<div class=\"prose\">\n  <div class=\"odinlake_box1\">Chair Width<\/div>\n  <div class=\"odinlake_box2\">26\"<\/div>\n<\/div>\n\n<div class=\"prose\">\n  <div class=\"odinlake_box1\">Base Size<\/div>\n  <div class=\"odinlake_box2\">17.5\"<\/div>\n<\/div>\n\n<div class=\"prose\">\n  <div class=\"odinlake_box1\">Height Range:<\/div>\n  <div class=\"odinlake_box2\">37\" – 40\"<\/div>\n<\/div>\n\n<div class=\"prose\">\n  <div class=\"odinlake_box1\">Recline Range<\/div>\n  <div class=\"odinlake_box2\">30° recline<\/div>\n<\/div>\n<div class=\"prose\">\n  <div class=\"odinlake_box1\">Chair Weight<\/div>\n  <div class=\"odinlake_box2\">31 lbs<\/div>\n<\/div>\n<div class=\"prose\">\n  <div class=\"odinlake_box1\">Weight Capacity<\/div>\n  <div class=\"odinlake_box2\">up to 300 lbs<\/div>\n<\/div>\n<b>\n<div class=\"prose\">\n  <div class=\"odinlake_box1\">Adjustments<\/div>\n  <div class=\"odinlake_box2\">3<\/div>\n<\/div>\n<div class=\"prose\">\n  <div class=\"odinlake_box1\">Featured<\/div>\n  <div class=\"odinlake_box2\">Thickened Cushion<\/div>\n<\/div>\n\n<div class=\"prose\" style=\"color:#369abc\">\n  <div class=\"odinlake_box1\">Sale Price<\/div>\n  <div class=\"odinlake_box2\">$249.00<\/div>\n<\/div><\/b>\n\n<div class=\"prose\">\n<p>Get yourself the best quality affordable chairs today. No need of emptying the wallet on ergo chair anymore.<\/p>\n\n<\/div>\n<div class=\"sf-hero__btn\">\n   <a href=\"https:\/\/www.odinlake.com\/products\/ergo-core-odinlake-625\" class=\"sf__btn sf__btn-primary \">See Details<\/a>\n<\/div>","text":"","align_text":"left","text_size":"medium","text_color":"black","button_label":"","button_link":"","button_style":"sf__btn-primary","button_size":"","block_custom_class":""}},"c4dd358c-e56c-410b-b36a-5c2ffcf006ff":{"type":"image_with_text","settings":{"image":"shopify:\/\/shop_images\/OdinLake_Ergo_ART_643-2.webp","link":"shopify:\/\/products\/ergo-art-odinlake-643","width":"33%","alignment":"start","subheading":"","code":"<h3><strong>OdinLake Ergo Art 643<\/strong><\/h3>\n\n<div class=\"prose\">\n<p>\"With sensitive intelligence to innovative simplicity.\" says Justus Kolberg, a remarkable German artist. Less is more.<\/p>\n<\/div>\n<div class=\"prose\">\n  <div class=\"odinlake_box1\">Chair Width<\/div>\n  <div class=\"odinlake_box2\">28.30”<\/div>\n<\/div>\n\n<div class=\"prose\">\n  <div class=\"odinlake_box1\">Base Size<\/div>\n  <div class=\"odinlake_box2\">20”<\/div>\n<\/div>\n\n<div class=\"prose\">\n  <div class=\"odinlake_box1\">Height Range:<\/div>\n  <div class=\"odinlake_box2\">45” – 51”<\/div>\n<\/div>\n\n<div class=\"prose\">\n  <div class=\"odinlake_box1\">Recline Range<\/div>\n  <div class=\"odinlake_box2\">35° recline<\/div>\n<\/div>\n<div class=\"prose\">\n  <div class=\"odinlake_box1\">Chair Weight<\/div>\n  <div class=\"odinlake_box2\">37 lbs<\/div>\n<\/div>\n<div class=\"prose\">\n  <div class=\"odinlake_box1\">Weight Capacity<\/div>\n  <div class=\"odinlake_box2\">up to 300 lb<\/div>\n<\/div>\n<b>\n<div class=\"prose\">\n  <div class=\"odinlake_box1\">Adjustments<\/div>\n  <div class=\"odinlake_box2\">5<\/div>\n<\/div>\n<div class=\"prose\">\n  <div class=\"odinlake_box1\">Featured<\/div>\n  <div class=\"odinlake_box2\">High Back<\/div>\n<\/div>\n\n<div class=\"prose\" style=\"color:#369abc\">\n  <div class=\"odinlake_box1\">Sale Price<\/div>\n  <div class=\"odinlake_box2\">$449.00<\/div>\n<\/div><\/b>\n\n<div class=\"prose\">\n<p>Equipped with multi-function mechanism from Germany BOCK.  BOCK-23 seat mechanism has the adaptive synchronous tilt function.<\/p>\n\n<\/div>\n<div class=\"sf-hero__btn\">\n   <a href=\"https:\/\/www.odinlake.com\/products\/ergo-art-odinlake-643\" class=\"sf__btn sf__btn-primary \">See Details<\/a>\n<\/div>","text":"","align_text":"left","text_size":"medium","text_color":"black","button_label":"","button_link":"","button_style":"sf__btn-primary","button_size":"","block_custom_class":""}}},"block_order":["09af3c81-2b3a-4d9a-bedd-3bc862528630","595d7265-e0fb-480f-b61e-c86a7625d388","c4dd358c-e56c-410b-b36a-5c2ffcf006ff"],"settings":{"heading":"","subheading":"","code":"","description":"","header_alignment":"center","container":"container","background_color":"#f8f8f8","gap":30,"use_scroll_mobile":false,"gap_mobile":16,"custom_class":""}},"main":{"type":"main-collection-product-grid","disabled":true,"blocks":{"26ef6509-772d-4c44-bd90-efc089bd9355":{"type":"filter","disabled":true,"settings":{"design_filtergroup":"button","title":"Size","filtergroup":"XS,S,M,L,XL","show_label":false,"use_accordion":false,"open_filtergroup":true}},"e12de6da-eab8-4abe-967c-06d0d959a18a":{"type":"filter","disabled":true,"settings":{"design_filtergroup":"color","title":"Colors","filtergroup":"Blue, Red, White ,Black ,Pink ,Silver,Purple,Brown,Yellow,Grey,Green,Tan,Violet,Dark Grey,Beige,Light Blue, Dark Blue, Light Grey, Light Pink, Mint, Rose Gold, Night Blue, Copper, Coral, Rosy Brown","show_label":false,"use_accordion":false,"open_filtergroup":true}},"fa31a837-9c99-4c92-8cfe-0527ffbe7b15":{"type":"filter","disabled":true,"settings":{"design_filtergroup":"default","title":"Prices","filtergroup":"$0-$50,$50-$100,$100-$150,$150-$200,$200-$300,$300-$400","show_label":false,"use_accordion":false,"open_filtergroup":true}},"4903963a-90f0-4fe1-be23-ee4f8749e483":{"type":"filter","disabled":true,"settings":{"design_filtergroup":"inrow","title":"Brands","filtergroup":"Minimog,Retrolie,Abby,Brook,Learts,Vagabond","show_label":false,"use_accordion":false,"open_filtergroup":true}},"00b3badd-1613-4230-85d8-f87f04306aaa":{"type":"filter","disabled":true,"settings":{"design_filtergroup":"inrow","title":"Tags","filtergroup":"Dress,Tops,Shirts,Fashion,Hats,Sandal,Belt,Bags,Snacker,Denim,Minimog,Vagabond,Sunglasses, Beachwear,Vintage","show_label":false,"use_accordion":true,"open_filtergroup":true}}},"block_order":["26ef6509-772d-4c44-bd90-efc089bd9355","e12de6da-eab8-4abe-967c-06d0d959a18a","fa31a837-9c99-4c92-8cfe-0527ffbe7b15","4903963a-90f0-4fe1-be23-ee4f8749e483","00b3badd-1613-4230-85d8-f87f04306aaa"],"settings":{"container":"container-fluid","grid_layout":"grid","grid_columns":"3","show_columns_switcher":false,"pagination_limit":6,"paginate_type":"paginate","show_sorting":false,"show_filter":false,"filters_type":"storefront_filters","sidebar":"rightColumn","sidebar_title":"Filters","limit_height_widget":true,"limit_height":300,"change_product_variant_on_fitlering":false,"show_product_count":false,"collapsed_groups":"Brand, Vendor, Size","color_swatches":"color,colour,couleur,farbe"}},"collection-header":{"type":"collection-page-header","disabled":true,"blocks":{"4239819b-3622-444a-9ffd-27de186ac23c":{"type":"banner","disabled":true,"settings":{"collection":""}}},"block_order":["4239819b-3622-444a-9ffd-27de186ac23c"],"settings":{"container":"container","layout":"inside","header_height":"small","text_alignment":"center","vertical_alignment":"center","text_color":"dark","bg_color":"#ffffff","enable_parallax":false,"upper_title":false,"show_desc":false,"collection_all_desc":""}},"1649328855167b4bf8":{"type":"image-with-text-2","disabled":true,"settings":{"container":"w-full","hero_size":"adapt","show_overlay":false,"image":"shopify:\/\/shop_images\/amazon-gift-card-pc_1.jpg","bg_position":"center","image_link":"shopify:\/\/pages\/activity","parallax":false,"content_in_container":false,"content_position":"center middle","text_alignment":"center","text_size":"medium","text_color":"white","title":"","subtitle":"","text":"","button_label":"","button_link":"","button_style":"sf__btn-primary","button_size":"","mb_image":"shopify:\/\/shop_images\/amazon-gift-card-mb_1.jpg","use_content_above":true,"custom_class":""}},"16462795921440b6ad":{"type":"testimonials","blocks":{"1646279592a5de3492-0":{"type":"testimonial","settings":{"title":"Excellent Quality for the Money!","description":"<p>\"Chair is excellent quality for the money and their customer service when needed is awesome and very responsive!\"<\/p>","footer":"<p>Katrina Blinkhorn<\/p>","image_text":"","image_link":"","product":""}},"1646279592a5de3492-1":{"type":"testimonial","settings":{"title":"Great chair","description":"<p>\"Very easy to assemble, comfortable, and with great support, it is much better than a gaming chair!\"<\/p>","footer":"<p>Kate Warner<\/p>","image_text":"","image_link":"","product":""}},"1646279592a5de3492-2":{"type":"testimonial","settings":{"title":"Beyond expectation","description":"<p>\"Beyond expectation. A lot of adjustabilities: height, incline, headrest, lumbar support. Good quality material, quiet wheels.\"<\/p>","footer":"<p>Heidi Mackos<\/p>","image_text":"","image_link":"","product":""}},"1646279592a5de3492-3":{"type":"testimonial","settings":{"title":"Comfortable and great design","description":"<p>\"This chair is great. I like its appearance. It's easy to assemble by following the instruction manual. I feel very well when I sit on it.\"<\/p>","footer":"<p>Jayne Wilson<\/p>","image_text":"","image_link":"","product":""}},"1646279592a5de3492-4":{"type":"testimonial","settings":{"title":"Comfortable Chair","description":"<p>\"This chair is amazing and super comfortable and can sit here for hours with no problem, this is a must get chair for its price.\"<\/p>","footer":"<p>Sally Lockyer<\/p>","image_text":"","image_link":"","product":""}},"1646279592a5de3492-5":{"type":"testimonial","settings":{"title":"So far so good!","description":"<p>\"Was everything I expected for the price. Headrest, height, and reclining are all adjusted with ease. As someone who sits in this chair all day every day, I would recommend.\"<\/p>","footer":"<p>Kimberly Fukala<\/p>","image_text":"","image_link":"","product":""}},"8801fd4c-169c-44ed-895b-1cf0e4a3a52d":{"type":"testimonial","settings":{"title":"Comfortable, easy to assemble,","description":"<p>\"This chair is extremely comfortable and provides good lumbar support - my primary reason for replacing my old chair. The chair is very spacious, and I like how so many elements of it are adjustable.\"<\/p>","footer":"<p>Dean D. US<\/p>","image_text":"","image_link":"","product":""}},"4c743a4a-6879-4d2a-86d3-19fb44e95f03":{"type":"testimonial","settings":{"title":"Good value!  Solid Chair.","description":"<p>\"Great comfort, adjustable in almost every way to adjust for your comfort.  Could go lower to the ground but I am short.  Rolls effortlessly on the floor and does not scar our hardwood floors.\"<\/p>","footer":"<p>Sheryl Macklem<\/p>","image_text":"","image_link":"","product":""}}},"block_order":["1646279592a5de3492-0","1646279592a5de3492-1","1646279592a5de3492-2","1646279592a5de3492-3","1646279592a5de3492-4","1646279592a5de3492-5","8801fd4c-169c-44ed-895b-1cf0e4a3a52d","4c743a4a-6879-4d2a-86d3-19fb44e95f03"],"settings":{"heading":"What People Are Saying","subheading":"","description":"","header_alignment":"center","container":"container","background_color":"#f8f8f8","design":"testimonials-2","show_stars":true,"autorotate":true,"show_navigation":true,"show_pagination":true,"star_color":"#abd171","custom_class":""}},"1646279600fa5d0236":{"type":"custom-content","blocks":{"16462796005a6a0d02-0":{"type":"text","disabled":true,"settings":{"title":"Talk about your brand","subheading":"","code":"","text":"<p>Use this text to share information about your brand with your customers. Describe a product, share announcements, or welcome customers to your store.<\/p>","width":"50%","alignment":"center","align_text":"left","text_size":"medium","text_color":"black","button_label":"","button_link":"","button_style":"sf__btn-primary","button_size":"","block_custom_class":""}},"16462796005a6a0d02-1":{"type":"image","disabled":true,"settings":{"link":"","width":"50%","alignment":"center","block_custom_class":""}},"f11c803c-d118-4e4c-9e3b-8c5a17295a31":{"type":"html","disabled":true,"settings":{"code":"<br>","width":"100%","block_custom_class":""}}},"block_order":["16462796005a6a0d02-0","16462796005a6a0d02-1","f11c803c-d118-4e4c-9e3b-8c5a17295a31"],"settings":{"heading":"FAQ","subheading":"","code":"","description":"","header_alignment":"center","container":"container","background_color":"","gap":30,"use_scroll_mobile":false,"gap_mobile":16,"custom_class":""}},"1640587636c27f6854":{"type":"collapsible-tabs","blocks":{"1640587635be3c3214-0":{"type":"item","settings":{"header":"What is Ergonomic chair?","content":"<p>The ergonomic chair design is generous, one-of-a-kind, fashionable, and lightweight. It is a new eco-friendly health chair widely used in modern homes, outdoor spaces, meeting rooms, and workplaces. The aim of optimum comfort is achieved by using the best curve of the human body and medical factors. Therefore, it emphasizes product quality and customer experience, but it also prioritizes human development in the long run.<br\/><br\/> For cushions and chair backs, ergonomics mainly utilizes mesh (composition: DuPont yarn + polyester fiber), environmentally friendly fabric + high-quality memory cotton, and other elastic and environmentally friendly materials. The process design is particularly suited to modern furniture. During use, it has excellent airflow, and heat dissipation characteristics are pleasant and health-care-friendly. They can prevent the growth of bacteria inside the chair. Additionally, it can decrease the area of pressure on the buttocks, improve blood circulation in the buttocks, prevent strain on the neck, shoulders, and waist, and help to preserve the user's overall health and well-being.<\/p>","content_page":"","open":false}},"1640587635be3c3214-1":{"type":"item","settings":{"header":"What is ergonomic design factors to consider","content":"<p>1. Head: The headrest's height and rotation can be changed, enabling the user's cervical spine to fit with the headrest naturally and standardizing the sitting position. When the height of the headrest completely supports your cervical spine, you are in the ideal position.<br\/><br\/> 2. Chair back: The third and fourth spines provide the most excellent support for the waist. In addition, the height of the whole chair back can be adjusted, allowing different users to rapidly suit their requirements and reducing the amount of weight carried by the lumbar spine.<br\/><br\/> 3. Lumbar support: The resilience is focused on the adjustable lumbar support, providing the user with the closest support. The active lumbar support adjusts the curvature of the whole waist, fits pleasantly around the waist, relaxes the back vertebrae, and relieves back vertebrae fatigue.<br\/><br\/> 4. Armrest: The armrest height and angle can both be changed independently.<br\/><br\/> 5. Other aspects: arc design, arch frame strength and elastic treatment, arc streamline treatment of armrests,.<\/p>","content_page":"","open":false}},"40bbd595-3f6d-4216-a889-4077cd47778a":{"type":"item","settings":{"header":"How to get the correct sitting posture for an ergonomic chair","content":"<p>1. The proper seat cushion height should be set so that your feet may rest level on the ground and your thighs are bent at a 90-degree angle when you sit.<br\/><br\/>2. The proper seat cushion level should be such that your hips are resting on the innermost part of the seat cushion and that you can customize the seat cushion depth. The seat cushion can effectively support more than two-thirds of the thigh's surface area, and that the bending angle between the thigh and the calf is 90°.<br\/><br\/> 3. the proper height of the armrest must be set so that it is 90 degrees between the arm and the elbow when used. At this point, the arm hangs down naturally and feels right, with no hanging shoulders to distract from the movement. Shoulder discomfort or frozen shoulder may result from the arm being left unsupported or with insufficient funding for a long period. This can have a significant adverse impact on health.<br\/><br\/> 4. When used properly, the back cushion should fully connect the whole back to the cushion, enabling the back vertebrae to be relaxed to a certain degree, thus relieving back vertebrae fatigue and avoiding chest and back pain.<br\/><br\/> 5. The proper waist height must be set to the position of the third, fourth, and fifth lumbar vertebrae. Except for the legs and hips, the whole weight of the human body is carried by the lumbar vertebrae in a sitting posture. As a result, adjusting the waist height correctly can help avoid conditions such as tendon or fasciitis, herniated discs, spine slippage, lumbar muscle strain, degenerative spondylitis, and sciatica.<br\/><br\/> 6. When using the seat cushion depth adjustability, it is essential to depend on hip strength to slide the seat cushion out. At this point, the hips must transfer force to the back through a fixed back cushion. The back will be damaged if the back cushion is not secured in position. As a result of the hips' reduced ability to exert force, the seat cushion does not slide as easily as it formerly did.<br\/><br\/> 7. Armrest pads should be angled correctly to offer modest support for your hand and elbow joints at all times and in different positions. Wrist tunnel syndrome and elbow joint syndrome are readily caused by a lack of right hand or elbow joint support over time. Naturally, the cervical spine is involved. The connection between protection and specificity is also present.<br\/><br\/> 8. For proper cervical spine support, the headrest should be adjusted to fit in between the third and seventh sections of the cervical spine. This will relieve head fatigue and help avoid bone spurs or chronic spine deterioration.<br\/><br\/> 9. It's important to know your body weight once you've relaxed your back so you can adjust the cushion's elasticity correctly. In cases when the elasticity exceeds the weight of the back, it will be challenging to recline comfortably. On the other hand, suppose the flexibility is less than the weight of the back. In that case, a sense of inadequacy will be created, or the fast backward will cause uneasiness.<\/p>","content_page":"","open":false}},"b1c677b6-105d-41ed-9947-fecd4deeaf7d":{"type":"item","settings":{"header":"Design points of the Odinlake ergonomic chair","content":"<p>Ergonomic furniture is becoming more popular. We can conclude from our study on the best ergonomic chairs on the market that a good ergonomic chair is worth data and other aspects.<br\/><br\/><strong>The curve design of the chair <\/strong>Curve design is studied from the aspect of people's health, and the chair's form curve design is established based on the person's physiological state, fatigue measurement, and other factors. The chair's curve is mostly determined by whether the chair cushion and backrest curves fit the human physiological curve. Odinlake's back curve is completely ergonomic, allowing the waist muscles to rest and maintain excellent position.<br\/><br\/><strong>Chair size design <\/strong>The human body scale and measurement data are intimately linked to the size of furniture and the spatial connection created by its placement. To understand the concepts of human body scale design, we must first understand national standard data and be adept at incorporating anthropometric data into designs in a flexible manner. We also must learn to adapt to changing situations. Suppose you don't know how to utilize the data wisely and grasp the nature of ergonomic data. In that case, you'll end up with counterproductive results if you use it mechanically.<br\/><br\/><strong>The detailed design of the chair <\/strong>Famous designers put a premium on the finer details of their work. The same is true for chairs. This is known as the \"millimeter effect.\" According to odinlake, a few millimeters of variation will provide a wide range of relaxation to the chair, from the chair's connecting parts to the chair body. The edges and corners must be carefully polished. As a result, attention to detail is crucial to the success or failure of ergonomic furniture.<br\/><br\/><strong>The aesthetic design of the chair <\/strong>To accomplish the psychological relaxation of people's ergonomics, the practical and formal beauty of the chair must be integrated, focusing on the various psychological feelings brought about by the environment's differences. Our designers think that the human curve is the most attractive and that the form of the chair, which is based on that curve, is likewise a product of nature's beauty.<br\/><br\/>In general, a good ergonomic chair design must pay close attention to the form design of the chair to adapt to the features of the item, in addition to the suitable size: adapting to the scale's features; adapting to functional characteristics; adapting to changing characteristics To adapt to the material's qualities; to concentrate on the combination of form and color; to have a feeling of the times, to meet the demands of the workplace; to examine the human peculiarities of various nations; to concentrate on technology and sustainable development.<\/p>","content_page":"","open":false}}},"block_order":["1640587635be3c3214-0","1640587635be3c3214-1","40bbd595-3f6d-4216-a889-4077cd47778a","b1c677b6-105d-41ed-9947-fecd4deeaf7d"],"settings":{"container":"container-narrow"}},"1640587756bce1bfe6":{"type":"icon-box","blocks":{"16405877565db59c21-0":{"type":"iconbox","settings":{"image_by_url":"https:\/\/cdn.shopifycdn.net\/s\/files\/1\/0603\/7431\/9272\/files\/free-shipping.svg?v=1649244218","title":"Free Shipping","description":"<p>Ship within 24 hours<br\/>& 3-6 Days Delivery<\/p>","link":"","button_label":"","button_link":"","button_style":"sf__btn-link","button_size":""}},"16405877565db59c21-1":{"type":"iconbox","settings":{"image":"shopify:\/\/shop_images\/2_1cb4ab2a-19c4-4ab8-86b6-d08c07425303.png","image_by_url":"https:\/\/cdn.shopifycdn.net\/s\/files\/1\/0603\/7431\/9272\/files\/Manufacturer-Price.svg?v=1649244580","title":"Manufacturer Price","description":"<p>Manufacturer sell direct<br\/>& Share the savings<\/p>","link":"","button_label":"","button_link":"","button_style":"sf__btn-link","button_size":""}},"7f719c0d-503a-4069-bec6-81f03724416c":{"type":"iconbox","settings":{"image_by_url":"https:\/\/cdn.shopifycdn.net\/s\/files\/1\/0603\/7431\/9272\/files\/10-Year-Warranty.svg?v=1649244747","title":"Up To 10-Year Warranty","description":"<p>A good office chair should<\/p><p>last 10 years<\/p>","link":"","button_label":"","button_link":"","button_style":"sf__btn-link","button_size":""}},"16405877565db59c21-2":{"type":"iconbox","settings":{"image_by_url":"https:\/\/cdn.shopifycdn.net\/s\/files\/1\/0603\/7431\/9272\/files\/Contact-Us.svg?v=1649244579","title":"Contact Us","description":"<p>Any problem, we are always<br\/>here for you<\/p>","link":"","button_label":"","button_link":"","button_style":"sf__btn-link","button_size":""}}},"block_order":["16405877565db59c21-0","16405877565db59c21-1","7f719c0d-503a-4069-bec6-81f03724416c","16405877565db59c21-2"],"settings":{"heading":"","subheading":"","description":"","header_alignment":"center","container":"container-fluid","background_color":"rgba(0,0,0,0)","item_per_row":4,"item_gap":0,"item_gap_mobile":0,"card_style":"horizontal","image_max_width":"30px","content_alignment":"start","hover_effect":"scaling-down","enable_slider":false,"show_pagination":true,"show_navigation":false,"use_scroll_mobile":false,"use_grid_column_mb":true,"custom_class":"sf__index-icon-box"}},"1647267675475e2254":{"type":"instagram","disabled":true,"settings":{"heading":"On the Gram","subheading":"","description":"","header_alignment":"center","container":"container-fluid","background_color":"rgba(0,0,0,0)","layout":"grid","images_count":4,"grid_columns":4,"gap":30,"mobile_gap":10,"profile":"https:\/\/www.instagram.com\/minimog.trendy\/","button_label":"","custom_class":""}}},"order":["1660531123f281f54f","16493158040a72e698","main","collection-header","1649328855167b4bf8","16462795921440b6ad","1646279600fa5d0236","1640587636c27f6854","1640587756bce1bfe6","1647267675475e2254"]}