{"sections":{"1660389343ab6a6949":{"type":"slider","blocks":{"16603893423b233177-1":{"type":"slider_item","settings":{"background":"shopify:\/\/shop_images\/OdinLake_Ergo_Plus_743.webp","mb_background":"shopify:\/\/shop_images\/Odinlake_Ergo_Plus_743_Mobile.webp","image_alignment":"center","content_in_container":false,"content_position":"center bottom","text_alignment":"center","text_size":"medium","text_color":"white","subheading":"","title":"Back to School & Back to Work","description":"<p><strong>Get $50 Off Coupon for all Orders<\/strong><\/p>","image_link":"","button_text":"Shop now","button_link":"shopify:\/\/collections\/ergonomic-chairs","button_style":"sf__btn-primary","button_size":"","show_footer":false,"footer_alignment":"end","footer_text":"New Collection","footer_button":"Shop Now","footer_link":""}},"9298c126-1c33-4a23-be10-44ad2e3d9e8b":{"type":"video_slide","settings":{"video":"https:\/\/cdn.shopify.com\/videos\/c\/o\/v\/561a261818ec46ca9f5fceced7f09048.mp4","content_in_container":false,"content_position":"right middle","text_alignment":"center","text_size":"medium","text_color":"white","subheading":"","title":"OdinLake Ergo PLUS 743","description":"","image_link":"","button_text":"Know More","button_link":"shopify:\/\/products\/odinlake-ergo-plus-743","button_style":"sf__btn-primary","button_size":"","show_footer":false,"footer_alignment":"end","footer_text":"New Collection","footer_button":"Shop Now","footer_link":""}},"16603893423b233177-0":{"type":"slider_item","settings":{"background":"shopify:\/\/shop_images\/OdinLake_Ergo_Plus_743-banner.webp","mb_background":"shopify:\/\/shop_images\/OdinLake_Ergo_Plus_743-banner-Mobile.webp","image_alignment":"center top","content_in_container":false,"content_position":"left bottom","text_alignment":"center","text_size":"medium","text_color":"white","subheading":"","title":"<h2>\nNew Release\n<br>\nOdinLake  Ergo PLUS 743<\/h2>","description":"<p><strong>The Best Ergonomic Chair<\/strong><\/p>","image_link":"","button_text":"Know More","button_link":"shopify:\/\/products\/odinlake-ergo-plus-743","button_style":"sf__btn-primary","button_size":"","show_footer":false,"footer_alignment":"end","footer_text":"New Collection","footer_button":"Shop Now","footer_link":""}},"16603893423b233177-2":{"type":"slider_item","disabled":true,"settings":{"image_alignment":"center","content_in_container":false,"content_position":"center middle","text_alignment":"center","text_size":"medium","text_color":"black","subheading":"","title":"New Collection","description":"<p>Tell your campaign through images<\/p>","image_link":"","button_text":"Shop now","button_link":"","button_style":"sf__btn-primary","button_size":"","show_footer":false,"footer_alignment":"end","footer_text":"New Collection","footer_button":"Shop Now","footer_link":""}}},"block_order":["16603893423b233177-1","9298c126-1c33-4a23-be10-44ad2e3d9e8b","16603893423b233177-0","16603893423b233177-2"],"settings":{"container":"w-full","slideshow_height":"fullscreen","show_overlay":false,"dots_position":"bottom","dots_color":"dark","show_dots":true,"show_arrows":false,"autorotate":true,"autorotate_speed":3,"use_content_above":false,"custom_class":""}},"1660103690caf0e6eb":{"type":"image-with-text-2","disabled":true,"settings":{"container":"w-full","hero_size":"large","show_overlay":true,"image":"shopify:\/\/shop_images\/OdinLake_Ergo_Plus_743.webp","bg_position":"center","image_link":"","parallax":false,"content_in_container":false,"content_position":"center middle","text_alignment":"center","text_size":"medium","text_color":"white","title":"Back to School & Back to Work","subtitle":"Get $50 Off Coupon for all Orders","text":"","button_label":"Shop now","button_link":"shopify:\/\/collections\/ergonomic-chairs","button_style":"sf__btn-primary","button_size":"","mb_image":"shopify:\/\/shop_images\/Odinlake_Ergo_Plus_743_Mobile.webp","use_content_above":false,"custom_class":""}},"165630905118038945":{"type":"image-with-text-2","disabled":true,"settings":{"container":"w-full","hero_size":"adapt","show_overlay":false,"image":"shopify:\/\/shop_images\/odinlake-banner-sd50-pc.jpg","bg_position":"center top","image_link":"shopify:\/\/collections\/ergonomic-chairs","parallax":false,"content_in_container":true,"content_position":"center middle","text_alignment":"center","text_size":"medium","text_color":"white","title":"","subtitle":"","text":"","button_label":"","button_link":"","button_style":"sf__btn-primary","button_size":"","mb_image":"shopify:\/\/shop_images\/odinlake-banner-sd50-mb.jpg","use_content_above":true,"custom_class":""}},"1626321811f956c963":{"type":"icon-box","blocks":{"1626321811f956c963-0":{"type":"iconbox","settings":{"image_by_url":"https:\/\/cdn.shopifycdn.net\/s\/files\/1\/0603\/7431\/9272\/files\/free-shipping.svg?v=1649244218","title":"Free Shipping","description":"<p>Ship within 48 hours<br\/>& 3-7 Days Delivery<\/p>","link":"","button_label":"","button_link":"","button_style":"sf__btn-link","button_size":""}},"1626321811f956c963-1":{"type":"iconbox","settings":{"image_by_url":"https:\/\/cdn.shopifycdn.net\/s\/files\/1\/0603\/7431\/9272\/files\/Manufacturer-Price.svg?v=1649244580","title":"Manufacturer Price","description":"<p>Manufacturer sell direct<br\/>& Share the savings<\/p>","link":"","button_label":"","button_link":"","button_style":"sf__btn-link","button_size":""}},"1626321811f956c963-2":{"type":"iconbox","settings":{"image_by_url":"https:\/\/cdn.shopifycdn.net\/s\/files\/1\/0603\/7431\/9272\/files\/10-Year-Warranty.svg?v=1649244747","title":"Up To 5-Year Warranty","description":"<p>A good office chair should<\/p><p>last 5 years<\/p>","link":"","button_label":"","button_link":"","button_style":"sf__btn-link","button_size":""}},"51c43d7d-d336-4181-936e-136f2af5cdf6":{"type":"iconbox","settings":{"image_by_url":"https:\/\/cdn.shopifycdn.net\/s\/files\/1\/0603\/7431\/9272\/files\/Contact-Us.svg?v=1649244579","title":"Contact Us","description":"<p>Any problem, we are always<br\/>here for you<\/p>","link":"","button_label":"","button_link":"","button_style":"sf__btn-link","button_size":""}}},"block_order":["1626321811f956c963-0","1626321811f956c963-1","1626321811f956c963-2","51c43d7d-d336-4181-936e-136f2af5cdf6"],"settings":{"heading":"","subheading":"","description":"","header_alignment":"center","container":"container","background_color":"#f8f8f8","item_per_row":4,"item_gap":20,"item_gap_mobile":16,"card_style":"horizontal","image_max_width":"30px","content_alignment":"start","hover_effect":"none","enable_slider":false,"show_pagination":true,"show_navigation":false,"use_scroll_mobile":false,"use_grid_column_mb":true,"custom_class":"sf__index-icon-box"}},"1648800123ad1fe9f3":{"type":"custom-content","settings":{"heading":"Why Choose OdinLake Ergo Chair?","subheading":"","code":"","description":"","header_alignment":"center","container":"container-fluid","background_color":"#ffffff","gap":30,"use_scroll_mobile":false,"gap_mobile":16,"custom_class":"sf__choose-chair-box"}},"1648710118084a5265":{"type":"slider","blocks":{"1648710118c54f0e49-2":{"type":"slider_item","settings":{"background":"shopify:\/\/shop_images\/Ergo_Chair_VS_Normal_Chair-03.webp","image_alignment":"center","content_in_container":true,"content_position":"center middle","text_alignment":"center","text_size":"medium","text_color":"white","subheading":"","title":"","description":"","image_link":"shopify:\/\/pages\/what-is-ergonomic-chair","button_text":"","button_link":"","button_style":"sf__btn-primary","button_size":"","show_footer":false,"footer_alignment":"end","footer_text":"New Collection","footer_button":"Shop Now","footer_link":""}}},"block_order":["1648710118c54f0e49-2"],"settings":{"container":"container","slideshow_height":"adapt","show_overlay":false,"dots_position":"bottom","dots_color":"dark","show_dots":false,"show_arrows":false,"autorotate":false,"autorotate_speed":5,"use_content_above":true,"custom_class":""}},"1648777624d5fd79d7":{"type":"custom-content","blocks":{"89da0b7a-bc3c-4e7c-8147-0d573e62a508":{"type":"html","settings":{"code":"<div align=\"center\">\n<img class=\"lazyautosizes lazyloaded\" width=\"200\" src=\"https:\/\/cdn.shopifycdn.net\/s\/files\/1\/0603\/7431\/9272\/files\/Better-Blood-flow_2.jpg?v=1648894730\" alt=\"\"><br>\n<h4>Better Blood Flow<\/h4>\n<p>Your body get evenly forced on a ergo chair.<\/p>\n<\/div>","width":"25%","block_custom_class":""}},"6696a57e-46bc-44e2-b000-71ef64dbed0a":{"type":"html","settings":{"code":"<div align=\"center\">\n<img class=\"lazyautosizes lazyloaded\" width=\"200\" src=\"https:\/\/cdn.shopifycdn.net\/s\/files\/1\/0603\/7431\/9272\/files\/Get_Energized.jpg?v=1648894730\" alt=\"\">\n<br>\n<h4><span>Pain Relief<\/span><\/h4>\n<p><span>Ergo chair helps to keep a good posture<\/span>.<\/p>\n<\/div>","width":"25%","block_custom_class":""}},"0e6602dd-f1c4-4a0e-9bb1-dd82ff5982c0":{"type":"html","settings":{"code":"<div align=\"center\">\n<img class=\"lazyautosizes lazyloaded\" width=\"200\" src=\"https:\/\/cdn.shopifycdn.net\/s\/files\/1\/0603\/7431\/9272\/files\/Pain_Relief.jpg?v=1648894730\" alt=\"\">\n<p> <\/p>\n<h4><span>Get Energized<\/span><\/h4>\n<p><span>More than comfort you will have.<\/span><\/p>\n<\/div>","width":"25%","block_custom_class":""}},"5cf746be-8e90-4209-8c08-b8192d2b08d9":{"type":"html","settings":{"code":"<div align=\"center\">\n<img class=\"lazyautosizes lazyloaded\" width=\"200\" src=\"https:\/\/cdn.shopifycdn.net\/s\/files\/1\/0603\/7431\/9272\/files\/More_Flexibility.jpg?v=1648894730\" alt=\"\">\n<p> <\/p>\n<h4><span>More Flexibility<\/span><\/h4>\n<p><span>Ergo chairs have more adjustments.<\/span><\/p>\n<\/div>","width":"25%","block_custom_class":""}}},"block_order":["89da0b7a-bc3c-4e7c-8147-0d573e62a508","6696a57e-46bc-44e2-b000-71ef64dbed0a","0e6602dd-f1c4-4a0e-9bb1-dd82ff5982c0","5cf746be-8e90-4209-8c08-b8192d2b08d9"],"settings":{"heading":"","subheading":"","code":"","description":"","header_alignment":"center","container":"container","background_color":"#ffffff","gap":30,"use_scroll_mobile":false,"gap_mobile":16,"custom_class":"sf__benefit-ergo-box"}},"1648800371891bd12e":{"type":"custom-content","blocks":{"90b1884c-2fb6-4da1-900a-3f8434453dcc":{"type":"html","settings":{"code":"<video x5-playsinline=\"true\" playsinline=\"true\" webkit-playsinline=\"true\" width=\"auto\" height=\"auto\" controls=\"\">\n  <source src=\"https:\/\/cdn.shopify.com\/videos\/c\/o\/v\/6157122541cd4eccaffa9fa4a11f0538.mp4\" type=\"video\/mp4\">\n<\/source><\/video>","width":"100%","block_custom_class":""}},"17b081d8-6be9-49d9-94c8-df23b4b27987":{"type":"video","disabled":true,"settings":{"video_link":"https:\/\/www.youtube.com\/watch?v=UcbQd6JcOoI","ratio":"21:9","image":"shopify:\/\/shop_images\/odinlake-video-hover_1.jpg","video_title":"","text_size":"medium","text_color":"white","play_style":"solid","play_size":"medium","autoplay":false,"loop":false,"muted":false,"width":"100%","alignment":"start","block_custom_class":""}}},"block_order":["90b1884c-2fb6-4da1-900a-3f8434453dcc","17b081d8-6be9-49d9-94c8-df23b4b27987"],"settings":{"heading":"Spend Your Day & Night with OdinLake Ergo PLUS 743","subheading":"","code":"","description":"","header_alignment":"center","container":"container","background_color":"","gap":30,"use_scroll_mobile":false,"gap_mobile":16,"custom_class":"sf__odinlake-box"}},"1660531227739b9d5c":{"type":"custom-content","blocks":{"166053122554017b95-1":{"type":"image","settings":{"image":"shopify:\/\/shop_images\/OdinLake-Ergonomic-Chair-With-Breathable-Mesh-Ergo-PLUS-Chair-743_1.webp","link":"shopify:\/\/products\/odinlake-ergo-plus-743","width":"50%","alignment":"center","block_custom_class":""}},"c5da4900-d4c8-4da6-b4fd-83203409e08a":{"type":"product_form","settings":{"product":"odinlake-ergo-plus-743","show_quantity_selector":false,"show_vendor":false,"show_price":true,"show_add_to_cart":true,"show_product_review":true,"enable_payment_button":true,"width":"50%","alignment":"center","block_custom_class":""}}},"block_order":["166053122554017b95-1","c5da4900-d4c8-4da6-b4fd-83203409e08a"],"settings":{"heading":"Meet All You Need","subheading":"ODINLAKE ERGO CHAIR","code":"","description":"","header_alignment":"center","container":"container","background_color":"#f8f8f8","gap":30,"use_scroll_mobile":false,"gap_mobile":16,"custom_class":""}},"1648714334c3d3d30d":{"type":"custom-content","blocks":{"51d22c82-55ff-49d1-b6d0-207a8ec445af":{"type":"image_with_text","settings":{"image":"shopify:\/\/shop_images\/OdinLake_Ergo_PRO_633-1.webp","link":"shopify:\/\/products\/ergo-pro-odinlake-633","width":"33%","alignment":"start","subheading":"","code":"<h3><strong>OdinLake Ergo Pro 633<\/strong><\/h3><div class=\"prose\">\n<p>Get exhausted while working? Pro 633 will recharge your energy the professional way. Let nothing get in the way of your comfort.<\/p>\n\n<\/div>\n<div class=\"prose\">\n  <div class=\"odinlake_box1\">Chair Width<\/div>\n  <div class=\"odinlake_box2\">28.30”<\/div>\n<\/div>\n\n<div class=\"prose\">\n  <div class=\"odinlake_box1\">Base Size<\/div>\n  <div class=\"odinlake_box2\">20”<\/div>\n<\/div>\n\n<div class=\"prose\">\n  <div class=\"odinlake_box1\">Height Range:<\/div>\n  <div class=\"odinlake_box2\">44” – 49”<\/div>\n<\/div>\n\n<div class=\"prose\">\n  <div class=\"odinlake_box1\">Recline Range<\/div>\n  <div class=\"odinlake_box2\">45° recline<\/div>\n<\/div>\n<div class=\"prose\">\n  <div class=\"odinlake_box1\">Chair Weight<\/div>\n  <div class=\"odinlake_box2\">49 lbs<\/div>\n<\/div>\n<div class=\"prose\">\n  <div class=\"odinlake_box1\">Weight Capacity<\/div>\n  <div class=\"odinlake_box2\">up to 300 lbs<\/div>\n<\/div>\n<b>\n<div class=\"prose\">\n  <div class=\"odinlake_box1\">Adjustments<\/div>\n  <div class=\"odinlake_box2\">6<\/div>\n<\/div>\n<div class=\"prose\">\n  <div class=\"odinlake_box1\">Featured<\/div>\n  <div class=\"odinlake_box2\">Footrest<\/div>\n<\/div>\n\n<div class=\"prose\" style=\"color:#369abc\">\n  <div class=\"odinlake_box1\">Sale Price<\/div>\n  <div class=\"odinlake_box2\">$449.00<\/div>\n<\/div><\/b>\n\n<div class=\"prose\">\n<p> Pull out the built-in footrest under the seat and adjust the recline angle, then you will have an office chair become a recline chair.<\/p>\n\n<\/div>\n<div class=\"sf-hero__btn\">\n   <a href=\"https:\/\/www.odinlake.com\/products\/ergo-pro-odinlake-633\" class=\"sf__btn sf__btn-primary \">See Details<\/a>\n<\/div>","text":"","align_text":"left","text_size":"medium","text_color":"black","button_label":"","button_link":"","button_style":"sf__btn-primary","button_size":"","block_custom_class":""}},"d5b4c020-7563-4617-8edd-87ae56ed7c05":{"type":"image_with_text","settings":{"image":"shopify:\/\/shop_images\/OdinLake_Ergo_CORE_625-home.webp","link":"shopify:\/\/products\/ergo-core-odinlake-625","width":"33%","alignment":"start","subheading":"","code":"<style>\n.odinlake_box1 {width:150px; float:left; display:inline;border:red 0px solid;}\n.odinlake_box2 {width:200px; display:inline;border:green 0px solid;}\n.odinlake-product-compare img{\n  background-size:contain|cover;\n  width:100%;\n  height: 100%;\n  margin-top:10px;\n  padding-bottom: 10px;\n  }\n<\/style>\n\n\n<h3><strong>OdinLake Ergo Core 625<\/strong><\/h3>\n<div class=\"prose\">\n<p>Super soft cushioning to keep you relaxed and make you productive for more. Core 625 provides the best value of an Ergo Chair.<\/p>\n\n<\/div>\n<div class=\"prose\">\n  <div class=\"odinlake_box1\">Chair Width<\/div>\n  <div class=\"odinlake_box2\">26\"<\/div>\n<\/div>\n\n<div class=\"prose\">\n  <div class=\"odinlake_box1\">Base Size<\/div>\n  <div class=\"odinlake_box2\">17.5\"<\/div>\n<\/div>\n\n<div class=\"prose\">\n  <div class=\"odinlake_box1\">Height Range:<\/div>\n  <div class=\"odinlake_box2\">37\" – 40\"<\/div>\n<\/div>\n\n<div class=\"prose\">\n  <div class=\"odinlake_box1\">Recline Range<\/div>\n  <div class=\"odinlake_box2\">30° recline<\/div>\n<\/div>\n<div class=\"prose\">\n  <div class=\"odinlake_box1\">Chair Weight<\/div>\n  <div class=\"odinlake_box2\">31 lbs<\/div>\n<\/div>\n<div class=\"prose\">\n  <div class=\"odinlake_box1\">Weight Capacity<\/div>\n  <div class=\"odinlake_box2\">up to 300 lbs<\/div>\n<\/div>\n<b>\n<div class=\"prose\">\n  <div class=\"odinlake_box1\">Adjustments<\/div>\n  <div class=\"odinlake_box2\">3<\/div>\n<\/div>\n<div class=\"prose\">\n  <div class=\"odinlake_box1\">Featured<\/div>\n  <div class=\"odinlake_box2\">Thickened Cushion<\/div>\n<\/div>\n\n<div class=\"prose\" style=\"color:#369abc\">\n  <div class=\"odinlake_box1\">Sale Price<\/div>\n  <div class=\"odinlake_box2\">$249.00<\/div>\n<\/div><\/b>\n\n<div class=\"prose\">\n<p>Get yourself the best quality affordable chairs today. No need of emptying the wallet on ergo chair anymore.<\/p>\n\n<\/div>\n<div class=\"sf-hero__btn\">\n   <a href=\"https:\/\/www.odinlake.com\/products\/ergo-core-odinlake-625\" class=\"sf__btn sf__btn-primary \">See Details<\/a>\n<\/div>","text":"","align_text":"left","text_size":"medium","text_color":"black","button_label":"","button_link":"","button_style":"sf__btn-primary","button_size":"","block_custom_class":""}},"6d77060f-2cec-43a2-bbf0-54acd2dcfd27":{"type":"image_with_text","settings":{"image":"shopify:\/\/shop_images\/OdinLake_Ergo_ART_643-2.webp","link":"shopify:\/\/products\/ergo-art-odinlake-643","width":"33%","alignment":"start","subheading":"","code":"<h3><strong>OdinLake Ergo Art 643<\/strong><\/h3>\n\n<div class=\"prose\">\n<p>\"With sensitive intelligence to innovative simplicity. \" says Justus Kolberg, a remarkable German artist. Less is more.<\/p>\n<\/div>\n<div class=\"prose\">\n  <div class=\"odinlake_box1\">Chair Width<\/div>\n  <div class=\"odinlake_box2\">28.30”<\/div>\n<\/div>\n\n<div class=\"prose\">\n  <div class=\"odinlake_box1\">Base Size<\/div>\n  <div class=\"odinlake_box2\">20”<\/div>\n<\/div>\n\n<div class=\"prose\">\n  <div class=\"odinlake_box1\">Height Range:<\/div>\n  <div class=\"odinlake_box2\">45” – 51”<\/div>\n<\/div>\n\n<div class=\"prose\">\n  <div class=\"odinlake_box1\">Recline Range<\/div>\n  <div class=\"odinlake_box2\">35° recline<\/div>\n<\/div>\n<div class=\"prose\">\n  <div class=\"odinlake_box1\">Chair Weight<\/div>\n  <div class=\"odinlake_box2\">37 lbs<\/div>\n<\/div>\n<div class=\"prose\">\n  <div class=\"odinlake_box1\">Weight Capacity<\/div>\n  <div class=\"odinlake_box2\">up to 300 lb<\/div>\n<\/div>\n<b>\n<div class=\"prose\">\n  <div class=\"odinlake_box1\">Adjustments<\/div>\n  <div class=\"odinlake_box2\">5<\/div>\n<\/div>\n<div class=\"prose\">\n  <div class=\"odinlake_box1\">Featured<\/div>\n  <div class=\"odinlake_box2\">High Back<\/div>\n<\/div>\n\n<div class=\"prose\" style=\"color:#369abc\">\n  <div class=\"odinlake_box1\">Sale Price<\/div>\n  <div class=\"odinlake_box2\">$449.00<\/div>\n<\/div><\/b>\n\n<div class=\"prose\">\n<p>Equipped with multi-function mechanism from Germany BOCK.  BOCK-23 seat mechanism has the adaptive synchronous tilt function.<\/p>\n\n<\/div>\n<div class=\"sf-hero__btn\">\n   <a href=\"https:\/\/www.odinlake.com\/products\/ergo-art-odinlake-643\" class=\"sf__btn sf__btn-primary \">See Details<\/a>\n<\/div>","text":"","align_text":"left","text_size":"medium","text_color":"black","button_label":"","button_link":"","button_style":"sf__btn-primary","button_size":"","block_custom_class":""}},"7d9f31f1-9a57-4a57-8264-4d43d19e4437":{"type":"image","disabled":true,"settings":{"image":"shopify:\/\/shop_images\/OdinLake-Ergonomic-Chair-With-Breathable-Mesh-Ergo-PLUS-Chair-743_1.webp","link":"","width":"50%","alignment":"center","block_custom_class":""}},"482eba32-9e2d-475b-bbaa-981f59e4bbeb":{"type":"product_form","disabled":true,"settings":{"product":"odinlake-ergo-plus-743","show_quantity_selector":false,"show_vendor":false,"show_price":true,"show_add_to_cart":true,"show_product_review":true,"enable_payment_button":true,"width":"50%","alignment":"center","block_custom_class":""}},"c054725c-d90f-486c-962f-3733c297bfc5":{"type":"html","disabled":true,"settings":{"code":"<div class=\"odinlake-product-compare\">\n  <a href=\"https:\/\/www.odinlake.com\/products\/ergo-pro-odinlake-633\"> <img class=\"lazyautosizes lazyloaded\" src=\"https:\/\/cdn.shopifycdn.net\/s\/files\/1\/0603\/7431\/9272\/files\/Odinlake-Ergonomic-Office-Chair-With-Footrest-Ergo-PRO-Chair-633_1.jpg?v=1650624770\" alt=\"Odinlake Ergonomic Office Chair With Footrest Ergo PRO Chair 633\">  \n\n<h3>Ergo Pro 633<\/h3>\n<\/a>\n<div class=\"prose\">\n<p>Get exhausted while working? Pro 633 will recharge your energy the professional way. Let nothing get in the way of your comfort.<\/p>\n\n<\/div>\n<div class=\"prose\">\n  <div class=\"odinlake_box1\">Chair Width<\/div>\n  <div class=\"odinlake_box2\">28.30”<\/div>\n<\/div>\n\n<div class=\"prose\">\n  <div class=\"odinlake_box1\">Base Size<\/div>\n  <div class=\"odinlake_box2\">20”<\/div>\n<\/div>\n\n<div class=\"prose\">\n  <div class=\"odinlake_box1\">Height Range:<\/div>\n  <div class=\"odinlake_box2\">44” – 49”<\/div>\n<\/div>\n\n<div class=\"prose\">\n  <div class=\"odinlake_box1\">Recline Range<\/div>\n  <div class=\"odinlake_box2\">45° recline<\/div>\n<\/div>\n<div class=\"prose\">\n  <div class=\"odinlake_box1\">Chair Weight<\/div>\n  <div class=\"odinlake_box2\">49 lbs<\/div>\n<\/div>\n<div class=\"prose\">\n  <div class=\"odinlake_box1\">Weight Capacity<\/div>\n  <div class=\"odinlake_box2\">up to 300 lbs<\/div>\n<\/div>\n<b>\n<div class=\"prose\">\n  <div class=\"odinlake_box1\">Adjustments<\/div>\n  <div class=\"odinlake_box2\">6<\/div>\n<\/div>\n<div class=\"prose\">\n  <div class=\"odinlake_box1\">Featured<\/div>\n  <div class=\"odinlake_box2\">Footrest<\/div>\n<\/div>\n\n<div class=\"prose\" style=\"color:#369abc\">\n  <div class=\"odinlake_box1\">Sale Price<\/div>\n  <div class=\"odinlake_box2\">$449.00<\/div>\n<\/div><\/b>\n\n<div class=\"prose\">\n<p> Pull out the built-in footrest under the seat and adjust the recline angle, then you will have an office chair become a recline chair.<\/p>\n\n<\/div>\n<div class=\"sf-hero__btn\">\n   <a href=\"https:\/\/www.odinlake.com\/products\/ergo-pro-odinlake-633\" class=\"sf__btn sf__btn-primary \">See Details<\/a>\n<\/div>\n<\/div>","width":"33%","block_custom_class":""}},"8f8bb79a-3083-458a-a830-7ff301ffae11":{"type":"html","disabled":true,"settings":{"code":"<style>\n.odinlake_box1 {width:150px; float:left; display:inline;border:red 0px solid;}\n.odinlake_box2 {width:200px; display:inline;border:green 0px solid;}\n.odinlake-product-compare img{\n  background-size:contain|cover;\n  width:100%;\n  height: 100%;\n  margin-top:10px;\n  padding-bottom: 10px;\n  }\n<\/style>\n\n <div class=\"odinlake-product-compare\">   <a href=\"https:\/\/www.odinlake.com\/products\/ergo-core-odinlake-625\">\n  <img class=\"lazyautosizes lazyloaded\" src=\"https:\/\/cdn.shopify.com\/s\/files\/1\/0603\/7431\/9272\/files\/odinlake-mesh-office-chair-625_3.jpg?v=1656057855\" alt=\"Odinlake Ergonomic Chair With Breathable Mesh Ergo CORE Chair 625\">  \n<h3>Ergo Core 625<\/h3>\n<\/a>\n<div class=\"prose\">\n<p>Super soft cushioning to keep you relaxed and make you productive for more. Core 625 provides the best value of an Ergo Chair.<\/p>\n\n<\/div>\n<div class=\"prose\">\n  <div class=\"odinlake_box1\">Chair Width<\/div>\n  <div class=\"odinlake_box2\">26\"<\/div>\n<\/div>\n\n<div class=\"prose\">\n  <div class=\"odinlake_box1\">Base Size<\/div>\n  <div class=\"odinlake_box2\">17.5\"<\/div>\n<\/div>\n\n<div class=\"prose\">\n  <div class=\"odinlake_box1\">Height Range:<\/div>\n  <div class=\"odinlake_box2\">37\" – 40\"<\/div>\n<\/div>\n\n<div class=\"prose\">\n  <div class=\"odinlake_box1\">Recline Range<\/div>\n  <div class=\"odinlake_box2\">30° recline<\/div>\n<\/div>\n<div class=\"prose\">\n  <div class=\"odinlake_box1\">Chair Weight<\/div>\n  <div class=\"odinlake_box2\">31 lbs<\/div>\n<\/div>\n<div class=\"prose\">\n  <div class=\"odinlake_box1\">Weight Capacity<\/div>\n  <div class=\"odinlake_box2\">up to 300 lbs<\/div>\n<\/div>\n<b>\n<div class=\"prose\">\n  <div class=\"odinlake_box1\">Adjustments<\/div>\n  <div class=\"odinlake_box2\">3<\/div>\n<\/div>\n<div class=\"prose\">\n  <div class=\"odinlake_box1\">Featured<\/div>\n  <div class=\"odinlake_box2\">Thickened Cushion<\/div>\n<\/div>\n\n<div class=\"prose\" style=\"color:#369abc\">\n  <div class=\"odinlake_box1\">Sale Price<\/div>\n  <div class=\"odinlake_box2\">$249.00<\/div>\n<\/div><\/b>\n<\/div>\n<div class=\"prose\">\n<p>Get yourself the best quality affordable chairs today. No need of emptying the wallet on ergo chair anymore.<\/p>\n\n<\/div>\n<div class=\"sf-hero__btn\">\n   <a href=\"https:\/\/www.odinlake.com\/products\/ergo-core-odinlake-625\" class=\"sf__btn sf__btn-primary \">See Details<\/a><a>\n<\/a>\n<\/div><a>\n<\/a>","width":"33%","block_custom_class":""}},"2a150aa3-b3cf-4b53-aa1c-26ec30f827e4":{"type":"html","disabled":true,"settings":{"code":"<div class=\"odinlake-product-compare\">\n   <a href=\"https:\/\/www.odinlake.com\/products\/ergo-art-odinlake-643\"> <img class=\"lazyautosizes lazyloaded\" src=\"https:\/\/cdn.shopifycdn.net\/s\/files\/1\/0603\/7431\/9272\/files\/Odinlake-Ergonomic-Chair-With-High-Back-Ergo-ART-Chair-643_1.jpg?v=1650624770\" alt=\"Odinlake Ergonomic Chair With High Back Ergo ART Chair 643\">  \n<h3>Ergo Art 643<\/h3>\n<\/a>\n<div class=\"prose\">\n<p>\"With sensitive intelligence to innovative simplicity. \" says Justus Kolberg, a remarkable German artist. Less is more.<\/p>\n\n\n<\/div>\n<div class=\"prose\">\n  <div class=\"odinlake_box1\">Chair Width<\/div>\n  <div class=\"odinlake_box2\">28.30”<\/div>\n<\/div>\n\n<div class=\"prose\">\n  <div class=\"odinlake_box1\">Base Size<\/div>\n  <div class=\"odinlake_box2\">20”<\/div>\n<\/div>\n\n<div class=\"prose\">\n  <div class=\"odinlake_box1\">Height Range:<\/div>\n  <div class=\"odinlake_box2\">45” – 51”<\/div>\n<\/div>\n\n<div class=\"prose\">\n  <div class=\"odinlake_box1\">Recline Range<\/div>\n  <div class=\"odinlake_box2\">35° recline<\/div>\n<\/div>\n<div class=\"prose\">\n  <div class=\"odinlake_box1\">Chair Weight<\/div>\n  <div class=\"odinlake_box2\">37 lbs<\/div>\n<\/div>\n<div class=\"prose\">\n  <div class=\"odinlake_box1\">Weight Capacity<\/div>\n  <div class=\"odinlake_box2\">up to 300 lb<\/div>\n<\/div>\n<b>\n<div class=\"prose\">\n  <div class=\"odinlake_box1\">Adjustments<\/div>\n  <div class=\"odinlake_box2\">5<\/div>\n<\/div>\n<div class=\"prose\">\n  <div class=\"odinlake_box1\">Featured<\/div>\n  <div class=\"odinlake_box2\">High Back<\/div>\n<\/div>\n\n<div class=\"prose\" style=\"color:#369abc\">\n  <div class=\"odinlake_box1\">Sale Price<\/div>\n  <div class=\"odinlake_box2\">Sold Out<\/div>\n<\/div><\/b>\n<\/div>\n<div class=\"prose\">\n<p>Equipped with multi-function mechanism from Germany BOCK.  BOCK-23 seat mechanism has the adaptive synchronous tilt function.<\/p>\n\n<\/div>\n<div class=\"sf-hero__btn\">\n   <a href=\"https:\/\/www.odinlake.com\/products\/ergo-art-odinlake-643\" class=\"sf__btn sf__btn-primary \">See Details<\/a><a>\n<\/a>\n<\/div><a>\n<\/a>","width":"33%","block_custom_class":""}}},"block_order":["51d22c82-55ff-49d1-b6d0-207a8ec445af","d5b4c020-7563-4617-8edd-87ae56ed7c05","6d77060f-2cec-43a2-bbf0-54acd2dcfd27","7d9f31f1-9a57-4a57-8264-4d43d19e4437","482eba32-9e2d-475b-bbaa-981f59e4bbeb","c054725c-d90f-486c-962f-3733c297bfc5","8f8bb79a-3083-458a-a830-7ff301ffae11","2a150aa3-b3cf-4b53-aa1c-26ec30f827e4"],"settings":{"heading":"","subheading":"","code":"","description":"","header_alignment":"center","container":"container","background_color":"#f8f8f8","gap":30,"use_scroll_mobile":true,"gap_mobile":16,"custom_class":"sf__odinlake-box"}},"164924326397df09b3":{"type":"image-with-text","settings":{"heading":"","subheading":"","container":"container","background_color":"rgba(0,0,0,0)","item_gap":100,"item_gap_mobile":30,"image":"shopify:\/\/shop_images\/what-is-ergonomic-chair.png","link":"","layout":"left","image_column_size":"7","hover_effect":false,"title":"You Must  Know","sub_title":"","text":"<p>Life is full of ergonomics, we just take it for granted. Ergonomics simply means that product design that conforms to the physiological structure of the human body can be said to be ergonomic.<\/p>","text_size":"medium","content_alignment":"left","button_label":"Know More","button_link":"https:\/\/www.odinlake.com\/pages\/what-is-ergonomic-chair","button_style":"sf__btn-link","button_size":"","custom_class":""}},"16487115257075d3ae":{"type":"custom-content","blocks":{"efed93f0-738d-4d31-9eef-2764336f7503":{"type":"html","settings":{"code":"<style type=\"text\/css\"><!--\n.odinlake-bule-seller{\ncolor:write;\nfont-size:40px;\npadding-bottom: 10px;\n}\n@media only screen and (max-width: 768px) {\n.odinlake-bule-seller{\ncolor:write;\nfont-size:30px;\npadding-bottom: 10px;}\n}\n@media only screen and (min-width: 768px) {\n.odinlake-bule-seller{\ncolor:write;\nfont-size:40px;\n}\n}\n--><\/style>\n<div align=\"center\"><p class=\"prose odinlake-bule-seller\">Shop for your team? <u><a href=\"https:\/\/www.odinlake.com\/pages\/bulk-order\">Get special pricing<\/a><\/u><\/p><\/div>","width":"100%","block_custom_class":""}}},"block_order":["efed93f0-738d-4d31-9eef-2764336f7503"],"settings":{"heading":"","subheading":"","code":"<hr style=\" height:3px;background-color:#103F36;\">","description":"","header_alignment":"left","container":"w-full","background_color":"#103f36","gap":30,"use_scroll_mobile":false,"gap_mobile":16,"custom_class":""}},"162130168271c1c590":{"type":"testimonials","blocks":{"999ca211-ba03-410a-9dc3-0811c5247e0a":{"type":"testimonial","settings":{"title":"","description":"<p>Odinlake's ergonomic chairs are designed in collaboration with Justus Kolberg, an award-winning designer based in Hamburg, Germany.<\/p>","footer":"<p>A.P.<\/p>","image_text":"","image_link":"","product":""}},"162130168271c1c590-2":{"type":"testimonial","settings":{"title":"","description":"<p>Odinlake office chairs upgrade your home office to the first class—they’re designed to support your body comfortably for the long haul.<\/p>","footer":"<p>Benzinga<\/p>","image_text":"","image_link":"","product":""}},"162130168271c1c590-1":{"type":"testimonial","settings":{"title":"","description":"<p>Here is a chance to know more how different & important of a chair you sit on.<\/p>","footer":"<p>Seeking Alpha<\/p>","image_text":"","image_link":"","product":""}},"162130168271c1c590-0":{"type":"testimonial","settings":{"title":"Great chair","description":"<p>Everyone should decide to make an investment in a new office chair, especially an Ergo chair. Try Odinlake ergo chair now.<\/p>","footer":"<p>Finanzen.net<\/p>","image_text":"","image_link":"","product":""}},"979d9a45-df25-4846-b223-09ce3ab70305":{"type":"testimonial","settings":{"title":"","description":"<p>A good chair often means one that comes with a variety of adjustments. Odinlake chairs are ergonomically designed with adjustments.<\/p>","footer":"<p>WGN9<\/p>","image_text":"","image_link":"","product":""}},"775fa573-7f3f-4841-8c79-33fffcac0390":{"type":"testimonial","settings":{"title":"","description":"<p>Odinlake produces chairs from renewable and ocean plastics focused on environmental protection and sustainability.<\/p>","footer":"<p>Market Insider<\/p>","image_text":"","image_link":"","product":""}},"f3e7483a-d665-44b4-ae56-12d74ec4a21b":{"type":"testimonial","settings":{"title":"","description":"<p>Odinlake is a growing brand focused on the design and manufacture of ergonomic office products. All chairs are designed for both beauty and comfort.<\/p>","footer":"<p>Yahoo Finance<\/p>","image_text":"","image_link":"","product":""}}},"block_order":["999ca211-ba03-410a-9dc3-0811c5247e0a","162130168271c1c590-2","162130168271c1c590-1","162130168271c1c590-0","979d9a45-df25-4846-b223-09ce3ab70305","775fa573-7f3f-4841-8c79-33fffcac0390","f3e7483a-d665-44b4-ae56-12d74ec4a21b"],"settings":{"heading":"Partner's Voice","subheading":"","description":"","header_alignment":"center","container":"container","background_color":"#f9f8f7","design":"testimonials-2","show_stars":true,"autorotate":false,"show_navigation":false,"show_pagination":true,"star_color":"#ffcd6e","custom_class":"sf__index-testimonial"}},"1660388194d640fbe6":{"type":"image-with-text-2","settings":{"container":"w-full","hero_size":"large","show_overlay":false,"image":"shopify:\/\/shop_images\/OdinLake_Ergo_Plus_743-banner_PC.webp","bg_position":"center","image_link":"","parallax":false,"content_in_container":false,"content_position":"left top","text_alignment":"center","text_size":"medium","text_color":"white","title":"<span style=\"font-size:26px;  color:#103f36;  \">Putting people and technology first and<br> keeping you in the best postures<\/span>","subtitle":"","text":"","button_label":"Shop OdinLake  Ergo PLUS 743","button_link":"shopify:\/\/products\/odinlake-ergo-plus-743","button_style":"sf__btn-primary","button_size":"","mb_image":"shopify:\/\/shop_images\/Odinlake_Ergo_Plus_743-mobile.webp","use_content_above":false,"custom_class":""}},"1649385172f9ba0258":{"type":"slider","disabled":true,"blocks":{"164938517293b49902-0":{"type":"slider_item","settings":{"background":"shopify:\/\/shop_images\/OdinLake_Ergo_Plus_743-banner_PC.webp","mb_background":"shopify:\/\/shop_images\/Odinlake_Ergo_Plus_743-mobile.webp","image_alignment":"center","content_in_container":false,"content_position":"left top","text_alignment":"left","text_size":"medium","text_color":"black","subheading":"","title":"<style>\n.sf__slide-content{\n    padding-right: 40px;\n}\n<\/style>\n<span style=\"font-size:26px;  color:#103f36;  \">Putting people and technology first and<br> keeping you in the best postures<\/span>","description":"","image_link":"","button_text":"","button_link":"","button_style":"sf__btn-white","button_size":"","show_footer":false,"footer_alignment":"end","footer_text":"New Collection","footer_button":"Shop Now","footer_link":""}}},"block_order":["164938517293b49902-0"],"settings":{"container":"container","slideshow_height":"adapt","show_overlay":false,"dots_position":"bottom","dots_color":"light","show_dots":false,"show_arrows":false,"autorotate":false,"autorotate_speed":5,"use_content_above":true,"custom_class":"sf__odinlake-about-us"}},"1648714123247eb42e":{"type":"custom-content","blocks":{"1648714122b2295406-1":{"type":"image","settings":{"image":"shopify:\/\/shop_images\/287457604_3336515709953130_6428225655231951583_n.jpg","link":"","width":"16%","alignment":"center","block_custom_class":""}},"01b18b0c-49ff-4399-9937-2e8658ee9c22":{"type":"image","settings":{"image":"shopify:\/\/shop_images\/INS625-3.jpg","link":"","width":"16%","alignment":"center","block_custom_class":""}},"9b75fd6f-52cc-4d3f-b495-105a11787328":{"type":"image","settings":{"image":"shopify:\/\/shop_images\/274389518_261868636096395_5050190330505368846_n.jpg","link":"","width":"16%","alignment":"center","block_custom_class":""}},"7a540efd-761b-4ee1-b999-cf03d6845cf8":{"type":"image","settings":{"image":"shopify:\/\/shop_images\/1_6_32e391f0-54f6-4ecf-9c15-eba595d9b4fa.jpg","link":"","width":"16%","alignment":"center","block_custom_class":""}},"ae2cf6a1-1eac-4556-a36c-881fd81d0cd1":{"type":"image","settings":{"image":"shopify:\/\/shop_images\/1_13_2c20b72b-6453-4511-9254-e18385d2859c.jpg","link":"","width":"16%","alignment":"center","block_custom_class":""}},"4f6530a7-4fc8-4a54-ada9-173457939de1":{"type":"image","settings":{"image":"shopify:\/\/shop_images\/INS625-1_0a7a1abc-7e11-459d-a3b4-881f4dcbc7d6.jpg","link":"","width":"16%","alignment":"center","block_custom_class":""}}},"block_order":["1648714122b2295406-1","01b18b0c-49ff-4399-9937-2e8658ee9c22","9b75fd6f-52cc-4d3f-b495-105a11787328","7a540efd-761b-4ee1-b999-cf03d6845cf8","ae2cf6a1-1eac-4556-a36c-881fd81d0cd1","4f6530a7-4fc8-4a54-ada9-173457939de1"],"settings":{"heading":"🤗To shop, to share, and to get inspired🤗<br>@odinlake.store","subheading":"","code":"","description":"","header_alignment":"center","container":"container","background_color":"","gap":5,"use_scroll_mobile":true,"gap_mobile":3,"custom_class":""}},"1650014107d0264377":{"type":"custom-content","blocks":{"45cf82c5-921b-4030-be05-9df750b9ff2c":{"type":"html","settings":{"code":"<div align=\"center\"><p class=\"prose odinlake-bule-seller\">Interested in Becoming an Affiliate? <u><a href=\"https:\/\/www.odinlake.com\/pages\/affiliate-program\">Join Now<\/a><\/u><\/p><\/div>","width":"100%","block_custom_class":""}}},"block_order":["45cf82c5-921b-4030-be05-9df750b9ff2c"],"settings":{"heading":"","subheading":"","code":"","description":"","header_alignment":"center","container":"container-fluid","background_color":"#103f36","gap":30,"use_scroll_mobile":false,"gap_mobile":16,"custom_class":"sf__benefit-ergo-box"}},"1626320896bef268a6":{"type":"blog-posts","settings":{"heading":"Blog","subheading":"","description":"","header_alignment":"center","container":"container","background_color":"rgba(0,0,0,0)","blog":"ergonomic-chair","limit":3,"column":3,"column_gap":30,"mobile_gap":16,"article_image_aspect_ratio":"16\/9","article_align_content":"text-left","article_show_tags":false,"article_show_date":true,"article_show_excerpt":true,"article_show_button":true,"button_link":"shopify:\/\/blogs\/ergonomic-chair","button_text":"More","button_style":"sf__btn-primary","button_size":"","use_scroll_mobile":true,"custom_class":"sf__index-blog-posts"}}},"order":["1660389343ab6a6949","1660103690caf0e6eb","165630905118038945","1626321811f956c963","1648800123ad1fe9f3","1648710118084a5265","1648777624d5fd79d7","1648800371891bd12e","1660531227739b9d5c","1648714334c3d3d30d","164924326397df09b3","16487115257075d3ae","162130168271c1c590","1660388194d640fbe6","1649385172f9ba0258","1648714123247eb42e","1650014107d0264377","1626320896bef268a6"]}