{"sections":{"main":{"type":"page","disabled":true,"settings":{}},"16488708335828ad18":{"type":"image-with-text-2","settings":{"container":"w-full","hero_size":"small","show_overlay":true,"image":"shopify:\/\/shop_images\/DealerRetailer2.jpg","bg_position":"center","image_link":"","parallax":false,"content_in_container":false,"content_position":"center middle","text_alignment":"left","text_size":"medium","text_color":"white","title":"<span style=\"color: #fff;font-size:32px\">Assembly Videos<\/span>","subtitle":"","text":"","button_label":"","button_link":"","button_style":"sf__btn-primary","button_size":"","use_content_above":false,"custom_class":""}},"1648867448b35b4389":{"type":"custom-content","blocks":{"80ae83be-d666-463e-833d-78e027700224":{"type":"text","disabled":true,"settings":{"title":"","subheading":"","code":"","text":"<p>There are assembly manuals and videos of Odinlake. If you have any question, you can contact us customers@odinlake.com<\/p>","width":"100%","alignment":"center","align_text":"left","text_size":"medium","text_color":"black","button_label":"","button_link":"","button_style":"sf__btn-primary","button_size":"","block_custom_class":""}},"039a1dce-f549-48a4-9959-7cf9d90ec34f":{"type":"html","settings":{"code":"<p align=\"center\">Choose the model you bought<\/p>\n<br>\n<div align=\"center\">\n<div class=\"sf-hero__btn\">\n\n<a href=\"#625\" class=\"sf__btn sf__btn-primary \">625<\/a>\n\n<a href=\"#633\" class=\"sf__btn sf__btn-primary \">633<\/a>\n\n<a href=\"#643\" class=\"sf__btn sf__btn-primary \">643<\/a>\n<\/div>\n<\/div>","width":"100%","block_custom_class":""}},"d52dcf8c-231e-436d-98a8-cfd092bf883b":{"type":"text","settings":{"title":"<h3 id=\"625\">⭐625 Assembly<\/h3>","subheading":"","code":"","text":"","width":"100%","alignment":"center","align_text":"left","text_size":"medium","text_color":"black","button_label":"","button_link":"","button_style":"sf__btn-primary","button_size":"","block_custom_class":""}},"ae10d561-ace8-4049-bd2b-d948c1f5a555":{"type":"image","settings":{"image":"shopify:\/\/shop_images\/625_Assembly_Manual.jpg","link":"https:\/\/cdn.shopify.com\/s\/files\/1\/0603\/7431\/9272\/files\/odinlake-ergo-core-625-USER-GUIDE.pdf?v=1661419318","width":"50%","alignment":"end","block_custom_class":""}},"8a66a6f2-e5dd-446f-8cf5-238ba716107e":{"type":"video","settings":{"video_link":"https:\/\/www.youtube.com\/watch?v=_VfHNzq_k8I","ratio":"16:9","image":"shopify:\/\/shop_images\/2_2.png","video_title":"","text_size":"medium","text_color":"white","play_style":"solid","play_size":"medium","autoplay":false,"loop":false,"muted":false,"width":"50%","alignment":"start","block_custom_class":""}},"7546379c-bae7-4569-8a50-8a9e3b6ab453":{"type":"text","settings":{"title":"<h3 id=\"633\">⭐633 Assembly<\/h3>","subheading":"","code":"","text":"","width":"100%","alignment":"center","align_text":"left","text_size":"medium","text_color":"black","button_label":"","button_link":"","button_style":"sf__btn-primary","button_size":"","block_custom_class":""}},"39a5e486-3961-4dae-9c9e-d1d612b80f1d":{"type":"image","settings":{"image":"shopify:\/\/shop_images\/633_Assembly_Manual.jpg","link":"https:\/\/cdn.shopify.com\/s\/files\/1\/0603\/7431\/9272\/files\/odinlake-ergo-pro-633-USER-GUIDE.pdf?v=1661419318","width":"50%","alignment":"center","block_custom_class":""}},"77a4c5b2-32a3-482f-a8e2-12f7084fcbf9":{"type":"video","settings":{"video_link":"https:\/\/www.youtube.com\/watch?v=nNz_lYEZmys","ratio":"16:9","video_title":"","text_size":"medium","text_color":"white","play_style":"solid","play_size":"medium","autoplay":false,"loop":false,"muted":false,"width":"50%","alignment":"start","block_custom_class":""}},"ac00e566-a5c2-4a6b-bcbe-aec347b1ba23":{"type":"text","settings":{"title":"<h3 id=\"643\">⭐643 Assembly<\/h3>","subheading":"","code":"","text":"","width":"100%","alignment":"center","align_text":"left","text_size":"medium","text_color":"black","button_label":"","button_link":"","button_style":"sf__btn-primary","button_size":"","block_custom_class":""}},"3f8bef56-564d-497d-8104-d5685e0b6e34":{"type":"image","settings":{"image":"shopify:\/\/shop_images\/643_Assembly_Manual.jpg","link":"https:\/\/cdn.shopify.com\/s\/files\/1\/0603\/7431\/9272\/files\/odinlake-ergo-art-643-USER-GUIDE.pdf?v=1661419318","width":"50%","alignment":"center","block_custom_class":""}},"527a36d3-388d-443e-a764-1ab205d68044":{"type":"video","settings":{"video_link":"https:\/\/www.youtube.com\/watch?v=K--yA4vIj8A","ratio":"16:9","video_title":"","text_size":"medium","text_color":"white","play_style":"solid","play_size":"medium","autoplay":false,"loop":false,"muted":false,"width":"50%","alignment":"start","block_custom_class":""}}},"block_order":["80ae83be-d666-463e-833d-78e027700224","039a1dce-f549-48a4-9959-7cf9d90ec34f","d52dcf8c-231e-436d-98a8-cfd092bf883b","ae10d561-ace8-4049-bd2b-d948c1f5a555","8a66a6f2-e5dd-446f-8cf5-238ba716107e","7546379c-bae7-4569-8a50-8a9e3b6ab453","39a5e486-3961-4dae-9c9e-d1d612b80f1d","77a4c5b2-32a3-482f-a8e2-12f7084fcbf9","ac00e566-a5c2-4a6b-bcbe-aec347b1ba23","3f8bef56-564d-497d-8104-d5685e0b6e34","527a36d3-388d-443e-a764-1ab205d68044"],"settings":{"heading":"","subheading":"","code":"","description":"","header_alignment":"center","container":"container","background_color":"","gap":30,"use_scroll_mobile":false,"gap_mobile":16,"custom_class":""}},"1648871102b968cc46":{"type":"banner-with-slider","disabled":true,"blocks":{"1648871102ccf69d6f-0":{"type":"item_slide","settings":{"content_text_color":"black","content_position":"left middle","text_alignment":"left","subheading":"Hot this week","heading":"Chenille sweater with<br> raglan sleeves","description":"","button_text":"Shop Now","button_link":"","button_style":"sf__btn-link","button_size":""}},"1648871102ccf69d6f-1":{"type":"item_slide","settings":{"content_text_color":"black","content_position":"left middle","text_alignment":"left","subheading":"Hot this week","heading":"Chenille sweater with<br> raglan sleeves","description":"","button_text":"Shop Now","button_link":"","button_style":"sf__btn-link","button_size":""}},"1648871102ccf69d6f-2":{"type":"item_slide","settings":{"content_text_color":"black","content_position":"left middle","text_alignment":"left","subheading":"Hot this week","heading":"Chenille sweater with<br> raglan sleeves","description":"","button_text":"Shop Now","button_link":"","button_style":"sf__btn-link","button_size":""}}},"block_order":["1648871102ccf69d6f-0","1648871102ccf69d6f-1","1648871102ccf69d6f-2"],"settings":{"heading":"","subheading":"","header_alignment":"center","container":"container-fluid","background_color":"rgba(0,0,0,0)","slide_autoplay":false,"autorotate_speed":5,"button_text_1":"Shop Now","button_link_1":"","button_style_1":"sf__btn-white","button_size_1":"","button_text_2":"Shop Now","button_link_2":"","button_style_2":"sf__btn-white","button_size_2":"","button_text_3":"Shop Now","button_link_3":"","button_style_3":"sf__btn-white","button_size_3":"","custom_class":""}}},"order":["main","16488708335828ad18","1648867448b35b4389","1648871102b968cc46"]}