{"sections":{"main":{"type":"page","disabled":true,"settings":{}},"1651112987b652431e":{"type":"image-with-text-2","settings":{"container":"w-full","hero_size":"adapt","show_overlay":true,"image":"shopify:\/\/shop_images\/1_16dd9efd-4c3d-4c8b-8bdf-cdfa6d21a377.jpg","bg_position":"center","image_link":"","parallax":false,"content_in_container":false,"content_position":"center middle","text_alignment":"center","text_size":"medium","text_color":"white","title":"JOIN OUR TEAM","subtitle":"","text":"<p>We’re looking for great people to join our team and help us build the best way to make your office ergonomic.<\/p>","button_label":"","button_link":"","button_style":"sf__btn-primary","button_size":"","use_content_above":false,"custom_class":""}},"1651113231080ad8ee":{"type":"icon-box","disabled":true,"blocks":{"16511132310d1ba639-0":{"type":"iconbox","settings":{"image_by_url":"https:\/\/res.cloudinary.com\/pinpointhq\/image\/upload\/c_fit,dpr_1.0,f_auto,h_80,q_auto,w_400\/v1\/uploads\/production\/y21s3fzuui6ihbauiiwa","title":"<h5>500+ employees<\/h5>","description":"","link":"","button_label":"","button_link":"","button_style":"sf__btn-link","button_size":""}},"16511132310d1ba639-1":{"type":"iconbox","settings":{"image_by_url":"https:\/\/res.cloudinary.com\/pinpointhq\/image\/upload\/c_fit,dpr_1.0,f_auto,h_80,q_auto,w_400\/v1\/uploads\/production\/mqym8kxtmwqa1tvblzia","title":"<h5>5000+ sqft of factory space<\/h5>","description":"","link":"","button_label":"","button_link":"","button_style":"sf__btn-link","button_size":""}},"16511132310d1ba639-2":{"type":"iconbox","settings":{"image_by_url":"https:\/\/res.cloudinary.com\/pinpointhq\/image\/upload\/c_fit,dpr_1.0,f_auto,h_80,q_auto,w_400\/v1\/uploads\/production\/brnftajlojwnlyepdx8c","title":"<h5>American warehouses<\/h5>","description":"","link":"","button_label":"","button_link":"","button_style":"sf__btn-link","button_size":""}},"7df0c72d-528d-403a-b618-ba09b783875a":{"type":"iconbox","settings":{"image_by_url":"https:\/\/res.cloudinary.com\/pinpointhq\/image\/upload\/c_fit,dpr_1.0,f_auto,h_80,q_auto,w_400\/v1\/uploads\/production\/dm5lhlwlholznem07q38","title":"<h5>Over 10,000 chairs sold<\/h5>","description":"","link":"","button_label":"","button_link":"","button_style":"sf__btn-link","button_size":""}}},"block_order":["16511132310d1ba639-0","16511132310d1ba639-1","16511132310d1ba639-2","7df0c72d-528d-403a-b618-ba09b783875a"],"settings":{"heading":"","subheading":"","description":"","header_alignment":"center","container":"container-fluid","background_color":"#ececec","item_per_row":4,"item_gap":30,"item_gap_mobile":10,"card_style":"vertical","image_max_width":"70px","content_alignment":"center","hover_effect":"zoom-in","enable_slider":false,"show_pagination":false,"show_navigation":false,"use_scroll_mobile":true,"use_grid_column_mb":false,"custom_class":""}},"1651113236db6cfbcc":{"type":"custom-content","blocks":{"1651113236e41f8cea-0":{"type":"text","settings":{"title":"Our story","subheading":"","text":"<p>King.J Chao, Odinlake’s founder, is a freelancer who has an engineering background. He has been working from home all the time and needs simple-designed but ergonomic workspace in his life. So he contacted a college friend who is running a furniture factory. They did a lot of research and finally decided to start it with Ergonomic chairs. They praise highly optimal sitting posture to relieve or avoid back pain from prolonged sitting. They invited the German designer Justus Kolberg to carry out a new design of the product's appearance, creating the current ergonomic chair. After all these, what’s the brand name became a question. One thought came into King.J’d mind, “Odinlake” would be perfect. Combined with the engineering background and factory price, they do believe that Odinlake will provide the most ergonomically-designed and affordable Ergo furniture to people. Now there are only 3 models of chairs online, and a fancy-built electric desk will be coming online soon. Let’s expect it!<\/p>","width":"100%","alignment":"center","align_text":"center","text_size":"medium","text_color":"black","button_label":"","button_link":"","button_style":"sf__btn-primary","button_size":"","block_custom_class":""}},"1651113236e41f8cea-1":{"type":"image","disabled":true,"settings":{"link":"","width":"50%","alignment":"center","block_custom_class":""}}},"block_order":["1651113236e41f8cea-0","1651113236e41f8cea-1"],"settings":{"heading":"","subheading":"","description":"","header_alignment":"center","container":"container","background_color":"","gap":30,"use_scroll_mobile":false,"gap_mobile":16,"custom_class":""}},"165111369712182970":{"type":"icon-box","blocks":{"1651113697ea8e7bfa-0":{"type":"iconbox","settings":{"image_by_url":"https:\/\/cdn.shopifycdn.net\/s\/files\/1\/0603\/7431\/9272\/files\/num-1.png?v=1651228929","title":"<h5>Customer obsession<\/h5>","description":"<p>Our customers always deserve your best.<\/p>","link":"","button_label":"","button_link":"","button_style":"sf__btn-link","button_size":""}},"1651113697ea8e7bfa-1":{"type":"iconbox","settings":{"image_by_url":"https:\/\/cdn.shopifycdn.net\/s\/files\/1\/0603\/7431\/9272\/files\/num-2.png?v=1651228929","title":"<h5>Do it differently<\/h5>","description":"<p>Always keep thingking & being curious.<\/p>","link":"","button_label":"","button_link":"","button_style":"sf__btn-link","button_size":""}},"1651113697ea8e7bfa-2":{"type":"iconbox","settings":{"image_by_url":"https:\/\/cdn.shopifycdn.net\/s\/files\/1\/0603\/7431\/9272\/files\/num-3.png?v=1651228929","title":"<h5>Ownership mindset<\/h5>","description":"<p>You own your work and try your best.<\/p>","link":"","button_label":"","button_link":"","button_style":"sf__btn-link","button_size":""}},"bb95882e-c9c1-4d50-b1fa-55884b37ee30":{"type":"iconbox","settings":{"image_by_url":"https:\/\/cdn.shopifycdn.net\/s\/files\/1\/0603\/7431\/9272\/files\/num-4.png?v=1651229129","title":"<h5>Win together<\/h5>","description":"<p>A better you, a better team, a better company.<\/p>","link":"","button_label":"","button_link":"","button_style":"sf__btn-link","button_size":""}}},"block_order":["1651113697ea8e7bfa-0","1651113697ea8e7bfa-1","1651113697ea8e7bfa-2","bb95882e-c9c1-4d50-b1fa-55884b37ee30"],"settings":{"heading":"Guiding principles","subheading":"","description":"We don’t just want great resumes — we want great people.","header_alignment":"center","container":"container-fluid","background_color":"#f8f8f8","item_per_row":4,"item_gap":30,"item_gap_mobile":10,"card_style":"vertical","image_max_width":"40px","content_alignment":"center","hover_effect":"zoom-in","enable_slider":false,"show_pagination":false,"show_navigation":false,"use_scroll_mobile":true,"use_grid_column_mb":false,"custom_class":""}},"1651113713b15a607p":{"type":"contact-form","blocks":{"4681aca1-8d59-4dcb-b282-ad4b0670bf3c":{"type":"textblock","disabled":true,"settings":{"title":"Blog Writer","content":"<p>Marketing Team<\/p>"}},"ea745a56-ff4f-44fa-9727-61b13400da4f":{"type":"textblock","disabled":true,"settings":{"title":"","content":"<p>Customer Service Team<\/p>"}},"9937a982-d2f5-4131-8fef-a1a830a665a1":{"type":"textblock","disabled":true,"settings":{"title":"Category Specialist","content":"<p>Vancouver<br\/>Marketing<\/p>"}},"28cd9457-5e74-4f26-86eb-584cac30f161":{"type":"textblock","disabled":true,"settings":{"title":"Warehouse & Fulfillment","content":"<p>Full Time<br\/>Delivery Driver - $24\/HR +3 weeks paid vacation<\/p>"}}},"block_order":["4681aca1-8d59-4dcb-b282-ad4b0670bf3c","ea745a56-ff4f-44fa-9727-61b13400da4f","9937a982-d2f5-4131-8fef-a1a830a665a1","28cd9457-5e74-4f26-86eb-584cac30f161"],"settings":{"container":"container","title":"We would love to hear from you.","description":"<p>If you're interested in any position, please reach us anytime.<\/p>","show_name":true,"show_phone":true,"show_signup_email":true}},"1651113713b15a6070":{"type":"custom-content","disabled":true,"blocks":{"16511137138db9a1c5-0":{"type":"text","disabled":true,"settings":{"title":"Talk about your brand","subheading":"","text":"<p>Use this text to share information about your brand with your customers. Describe a product, share announcements, or welcome customers to your store.<\/p>","width":"50%","alignment":"center","align_text":"left","text_size":"medium","text_color":"black","button_label":"","button_link":"","button_style":"sf__btn-primary","button_size":"","block_custom_class":""}},"16511137138db9a1c5-1":{"type":"image","settings":{"link":"","width":"50%","alignment":"center","block_custom_class":""}},"c61190c5-1953-4514-b76d-273e712af31e":{"type":"image","settings":{"link":"","width":"50%","alignment":"center","block_custom_class":""}}},"block_order":["16511137138db9a1c5-0","16511137138db9a1c5-1","c61190c5-1953-4514-b76d-273e712af31e"],"settings":{"heading":"","subheading":"","description":"","header_alignment":"center","container":"container-fluid","background_color":"#f8f8f8","gap":30,"use_scroll_mobile":false,"gap_mobile":16,"custom_class":""}},"16511145004498e1f0":{"type":"image-with-text-2","disabled":true,"settings":{"container":"w-full","hero_size":"adapt","show_overlay":true,"bg_position":"center","image_link":"","parallax":false,"content_in_container":false,"content_position":"center middle","text_alignment":"center","text_size":"medium","text_color":"white","title":"Image with text overlay","subtitle":"","text":"<p>Use overlay text to give your customers insight into your brand. Select imagery and text that relates to your style and story.<\/p>","button_label":"Shop now","button_link":"","button_style":"sf__btn-primary","button_size":"","use_content_above":false,"custom_class":""}}},"order":["main","1651112987b652431e","1651113231080ad8ee","1651113236db6cfbcc","165111369712182970","1651113713b15a607p","1651113713b15a6070","16511145004498e1f0"]}