{"sections":{"main":{"type":"page","disabled":true,"settings":{}},"16488869708c5cfa99":{"type":"custom-content","blocks":{"92668e37-d9b4-486e-97b0-e37b02658768":{"type":"video","settings":{"video_link":"https:\/\/www.youtube.com\/watch?v=_9VUPq3SxOc","ratio":"16:9","video_title":"By: xxxxx","text_size":"medium","text_color":"black","play_style":"solid","play_size":"medium","autoplay":false,"loop":false,"width":"50%","alignment":"start","block_custom_class":""}},"8de75ea3-86f2-4d3e-8858-f5c24298bb80":{"type":"video","settings":{"video_link":"https:\/\/www.youtube.com\/watch?v=_9VUPq3SxOc","ratio":"16:9","video_title":"By: xxxxxf","text_size":"medium","text_color":"black","play_style":"outline","play_size":"medium","autoplay":false,"loop":false,"width":"50%","alignment":"start","block_custom_class":""}}},"block_order":["92668e37-d9b4-486e-97b0-e37b02658768","8de75ea3-86f2-4d3e-8858-f5c24298bb80"],"settings":{"heading":"<h1>Hear Friends Around You Say About Odinalke<\/h1>","subheading":"","description":"","header_alignment":"center","container":"container","background_color":"","gap":60,"use_scroll_mobile":false,"gap_mobile":30,"custom_class":""}},"1651045657b72413d1":{"type":"video","disabled":true,"settings":{"container":"container-fluid","background_color":"","video_link":"https:\/\/www.youtube.com\/watch?v=_9VUPq3SxOc","ratio":"16:9","video_title":"sdsd","text_size":"medium","text_color":"white","play_style":"solid","play_size":"medium","width":"650px","autoplay":false,"loop":false,"custom_class":""}}},"order":["main","16488869708c5cfa99","1651045657b72413d1"]}