{"sections":{"main":{"type":"page-about-us","settings":{}},"1660703671a5eb9064":{"type":"image-with-text-2","disabled":true,"settings":{"container":"w-full","hero_size":"small","show_overlay":false,"image":"shopify:\/\/shop_images\/OdinLake-Ergonomic-Chair-Aluminum-alloy-chair-Ergo-PLUS-Chair-743.webp","bg_position":"center","image_link":"","parallax":false,"content_in_container":false,"content_position":"right bottom","text_alignment":"center","text_size":"medium","text_color":"white","title":"","subtitle":"","text":"","button_label":"","button_link":"","button_style":"sf__btn-primary","button_size":"","use_content_above":false,"custom_class":""}},"166070417374aff8c9":{"type":"custom-content","blocks":{"16607041736e1937cb-0":{"type":"text","settings":{"title":"","subheading":"","code":"<h3><strong>Putting people and technology first and keeping you in the best postures.<\/strong><\/h3>","text":"","width":"100%","alignment":"center","align_text":"center","text_size":"medium","text_color":"black","button_label":"","button_link":"","button_style":"sf__btn-primary","button_size":"","block_custom_class":""}},"16607041736e1937cb-1":{"type":"image","disabled":true,"settings":{"link":"","width":"50%","alignment":"center","block_custom_class":""}}},"block_order":["16607041736e1937cb-0","16607041736e1937cb-1"],"settings":{"heading":"","subheading":"","code":"","description":"","header_alignment":"center","container":"container","background_color":"","gap":30,"use_scroll_mobile":false,"gap_mobile":16,"custom_class":""}},"1660705077b05253c7":{"type":"video","settings":{"container":"container","background_color":"#f8f8f8","video_link":"https:\/\/youtu.be\/wYeIQ5hKPF0","ratio":"16:9","video_title":"Know More About OdinLake","text_size":"large","text_color":"white","play_style":"solid","play_size":"medium","width":"900px","autoplay":false,"loop":false,"muted":false,"custom_class":""}},"1660816758ef729495":{"type":"custom-content","blocks":{"1660816757178e7229-1":{"type":"image","settings":{"image":"shopify:\/\/shop_images\/odinlake-ergonomic-chair-ergo-plus-743-designer.jpg","link":"","width":"33%","alignment":"center","block_custom_class":"odinlake_block2"}},"1660816757178e7229-0":{"type":"text","settings":{"title":"","subheading":"","code":"<div class=\"prose\">\n<h2>What Is OdinLake Doing?<\/h2>\n<p>Integrating design, research and development, production and sales, OdinLake is committed to high-end ergonomic office furniture. <\/p>\n\n<p>Life is full of ergonomics, we just take it for granted. Ergonomics simply means that product design that conforms to the physiological structure of the human body.<\/p>\n\n<p>OdinLake desires to break the convention and explore the artistic office and bring the ergonomic office furniture that combines fabulous design and practicality. High-end quality is just the foundation of a business.<\/p>\n\n<br>\n<h2>Why We Sell Only A Few Options<\/h2>\n\n<p>Has been focused on the office furniture industry for decades, OdinLake provides global users with excellent service and design from the angle of ergonomics. We know what users care about and what users need. From work to leisure, from theory to reality, with the concept of innovation, we selected the most popular designs, basic needs and affordable ergonomic furniture for users. <\/p>\n\n<p>Meanwhile, we welcome all feedback on service, design, categories and function innovation from users. <\/p>\n<\/div>","text":"","width":"66%","alignment":"center","align_text":"left","text_size":"medium","text_color":"black","button_label":"","button_link":"","button_style":"sf__btn-primary","button_size":"","block_custom_class":"odinlake_block1"}},"e058c483-3405-4690-a2eb-e061a16fe81b":{"type":"text","disabled":true,"settings":{"title":"<h2>Why We Sell Only A Few Options<\/h2>","subheading":"","code":"","text":"<p>Has been focused on the office furniture industry for decades, OdinLake provides global users with excellent service and design from the angle of ergonomics. We know what users care about and what users need. From work to leisure, from theory to reality, with the concept of innovation, we selected the most popular designs, basic needs and affordable ergonomic furniture for users. <\/p><p>Meanwhile, we welcome all feedback on service, design, categories and function innovation from users. <\/p>","width":"100%","alignment":"center","align_text":"left","text_size":"medium","text_color":"black","button_label":"","button_link":"","button_style":"sf__btn-primary","button_size":"","block_custom_class":""}},"9585e1e8-8ab0-4a24-9c07-3b13f6f0f96f":{"type":"image_with_text","disabled":true,"settings":{"link":"","width":"50%","alignment":"start","subheading":"","code":"","text":"<p>Use this text to share information about your brand with your customers. Describe a product, share announcements, or welcome customers to your store.<\/p>","align_text":"left","text_size":"medium","text_color":"black","button_label":"","button_link":"","button_style":"sf__btn-primary","button_size":"","block_custom_class":""}},"d3b2e79a-a3e1-4c61-912a-252b10e91512":{"type":"text","settings":{"title":"","subheading":"","code":"<div class=\"prose\">\n<h2>What Is OdinLake Heading For?<\/h2>\n<p>“Adjustable” is one of the basic features for “Ergonomics”. OdinLake has been inspired from nature, architecture and modern technological products and presented many fancy and practical ergonomic office furniture. We will bring all the beautiful design and high-end quality ergonomic products to users.<\/p> \n\n<p>We won’t stop to explore the beauty and innovation in ergonomic furniture.<\/p>\n\n\n<br>\n<h2>What Is Promised By OdinLake<\/h2>\n\n<p><strong>Quality:<\/strong> we place a high value on quality, following strict Global ISO9000 quality manufacturing standards. Meet the highest office chair production requirements. <\/p>\n\n<p><strong>Service:<\/strong> we welcome all feedback on products, service, design, categories and function innovation from users. Contact us by customers@odinlake.com.<\/p>\n\n\n<p><strong>Design:<\/strong> we promise the comfort and ergonomics of OdinLake products, and embrace ideals of designers and make it practical and possible.<\/p>\n<\/div>","text":"","width":"66%","alignment":"center","align_text":"left","text_size":"medium","text_color":"black","button_label":"","button_link":"","button_style":"sf__btn-primary","button_size":"","block_custom_class":"odinlake_block3"}},"a72636f1-72ba-41e6-8b1e-9e9627e7c864":{"type":"image","settings":{"image":"shopify:\/\/shop_images\/odinlake-factory_1.jpg","link":"","width":"33%","alignment":"center","block_custom_class":"odinlake_block4"}},"f016fe5f-ce0f-4623-8220-e777e53ed3ac":{"type":"text","disabled":true,"settings":{"title":"<h2>What Is Promised By OdinLake<\/h2>","subheading":"","code":"","text":"<p><strong>Quality:<\/strong> we place a high value on quality, following strict Global ISO9000 quality manufacturing standards. Meet the highest office chair production requirements. <\/p><p><strong>Service<\/strong>: we welcome all feedback on products, service, design, categories and function innovation from users. Contact us by customers@odinlake.com.<\/p><p><strong>Design<\/strong>：we promise the comfort and ergonomics of OdinLake products, and embrace ideals of designers and make it practical and possible.<\/p>","width":"100%","alignment":"center","align_text":"left","text_size":"medium","text_color":"black","button_label":"","button_link":"","button_style":"sf__btn-primary","button_size":"","block_custom_class":""}}},"block_order":["1660816757178e7229-1","1660816757178e7229-0","e058c483-3405-4690-a2eb-e061a16fe81b","9585e1e8-8ab0-4a24-9c07-3b13f6f0f96f","d3b2e79a-a3e1-4c61-912a-252b10e91512","a72636f1-72ba-41e6-8b1e-9e9627e7c864","f016fe5f-ce0f-4623-8220-e777e53ed3ac"],"settings":{"heading":"","subheading":"","code":"","description":"","header_alignment":"center","container":"container","background_color":"","gap":30,"use_scroll_mobile":false,"gap_mobile":16,"custom_class":""}},"166070413051effed4":{"type":"custom-liquid","disabled":true,"settings":{"custom_liquid":"","custom_class":""}},"164888628217d4dd1c":{"type":"image-with-text","disabled":true,"settings":{"heading":"","subheading":"","container":"container","background_color":"rgba(0,0,0,0)","item_gap":100,"item_gap_mobile":30,"image":"shopify:\/\/shop_images\/odinlake-ergonomic-chair-ergo-plus-743-designer.jpg","link":"","layout":"right","image_column_size":"4","hover_effect":false,"title":"<h2>What Is OdinLake Doing?<\/h2>","sub_title":"","text":"<p>Integrating design, research and development, production and sales, OdinLake is committed to high-end ergonomic office furniture. <\/p><p>Life is full of ergonomics, we just take it for granted. Ergonomics simply means that product design that conforms to the physiological structure of the human body.<\/p><p>OdinLake desires to break the convention and explore the artistic office and bring the ergonomic office furniture that combines fabulous design and practicality. High-end quality is just the foundation of a business.<\/p>","text_size":"medium","content_alignment":"left","button_label":"","button_link":"","button_style":"sf__btn-link","button_size":"","custom_class":""}},"1648886175e50e93a2":{"type":"image-with-text","disabled":true,"settings":{"heading":"","subheading":"","container":"container","background_color":"rgba(0,0,0,0)","item_gap":100,"item_gap_mobile":30,"image":"shopify:\/\/shop_images\/odinlake-ergonomic-chair-ergo-plus-743-designer.jpg","link":"","layout":"left","image_column_size":"4","hover_effect":false,"title":"<h2>Why We Sell Only A Few Options<\/h2>","sub_title":"","text":"<p>Has been focused on the office furniture industry for decades, OdinLake provides global users with excellent service and design from the angle of ergonomics. We know what users care about and what users need. From work to leisure, from theory to reality, with the concept of innovation, we selected the most popular designs, basic needs and affordable ergonomic furniture for users. <\/p><p>Meanwhile, we welcome all feedback on service, design, categories and function innovation from users. <\/p>","text_size":"medium","content_alignment":"left","button_label":"","button_link":"","button_style":"sf__btn-link","button_size":"","custom_class":""}},"16488862860e1a9f72":{"type":"image-with-text","disabled":true,"settings":{"heading":"","subheading":"","container":"container","background_color":"rgba(0,0,0,0)","item_gap":100,"item_gap_mobile":30,"image":"shopify:\/\/shop_images\/odinlakechairtester1-1644827782386.jpg","link":"","layout":"right","image_column_size":"6","hover_effect":false,"title":"An Office Chair Should Last 10 Years","sub_title":"COMPANY MISSION","text":"<p>Odinlake uses engineering-grade materials to allow the chair to reach 10 years of service life, much higher than the 2-year service life of chairs on the market. We use class 3 and BIFAMA certified gas lift with lifespan of 35,000 cycles with 10 adjustments per day for 10 years of continuous use. In addition, structural parts added with polymer materials will not oxidize and lose elasticity for 10 years.<br\/><\/p>","text_size":"medium","content_alignment":"left","button_label":"","button_link":"","button_style":"sf__btn-link","button_size":"","custom_class":""}},"1648886393ac51baae":{"type":"image-with-text","disabled":true,"settings":{"heading":"","subheading":"","container":"container","background_color":"rgba(0,0,0,0)","item_gap":100,"item_gap_mobile":30,"image":"shopify:\/\/shop_images\/c2b52436-0aa7-40f7-b0be-613e20a4d66c.jpg","link":"","layout":"right","image_column_size":"6","hover_effect":false,"title":"What Is OdinLake Heading For?","sub_title":"","text":"<p>“Adjustable” is one of the basic features for “Ergonomics”. OdinLake has been inspired from nature, architecture and modern technological products and presented many fancy and practical ergonomic office furniture. We will bring all the beautiful design and high-end quality ergonomic products to users. <\/p><p>We won’t stop to explore the beauty and innovation in ergonomic furniture.<\/p>","text_size":"medium","content_alignment":"left","button_label":"","button_link":"","button_style":"sf__btn-link","button_size":"","custom_class":""}},"1648886443d71d9913":{"type":"image-with-text","disabled":true,"settings":{"heading":"","subheading":"","container":"container","background_color":"rgba(0,0,0,0)","item_gap":100,"item_gap_mobile":30,"image":"shopify:\/\/shop_images\/iso9000-1639480675781.jpg","link":"","layout":"left","image_column_size":"6","hover_effect":false,"title":"What Is Promised By OdinLake","sub_title":"","text":"<p><strong>Quality:<\/strong> we place a high value on quality, following strict Global ISO9000 quality manufacturing standards. Meet the highest office chair production requirements. <\/p><p><strong>Service<\/strong>: we welcome all feedback on products, service, design, categories and function innovation from users. Contact us by customers@odinlake.com.<\/p><p><strong>Design<\/strong>：we promise the comfort and ergonomics of OdinLake products, and embrace ideals of designers and make it practical and possible.<\/p>","text_size":"medium","content_alignment":"left","button_label":"","button_link":"","button_style":"sf__btn-link","button_size":"","custom_class":""}},"icon-box":{"type":"icon-box","blocks":{"c8a16382-6620-4bcf-ba3e-1bb9d69d5b77":{"type":"iconbox","settings":{"image_by_url":"https:\/\/cdn.shopifycdn.net\/s\/files\/1\/0603\/7431\/9272\/files\/free-shipping.svg?v=1649244218","title":"Free Shipping","description":"<p>Ship within 24 hours<br\/>3-6 Days Delivery<\/p>","link":"","button_label":"","button_link":"","button_style":"sf__btn-link","button_size":""}},"13184979-bd7f-482c-865f-60738819a029":{"type":"iconbox","settings":{"image_by_url":"https:\/\/cdn.shopifycdn.net\/s\/files\/1\/0603\/7431\/9272\/files\/Manufacturer-Price.svg?v=1649244580","title":"Manufacturer Price","description":"<p>Manufacturer sell direct<br\/>& Share the savings<\/p>","link":"","button_label":"","button_link":"","button_style":"sf__btn-link","button_size":""}},"c4cf2072-efce-4cb9-b184-14404b61e2a3":{"type":"iconbox","settings":{"image_by_url":"https:\/\/cdn.shopifycdn.net\/s\/files\/1\/0603\/7431\/9272\/files\/10-Year-Warranty.svg?v=1649244747","title":"Up To 5-Year Warranty","description":"<p>A good office chair should<br\/>last 5 years<\/p>","link":"","button_label":"","button_link":"","button_style":"sf__btn-link","button_size":""}},"8e15d521-c62b-4552-a64a-94ead24641e5":{"type":"iconbox","settings":{"image_by_url":"https:\/\/cdn.shopifycdn.net\/s\/files\/1\/0603\/7431\/9272\/files\/Contact-Us.svg?v=1649244579","title":"Contact Us","description":"<p>Any problem, we are always<br\/>here for you<\/p>","link":"","button_label":"","button_link":"","button_style":"sf__btn-link","button_size":""}}},"block_order":["c8a16382-6620-4bcf-ba3e-1bb9d69d5b77","13184979-bd7f-482c-865f-60738819a029","c4cf2072-efce-4cb9-b184-14404b61e2a3","8e15d521-c62b-4552-a64a-94ead24641e5"],"settings":{"heading":"","subheading":"","description":"","header_alignment":"center","container":"container-fluid","background_color":"#ffffff","item_per_row":4,"item_gap":30,"item_gap_mobile":10,"card_style":"horizontal","image_max_width":"30px","content_alignment":"start","hover_effect":"none","enable_slider":false,"show_pagination":false,"show_navigation":false,"use_scroll_mobile":false,"use_grid_column_mb":false,"custom_class":"sf__page-about"}},"1648886540bd375830":{"type":"newsletter","settings":{"container":"w-full","background_color":"#f8f8f8","form_layout":"vertical","form_design":"1","heading":"<h2>Stay In Touch<\/h2>","description":"<p>Get 10% off your first purchase by joining our mailing list, and receive some of the best deals possible.<\/p><p>*By clicking “SUBSCRIBE”,you agree to the Terms of Use and Privacy Policy.<\/p>","email_placeholder":"Enter your email","submit_button":"Subscribe","text_color":"black","show_icon":true,"icon_img":"shopify:\/\/shop_images\/1__1_e161328b-9a3c-479d-a5dc-945e5092a154.png","icon_img_width":"120","show_agreement":false}}},"order":["main","1660703671a5eb9064","166070417374aff8c9","1660705077b05253c7","1660816758ef729495","166070413051effed4","164888628217d4dd1c","1648886175e50e93a2","16488862860e1a9f72","1648886393ac51baae","1648886443d71d9913","icon-box","1648886540bd375830"]}