{"sections":{"main":{"type":"page","disabled":true,"settings":{}},"16488869708c5cfa99":{"type":"custom-content","blocks":{"92668e37-d9b4-486e-97b0-e37b02658768":{"type":"video","settings":{"video_link":"https:\/\/www.youtube.com\/watch?v=LkM5C9iSRf8","ratio":"16:9","video_title":"Ergo Art 643 Review | Mr. Gizmo","text_size":"medium","text_color":"white","play_style":"solid","play_size":"medium","autoplay":false,"loop":false,"width":"50%","alignment":"start","block_custom_class":""}},"92668e37-d9b4-486e-97b0-e37b02658769":{"type":"video","settings":{"video_link":"https:\/\/www.youtube.com\/watch?v=EPbYRipbULg","ratio":"16:9","video_title":"Ergo Pro 633 Review | BigFishTech","text_size":"medium","text_color":"white","play_style":"solid","play_size":"medium","autoplay":false,"loop":false,"width":"50%","alignment":"start","block_custom_class":""}},"92668e37-d9b4-486e-97b0-e37b02658770":{"type":"video","settings":{"video_link":"https:\/\/www.youtube.com\/watch?v=0MUvoz2KAVQ","ratio":"16:9","video_title":"Ergo Pro 633 Review | RA Visuals","text_size":"medium","text_color":"white","play_style":"solid","play_size":"medium","autoplay":false,"loop":false,"width":"50%","alignment":"start","block_custom_class":""}},"92668e37-d9b4-486e-97b0-e37b02658771":{"type":"video","settings":{"video_link":"https:\/\/www.youtube.com\/watch?v=mAzO9K6V0o4","ratio":"16:9","video_title":"Ergo Pro 633 Review | Visionix","text_size":"medium","text_color":"white","play_style":"solid","play_size":"medium","autoplay":false,"loop":false,"width":"50%","alignment":"start","block_custom_class":""}},"92668e37-d9b4-486e-97b0-e37b02658772":{"type":"video","settings":{"video_link":"https:\/\/www.youtube.com\/watch?v=I3HxgC9F1b8","ratio":"16:9","video_title":"Ergo Pro 633 Review | 1 Up Nerdcore","text_size":"medium","text_color":"white","play_style":"solid","play_size":"medium","autoplay":false,"loop":false,"width":"50%","alignment":"start","block_custom_class":""}},"92668e37-d9b4-486e-97b0-e37b02658773":{"type":"video","settings":{"video_link":"https:\/\/www.youtube.com\/watch?v=WDinAJPHL0g","ratio":"16:9","video_title":"Ergo Pro 633 Review | Brian Unboxed","text_size":"medium","text_color":"white","play_style":"solid","play_size":"medium","autoplay":false,"loop":false,"width":"50%","alignment":"start","block_custom_class":""}},"92668e37-d9b4-486e-97b0-e37b02658774":{"type":"video","settings":{"video_link":"https:\/\/www.youtube.com\/watch?v=i-iktGqEay0&t=1s","ratio":"16:9","video_title":"Ergo Pro 633 Review | VicariousNick","text_size":"medium","text_color":"white","play_style":"solid","play_size":"medium","autoplay":false,"loop":false,"width":"50%","alignment":"start","block_custom_class":""}},"92668e37-d9b4-486e-97b0-e37b02658775":{"type":"video","settings":{"video_link":"https:\/\/www.youtube.com\/watch?v=bb0B82mWAjM&t=3s","ratio":"16:9","video_title":"Ergo Art 643 Review | LuckyStrikeTech","text_size":"medium","text_color":"white","play_style":"solid","play_size":"medium","autoplay":false,"loop":false,"width":"50%","alignment":"start","block_custom_class":""}},"92668e37-d9b4-486e-97b0-e37b02658776":{"type":"video","settings":{"video_link":"https:\/\/www.youtube.com\/watch?v=CZ9xFIjoOM8","ratio":"16:9","video_title":"Ergo Art 643 Review | Dragon Blogger Technology and Entertainment","text_size":"medium","text_color":"white","play_style":"solid","play_size":"medium","autoplay":false,"loop":false,"width":"50%","alignment":"start","block_custom_class":""}},"92668e37-d9b4-486e-97b0-e37b02658777":{"type":"video","settings":{"video_link":"https:\/\/www.youtube.com\/watch?v=KSXxgs-d6d0","ratio":"16:9","video_title":"Ergo Art 643 Review | Ama Calculator Review","text_size":"medium","text_color":"white","play_style":"solid","play_size":"medium","autoplay":false,"loop":false,"width":"50%","alignment":"start","block_custom_class":""}},"92668e37-d9b4-486e-97b0-e37b02658778":{"type":"video","settings":{"video_link":"https:\/\/www.youtube.com\/watch?v=ONNO43kbgLs","ratio":"16:9","video_title":"Ergo Pro 633 Review | Gamer Setup","text_size":"medium","text_color":"white","play_style":"solid","play_size":"medium","autoplay":false,"loop":false,"width":"50%","alignment":"start","block_custom_class":""}},"92668e37-d9b4-486e-97b0-e37b02658779":{"type":"video","settings":{"video_link":"https:\/\/www.youtube.com\/watch?v=gPDN4ouXrWM","ratio":"16:9","video_title":"Ergo Pro 633 Review | Robert Veach","text_size":"medium","text_color":"white","play_style":"solid","play_size":"medium","autoplay":false,"loop":false,"width":"50%","alignment":"start","block_custom_class":""}},"92668e37-d9b4-486e-97b0-e37b02658780":{"type":"video","settings":{"video_link":"https:\/\/www.youtube.com\/watch?v=qyTcPge_xQY","ratio":"16:9","video_title":"Ergo Core 625 Review | RedGiraffe","text_size":"medium","text_color":"white","play_style":"solid","play_size":"medium","autoplay":false,"loop":false,"width":"50%","alignment":"start","block_custom_class":""}},"92668e37-d9b4-486e-97b0-e37b02658781":{"type":"video","settings":{"video_link":"https:\/\/www.youtube.com\/watch?v=OkeoTmAUF1o","ratio":"16:9","video_title":"Ergo Pro 633 Review | Galaxy Tech Review","text_size":"medium","text_color":"white","play_style":"solid","play_size":"medium","autoplay":false,"loop":false,"width":"50%","alignment":"start","block_custom_class":""}},"92668e37-d9b4-486e-97b0-e37b02658782":{"type":"video","settings":{"video_link":"https:\/\/www.youtube.com\/watch?v=vudzeQStHr8&t=355s","ratio":"16:9","video_title":"Ergo Pro 633 Review | Deep South Homestead","text_size":"medium","text_color":"white","play_style":"solid","play_size":"medium","autoplay":false,"loop":false,"width":"50%","alignment":"start","block_custom_class":""}},"92668e37-d9b4-486e-97b0-e37b02658783":{"type":"video","settings":{"video_link":"https:\/\/www.youtube.com\/watch?v=IEiLI-rpOv0","ratio":"16:9","video_title":"Ergo Art 643 Review | GH Tech Review","text_size":"medium","text_color":"white","play_style":"solid","play_size":"medium","autoplay":false,"loop":false,"width":"50%","alignment":"start","block_custom_class":""}},"92668e37-d9b4-486e-97b0-e37b02658784":{"type":"video","settings":{"video_link":"https:\/\/www.youtube.com\/watch?v=IrVyZhZ9Rw4","ratio":"16:9","video_title":"Ergo Pro 633 Review | Sicsen","text_size":"medium","text_color":"white","play_style":"solid","play_size":"medium","autoplay":false,"loop":false,"width":"50%","alignment":"start","block_custom_class":""}},"92668e37-d9b4-486e-97b0-e37b02658785":{"type":"video","settings":{"video_link":"https:\/\/www.youtube.com\/watch?v=XydYq4p1tok","ratio":"16:9","video_title":"Ergo Art 643 Review | Z0VRIS","text_size":"medium","text_color":"white","play_style":"solid","play_size":"medium","autoplay":false,"loop":false,"width":"50%","alignment":"start","block_custom_class":""}},"92668e37-d9b4-486e-97b0-e37b02658786":{"type":"video","settings":{"video_link":"https:\/\/www.youtube.com\/watch?v=pTJxz3sbDMI","ratio":"16:9","video_title":"Ergo Art 643 Review | herve fontaine","text_size":"medium","text_color":"white","play_style":"solid","play_size":"medium","autoplay":false,"loop":false,"width":"50%","alignment":"start","block_custom_class":""}},"92668e37-d9b4-486e-97b0-e37b02658787":{"type":"video","settings":{"video_link":"https:\/\/www.youtube.com\/watch?v=iANF6UW3Zko","ratio":"16:9","video_title":"Ergo Art 643 Review | TechWalls","text_size":"medium","text_color":"white","play_style":"solid","play_size":"medium","autoplay":false,"loop":false,"width":"50%","alignment":"start","block_custom_class":""}}},"block_order":["92668e37-d9b4-486e-97b0-e37b02658768","92668e37-d9b4-486e-97b0-e37b02658769","92668e37-d9b4-486e-97b0-e37b02658770","92668e37-d9b4-486e-97b0-e37b02658771","92668e37-d9b4-486e-97b0-e37b02658772","92668e37-d9b4-486e-97b0-e37b02658773","92668e37-d9b4-486e-97b0-e37b02658774","92668e37-d9b4-486e-97b0-e37b02658775","92668e37-d9b4-486e-97b0-e37b02658776","92668e37-d9b4-486e-97b0-e37b02658777","92668e37-d9b4-486e-97b0-e37b02658778","92668e37-d9b4-486e-97b0-e37b02658779","92668e37-d9b4-486e-97b0-e37b02658780","92668e37-d9b4-486e-97b0-e37b02658781","92668e37-d9b4-486e-97b0-e37b02658782","92668e37-d9b4-486e-97b0-e37b02658783","92668e37-d9b4-486e-97b0-e37b02658784","92668e37-d9b4-486e-97b0-e37b02658785","92668e37-d9b4-486e-97b0-e37b02658786","92668e37-d9b4-486e-97b0-e37b02658787"],"settings":{"heading":"<h1>Odinlake Video Review<\/h1>","subheading":"","description":"","header_alignment":"center","container":"container","background_color":"","gap":60,"use_scroll_mobile":false,"gap_mobile":30,"custom_class":""}}},"order":["main","16488869708c5cfa99"]}