{"sections":{"main":{"type":"page","settings":{}},"1650869093d4514b4e":{"type":"custom-content","disabled":true,"blocks":{"35175d49-df60-47cb-999d-2b24ed50236d":{"type":"html","settings":{"code":"<script type=\"text\/javascript\">\nfunction odinlake_copy() {\n  var odinlake_e = document.getElementById(\"odinlake_copy\");\n  odinlake_e.select();\n  document.execCommand(\"Copy\"); \n  alert(\"Copy Successfully！\");\n  }\n<\/script>","width":"100%","block_custom_class":""}},"17f125d8-b1d4-4ff6-af85-c969f351d910":{"type":"html","settings":{"code":"<script type=\"text\/javascript\">\nfunction odinlake_copy() {\n  var odinlake_e = document.getElementById(\"odinlake_copy\");\n  odinlake_e.select();\n  document.execCommand(\"Copy\"); \n  alert(\"Copy Successfully！\");\n  }\n<\/script>\n<input id=\"odinlake_copy\" value=\"Odinlake50000\">\n<input type=\"button\" onclick=\"odinlake_copy();\" value=\"COPY\">","width":"100%","block_custom_class":""}},"1650869092524b8c04-0":{"type":"text","disabled":true,"settings":{"title":"Talk about your brand","subheading":"","text":"<p>Use this text to share information about your brand with your customers. Describe a product, share announcements, or welcome customers to your store.<\/p>","width":"50%","alignment":"center","align_text":"left","text_size":"medium","text_color":"black","button_label":"","button_link":"","button_style":"sf__btn-primary","button_size":"","block_custom_class":""}},"1650869092524b8c04-1":{"type":"image","disabled":true,"settings":{"link":"","width":"50%","alignment":"center","block_custom_class":""}}},"block_order":["35175d49-df60-47cb-999d-2b24ed50236d","17f125d8-b1d4-4ff6-af85-c969f351d910","1650869092524b8c04-0","1650869092524b8c04-1"],"settings":{"heading":"Custom content","subheading":"","description":"","header_alignment":"center","container":"container-fluid","background_color":"","gap":30,"use_scroll_mobile":false,"gap_mobile":16,"custom_class":""}}},"order":["main","1650869093d4514b4e"]}