{"sections":{"main":{"type":"page","disabled":true,"settings":{}},"1648866954295f1b72":{"type":"custom-content","blocks":{"1648866954d656f6e7-0":{"type":"text","disabled":true,"settings":{"title":"Talk about your brand","subheading":"","text":"<p>Use this text to share information about your brand with your customers. Describe a product, share announcements, or welcome customers to your store.<\/p>","width":"50%","alignment":"center","align_text":"left","text_size":"medium","text_color":"black","button_label":"","button_link":"","button_style":"sf__btn-primary","button_size":"","block_custom_class":""}},"1648866954d656f6e7-1":{"type":"image","disabled":true,"settings":{"link":"","width":"50%","alignment":"center","block_custom_class":""}},"505b11fd-5c34-4ed2-9c40-810ba86d9431":{"type":"html","settings":{"code":"<div align=\"center\">\n<input type=\"text\" id=\"YQNum\" maxlength=\"50\">\n<input type=\"button\" value=\"TRACK\" onclick=\"doTrack()\">\n<div id=\"YQContainer\"><\/div>\n<script type=\"text\/javascript\" src=\"\/\/www.17track.net\/externalcall.js\"><\/script>\n<script type=\"text\/javascript\">\nfunction doTrack() {\n    var num = document.getElementById(\"YQNum\").value;\n    if(num===\"\"){\n        alert(\"Enter your number.\"); \n        return;\n    }\n    YQV5.trackSingle({\n        \/\/必须，指定承载内容的容器ID。\n        YQ_ContainerId:\"YQContainer\",\n        \/\/可选，指定查询结果高度，最大为800px，默认为560px。\n        YQ_Height:560,\n        \/\/可选，指定运输商，默认为自动识别。\n        YQ_Fc:\"100003\",\n        \/\/可选，指定UI语言，默认根据浏览器自动识别。\n        YQ_Lang:\"en\",\n        \/\/必须，指定要查询的单号。\n        YQ_Num:num\n    });\n}\n<\/script>\n<\/div>","width":"100%","block_custom_class":""}},"845fda3e-b79f-47f0-be47-fa4f4999a0c8":{"type":"text","settings":{"title":"","subheading":"","text":"<p>Forgot your tracking number? <a href=\"\/pages\/contact-us\" title=\"Contact Us\">Contact us<\/a>.<\/p>","width":"100%","alignment":"center","align_text":"center","text_size":"medium","text_color":"black","button_label":"","button_link":"","button_style":"sf__btn-primary","button_size":"","block_custom_class":""}}},"block_order":["1648866954d656f6e7-0","1648866954d656f6e7-1","505b11fd-5c34-4ed2-9c40-810ba86d9431","845fda3e-b79f-47f0-be47-fa4f4999a0c8"],"settings":{"heading":"Track Your Order","subheading":"","description":"Enter your tracking number to track the shipping status easily.","header_alignment":"center","container":"container-fluid","background_color":"","gap":30,"use_scroll_mobile":false,"gap_mobile":16,"custom_class":""}}},"order":["main","1648866954295f1b72"]}