{"sections":{"1649328729c2f23388":{"type":"image-with-text-2","disabled":true,"settings":{"container":"w-full","hero_size":"adapt","show_overlay":false,"image":"shopify:\/\/shop_images\/amazon-gift-card-pc_1.jpg","bg_position":"center","image_link":"shopify:\/\/pages\/activity","parallax":false,"content_in_container":true,"content_position":"center middle","text_alignment":"center","text_size":"medium","text_color":"white","title":"","subtitle":"","text":"","button_label":"","button_link":"","button_style":"sf__btn-primary","button_size":"","mb_image":"shopify:\/\/shop_images\/amazon-gift-card-mb_1.jpg","use_content_above":true,"custom_class":""}},"main":{"type":"page","disabled":true,"settings":{}},"1649316885f328eb62":{"type":"custom-content","blocks":{"16493168841eb8f7e9-0":{"type":"text","disabled":true,"settings":{"title":"After receipt, the system will automatically send the gift card to your mailbox. You can buy any item on Amazon.com.","subheading":"","text":"","width":"50%","alignment":"center","align_text":"left","text_size":"medium","text_color":"black","button_label":"","button_link":"","button_style":"sf__btn-primary","button_size":"","block_custom_class":""}},"16493168841eb8f7e9-1":{"type":"image","disabled":true,"settings":{"link":"","width":"50%","alignment":"center","block_custom_class":""}},"b3fdee69-c773-4f9d-a1a1-568f949b29fe":{"type":"html","settings":{"code":"<div class=\"prose\"><span style=\"font-size:22px;\">\n<p>\nGet a $50 Amazon eGift card for every successful payment, with no limit on payment amount.<\/p>\n<br>\n<p>After receipt, the system will automatically send the gift card to your mailbox. You can buy any item on Amazon.com.<\/p><\/span><\/div>","width":"50%","block_custom_class":""}},"4d0d43e3-ff45-4688-868d-96c413c15777":{"type":"image","settings":{"image":"shopify:\/\/shop_images\/719koGVIzNL._AC_SL1500.jpg","link":"","width":"50%","alignment":"start","block_custom_class":""}},"401f4b06-9c90-4693-bee0-47515c4ac7a1":{"type":"text","disabled":true,"settings":{"title":"","subheading":"","text":"<p>Use this text to share information about your brand with your customers. Describe a product, share announcements, or welcome customers to your store.<\/p>","width":"50%","alignment":"center","align_text":"left","text_size":"medium","text_color":"black","button_label":"","button_link":"","button_style":"sf__btn-primary","button_size":"","block_custom_class":""}},"a1e2c238-0372-41f5-a66c-0a2c15400010":{"type":"html","settings":{"code":"<div><span style=\"font-size:20px;\">\n<li> Only for full amount orders without extra coupon .<\/li>\n<li>Amazon.com Gift Cards never expire and carry no fees.<\/li>\n\n<li>Redeemable towards millions of items store-wide at Amazon.com or certain affiliated websites.<\/li>\n\n<li>Amazon.com Gift Cards can only be used to purchase eligible goods and services on Amazon.com and certain related sites as provided in the Amazon.com Gift Card Terms and Conditions. <\/li>\n<\/span><\/div>","width":"100%","block_custom_class":""}}},"block_order":["16493168841eb8f7e9-0","16493168841eb8f7e9-1","b3fdee69-c773-4f9d-a1a1-568f949b29fe","4d0d43e3-ff45-4688-868d-96c413c15777","401f4b06-9c90-4693-bee0-47515c4ac7a1","a1e2c238-0372-41f5-a66c-0a2c15400010"],"settings":{"heading":"<h1>BUY NOW!!<br>Get $50<br>Amazon.com eGift Card<\/h1>","subheading":"","description":"","header_alignment":"center","container":"container","background_color":"","gap":30,"use_scroll_mobile":false,"gap_mobile":16,"custom_class":""}},"16493169063b4970c6":{"type":"image-with-text","disabled":true,"settings":{"heading":"","subheading":"","container":"container-fluid","background_color":"rgba(0,0,0,0)","item_gap":100,"item_gap_mobile":30,"link":"","layout":"left","image_column_size":"6","hover_effect":false,"title":"Image with text","sub_title":"","text":"","text_size":"medium","content_alignment":"left","button_label":"Shop Collection","button_link":"","button_style":"sf__btn-link","button_size":"","custom_class":""}},"1649327247734df7b5":{"type":"custom-content","blocks":{"b63b1292-6ee9-47c6-97a7-c33fb7186f2e":{"type":"html","settings":{"code":"<div class=\"odinlake-product-compare\">\n  <a href=\"https:\/\/www.odinlake.com\/products\/ergo-pro-odinlake-633\"> <img src=\"https:\/\/cdn.shopifycdn.net\/s\/files\/1\/0603\/7431\/9272\/files\/odinlake-ergo-chair-pro-633-with-built-in-footrest-1_430deee4-b254-42d3-836c-a8fdf3bb928b.jpg?v=1648276624\" alt=\"\">  \n\n<h3>Ergo Pro 633<\/h3>\n<\/a>\n<div class=\"prose\">\n<p>Get exhausted while working? Pro 633 will recharge your energy the professional way. Let nothing get in the way of your comfort.<\/p>\n\n<\/div>\n<div class=\"prose\">\n  <div class=\"odinlake_box1\">Chair Width<\/div>\n  <div class=\"odinlake_box2\">28.30”<\/div>\n<\/div>\n\n<div class=\"prose\">\n  <div class=\"odinlake_box1\">Base Size<\/div>\n  <div class=\"odinlake_box2\">20”<\/div>\n<\/div>\n\n<div class=\"prose\">\n  <div class=\"odinlake_box1\">Height Range:<\/div>\n  <div class=\"odinlake_box2\">44” – 49”<\/div>\n<\/div>\n\n<div class=\"prose\">\n  <div class=\"odinlake_box1\">Recline Range<\/div>\n  <div class=\"odinlake_box2\">45° recline<\/div>\n<\/div>\n<div class=\"prose\">\n  <div class=\"odinlake_box1\">Chair Weight<\/div>\n  <div class=\"odinlake_box2\">49 lbs<\/div>\n<\/div>\n<div class=\"prose\">\n  <div class=\"odinlake_box1\">Weight Capacity<\/div>\n  <div class=\"odinlake_box2\">up to 300 lbs<\/div>\n<\/div>\n<b>\n<div class=\"prose\">\n  <div class=\"odinlake_box1\">Adjustments<\/div>\n  <div class=\"odinlake_box2\">6<\/div>\n<\/div>\n<div class=\"prose\">\n  <div class=\"odinlake_box1\">Featured<\/div>\n  <div class=\"odinlake_box2\">Footrest<\/div>\n<\/div>\n\n<div class=\"prose\" style=\"color:#369abc\">\n  <div class=\"odinlake_box1\">Sale Price<\/div>\n  <div class=\"odinlake_box2\">$449.00<\/div>\n<\/div><\/b>\n\n<div class=\"prose\">\n<p> Pull out the built-in footrest under the seat and adjust the recline angle, then you will have an office chair become a recline chair.<\/p>\n\n<\/div>\n<div class=\"sf-hero__btn\">\n   <a href=\"https:\/\/www.odinlake.com\/products\/ergo-pro-odinlake-633\" class=\"sf__btn sf__btn-primary \">See Details<\/a>\n<\/div>\n<\/div>","width":"33%","block_custom_class":""}},"403487a8-035f-46aa-955e-1faaa2961f17":{"type":"html","settings":{"code":"<div class=\"odinlake-product-compare\">\n   <a href=\"https:\/\/www.odinlake.com\/products\/ergo-art-odinlake-643\"> <img src=\"https:\/\/cdn.shopifycdn.net\/s\/files\/1\/0603\/7431\/9272\/files\/odinlake-ergo-art-chair.jpg?v=1649327811\" alt=\"\">  \n<h3>Ergo Art 643<\/h3>\n<\/a>\n<div class=\"prose\">\n<p>\"With sensitive intelligence to innovative simplicity. \" says Justus Kolberg, a remarkable German artist. Less is more.<\/p>\n\n\n<\/div>\n<div class=\"prose\">\n  <div class=\"odinlake_box1\">Chair Width<\/div>\n  <div class=\"odinlake_box2\">28.30”<\/div>\n<\/div>\n\n<div class=\"prose\">\n  <div class=\"odinlake_box1\">Base Size<\/div>\n  <div class=\"odinlake_box2\">20”<\/div>\n<\/div>\n\n<div class=\"prose\">\n  <div class=\"odinlake_box1\">Height Range:<\/div>\n  <div class=\"odinlake_box2\">45” – 51”<\/div>\n<\/div>\n\n<div class=\"prose\">\n  <div class=\"odinlake_box1\">Recline Range<\/div>\n  <div class=\"odinlake_box2\">35° recline<\/div>\n<\/div>\n<div class=\"prose\">\n  <div class=\"odinlake_box1\">Chair Weight<\/div>\n  <div class=\"odinlake_box2\">37 lbs<\/div>\n<\/div>\n<div class=\"prose\">\n  <div class=\"odinlake_box1\">Weight Capacity<\/div>\n  <div class=\"odinlake_box2\">up to 300 lb<\/div>\n<\/div>\n<b>\n<div class=\"prose\">\n  <div class=\"odinlake_box1\">Adjustments<\/div>\n  <div class=\"odinlake_box2\">5<\/div>\n<\/div>\n<div class=\"prose\">\n  <div class=\"odinlake_box1\">Featured<\/div>\n  <div class=\"odinlake_box2\">High Back<\/div>\n<\/div>\n\n<div class=\"prose\" style=\"color:#369abc\">\n  <div class=\"odinlake_box1\">Sale Price<\/div>\n  <div class=\"odinlake_box2\">$449.00<\/div>\n<\/div><\/b>\n<\/div>\n<div class=\"prose\">\n<p>Equipped with multi-function mechanism from Germany BOCK.  BOCK-23 seat mechanism has the adaptive synchronous tilt function.<\/p>\n\n<\/div>\n<div class=\"sf-hero__btn\">\n   <a href=\"https:\/\/www.odinlake.com\/products\/ergo-art-odinlake-643\" class=\"sf__btn sf__btn-primary \">See Details<\/a><a>\n<\/a>\n<\/div><a>\n<\/a>","width":"33%","block_custom_class":""}},"c30b6290-0acd-4567-b0a8-e2283e4379aa":{"type":"html","settings":{"code":"<style>\n.odinlake_box1 {width:150px; float:left; display:inline;border:red 0px solid;}\n.odinlake_box2 {width:200px; display:inline;border:green 0px solid;}\n.odinlake-product-compare img{\n  background-size:contain|cover;\n  width:100%;\n  height: 100%;\n  margin-top:10px;\n  padding-bottom: 10px;\n  }\n<\/style>\n\n <div class=\"odinlake-product-compare\">   <a href=\"https:\/\/www.odinlake.com\/products\/ergo-core-odinlake-625\">\n  <img src=\"https:\/\/cdn.shopifycdn.net\/s\/files\/1\/0603\/7431\/9272\/files\/odinlake-ergo-chair-core-625-1.jpg?v=1648276645\" alt=\"\">  \n<h3>Ergo Core 625<\/h3>\n<\/a>\n<div class=\"prose\">\n<p>Super soft cushioning to keep you relaxed and make you productive for more. Core 625 provides the best value of an Ergo Chair.<\/p>\n\n<\/div>\n<div class=\"prose\">\n  <div class=\"odinlake_box1\">Chair Width<\/div>\n  <div class=\"odinlake_box2\">26\"<\/div>\n<\/div>\n\n<div class=\"prose\">\n  <div class=\"odinlake_box1\">Base Size<\/div>\n  <div class=\"odinlake_box2\">17.5\"<\/div>\n<\/div>\n\n<div class=\"prose\">\n  <div class=\"odinlake_box1\">Height Range:<\/div>\n  <div class=\"odinlake_box2\">37\" – 40\"<\/div>\n<\/div>\n\n<div class=\"prose\">\n  <div class=\"odinlake_box1\">Recline Range<\/div>\n  <div class=\"odinlake_box2\">30° recline<\/div>\n<\/div>\n<div class=\"prose\">\n  <div class=\"odinlake_box1\">Chair Weight<\/div>\n  <div class=\"odinlake_box2\">31 lbs<\/div>\n<\/div>\n<div class=\"prose\">\n  <div class=\"odinlake_box1\">Weight Capacity<\/div>\n  <div class=\"odinlake_box2\">up to 300 lbs<\/div>\n<\/div>\n<b>\n<div class=\"prose\">\n  <div class=\"odinlake_box1\">Adjustments<\/div>\n  <div class=\"odinlake_box2\">3<\/div>\n<\/div>\n<div class=\"prose\">\n  <div class=\"odinlake_box1\">Featured<\/div>\n  <div class=\"odinlake_box2\">Thickened Cushion<\/div>\n<\/div>\n\n<div class=\"prose\" style=\"color:#369abc\">\n  <div class=\"odinlake_box1\">Sale Price<\/div>\n  <div class=\"odinlake_box2\">$249.00<\/div>\n<\/div><\/b>\n<\/div>\n<div class=\"prose\">\n<p>Get yourself the best quality affordable chairs today. No need of emptying the wallet on ergo chair anymore.<\/p>\n\n<\/div>\n<div class=\"sf-hero__btn\">\n   <a href=\"https:\/\/www.odinlake.com\/products\/ergo-core-odinlake-625\" class=\"sf__btn sf__btn-primary \">See Details<\/a><a>\n<\/a>\n<\/div><a>\n<\/a>","width":"33%","block_custom_class":""}}},"block_order":["b63b1292-6ee9-47c6-97a7-c33fb7186f2e","403487a8-035f-46aa-955e-1faaa2961f17","c30b6290-0acd-4567-b0a8-e2283e4379aa"],"settings":{"heading":"Meet All You Need","subheading":"","description":"","header_alignment":"center","container":"container","background_color":"","gap":30,"use_scroll_mobile":true,"gap_mobile":16,"custom_class":""}},"164931818603b14836":{"type":"custom-content","blocks":{"16493181854a6134b9-0":{"type":"text","disabled":true,"settings":{"title":"Talk about your brand","subheading":"","text":"<p>Use this text to share information about your brand with your customers. Describe a product, share announcements, or welcome customers to your store.<\/p>","width":"50%","alignment":"center","align_text":"left","text_size":"medium","text_color":"black","button_label":"","button_link":"","button_style":"sf__btn-primary","button_size":"","block_custom_class":""}},"16493181854a6134b9-1":{"type":"image","disabled":true,"settings":{"link":"","width":"50%","alignment":"center","block_custom_class":""}}},"block_order":["16493181854a6134b9-0","16493181854a6134b9-1"],"settings":{"heading":"FAQ","subheading":"","description":"","header_alignment":"center","container":"container","background_color":"","gap":30,"use_scroll_mobile":false,"gap_mobile":16,"custom_class":""}},"1649318179d5edb4f4":{"type":"collapsible-tabs","blocks":{"16493181797b858729-0":{"type":"item","settings":{"header":"How are email gift cards redeemed?","content":"<p> Recipients can click or tap the \"Apply to your Amazon account\" button in the email message. Alternatively, recipients can copy their claim code and paste it into the text field on the Redeem a gift card page. <\/p>","content_page":"","open":false}},"16493181797b858729-1":{"type":"item","settings":{"header":"Can the gift card be used on another Amazon website in another country?","content":"<p> No, Amazon.com Gift Cards can only be used to purchase eligible goods and services on Amazon.com. However, the gift card recipient can use the Gift Card on Amazon.com and then ship to their address of choice either in the US or in another country. <\/p>","content_page":"","open":false}},"a003632f-de4f-427e-9b5d-9ad66d774282":{"type":"item","settings":{"header":"How to deal with returns","content":"<p>If a return is claimed, we only refund you the amount which is minus the $50 gift card.<\/p>","content_page":"","open":false}}},"block_order":["16493181797b858729-0","16493181797b858729-1","a003632f-de4f-427e-9b5d-9ad66d774282"],"settings":{"container":"container-narrow"}},"1649318200cbd625b2":{"type":"custom-content","blocks":{"1649318200ac4c5c2e-0":{"type":"text","disabled":true,"settings":{"title":"Talk about your brand","subheading":"","text":"<p>Use this text to share information about your brand with your customers. Describe a product, share announcements, or welcome customers to your store.<\/p>","width":"50%","alignment":"center","align_text":"left","text_size":"medium","text_color":"black","button_label":"","button_link":"","button_style":"sf__btn-primary","button_size":"","block_custom_class":""}},"1649318200ac4c5c2e-1":{"type":"image","disabled":true,"settings":{"link":"","width":"50%","alignment":"center","block_custom_class":""}}},"block_order":["1649318200ac4c5c2e-0","1649318200ac4c5c2e-1"],"settings":{"heading":"","subheading":"","description":"","header_alignment":"center","container":"container","background_color":"","gap":30,"use_scroll_mobile":false,"gap_mobile":16,"custom_class":""}}},"order":["1649328729c2f23388","main","1649316885f328eb62","16493169063b4970c6","1649327247734df7b5","164931818603b14836","1649318179d5edb4f4","1649318200cbd625b2"]}