{"sections":{"1648797995bed332b1":{"type":"image-with-text-2","settings":{"container":"w-full","hero_size":"small","show_overlay":true,"image":"shopify:\/\/shop_images\/Corporate-Sales-_Banner_e0bfaa60-1cba-451c-8544-0837ee01c6c4.jpg","bg_position":"right center","image_link":"","parallax":false,"content_in_container":false,"content_position":"left bottom","text_alignment":"left","text_size":"medium","text_color":"white","title":"For Your Office","subtitle":"","text":"<p>Invest in health for your whole team & set up a productive team office.<\/p>","button_label":"","button_link":"","button_style":"sf__btn-primary","button_size":"","mb_image":"shopify:\/\/shop_images\/Corporate-Sales-_BannerMO_1f7cc2cf-7cfc-4778-b598-90d9eb7ce242.jpg","use_content_above":false,"custom_class":""}},"main":{"type":"page-contact","disabled":true,"settings":{"container":"container"}},"maps":{"type":"maps","disabled":true,"settings":{"container":"container","map_height":"large","textx":"40.6700","texty":"-73.9400","zoom":"11","text2":"New York"}},"contact-form":{"type":"bulk-order-form","blocks":{"text-block-1":{"type":"textblock","settings":{"title":"Address","content":"<p>Address 1589 E Nine St Pomona, CA 91766<\/p>"}},"text-block-2":{"type":"textblock","settings":{"title":"Information","content":"<p>Email: customers@odinlake.com<br\/>Call Us: +1 213-222-6167<\/p>"}},"text-block-3":{"type":"socialmedia","settings":{"title":"Social Media"}},"text-block-4":{"type":"textblock","disabled":true,"settings":{"title":"We're Open","content":"<p>Our store has re-opened for shopping, exchanges<\/p><p>Every day 11am to 7pm<\/p>"}}},"block_order":["text-block-1","text-block-2","text-block-3","text-block-4"],"settings":{"container":"container","title":"Corporate Purchase Inquiry","description":"<p>We provide our best price & service for your company.<\/p>","show_name":true,"show_phone":true,"show_email":true,"show_message":true}}},"order":["1648797995bed332b1","main","maps","contact-form"]}