{"sections":{"16488849521c3b2042":{"type":"custom-content","blocks":{"164888495239e908d9-0":{"type":"text","settings":{"title":"","subheading":"","text":"<p>Feel free to contact us if you have any questions, we will reply as soon as possible. Some questions also can be answered on the <a href=\"https:\/\/www.odinlake.com\/pages\/faq\" target=\"_self\">FAQ<\/a> center page.<\/p>","width":"100%","alignment":"center","align_text":"left","text_size":"medium","text_color":"black","button_label":"","button_link":"","button_style":"sf__btn-primary","button_size":"","block_custom_class":""}}},"block_order":["164888495239e908d9-0"],"settings":{"heading":"<h1>Contact Us<\/h1>","subheading":"","description":"","header_alignment":"center","container":"container","background_color":"","gap":30,"use_scroll_mobile":false,"gap_mobile":16,"custom_class":""}},"main":{"type":"page-contact","disabled":true,"settings":{"container":"container"}},"contact-form":{"type":"contact-form","blocks":{"text-block-1":{"type":"textblock","settings":{"title":"Address","content":"<p>Warehouse: 1589 E Nine St Pomona, CA 91766<br\/>Email: customers@odinlake.com<br\/>Call Us: +1 213-222-6167<br\/><br\/>Headquarters: Room 2103,21\/FHo King Commercial Center, Mong Kok, Kowloon, HongKong<br\/>Call Us: +852 51269435<\/p>"}},"4f6550bb-a677-4265-a154-9640187a962c":{"type":"textblock","disabled":true,"settings":{"title":"Block Title","content":"<p>7895 Piermont Dr NE Albuquerque, NM 198866, <a href=\"#\">See Our Stores<\/a><\/p>"}},"text-block-2":{"type":"textblock","settings":{"title":"Information","content":"<p>Email: customers@odinlake.com<br\/>Call Us: +1 213-222-6167<\/p>"}},"text-block-3":{"type":"socialmedia","settings":{"title":"Social Media"}}},"block_order":["text-block-1","4f6550bb-a677-4265-a154-9640187a962c","text-block-2","text-block-3"],"settings":{"container":"container","title":"We would love to hear from you.","description":"<p>If you’ve got great products your making or looking to work with us then drop us a line.<\/p>","show_name":true,"show_phone":true}}},"order":["16488849521c3b2042","main","contact-form"]}