{"sections":{"1649926883ace97e1d":{"type":"image-with-text-2","settings":{"container":"w-full","hero_size":"small","show_overlay":false,"image":"shopify:\/\/shop_images\/affiliate-banner.png","bg_position":"center","image_link":"","parallax":false,"content_in_container":false,"content_position":"left middle","text_alignment":"left","text_size":"medium","text_color":"dark","title":"Earn up to 5% commission<br>for every successful referral","subtitle":"Profit from our experience","text":"","button_label":"","button_link":"","button_style":"sf__btn-primary","button_size":"","mb_image":"shopify:\/\/shop_images\/affiliate-banner_1.png","use_content_above":true,"custom_class":""}},"1649989270386a1a00":{"type":"custom-content","blocks":{"53830ecc-3474-4ff7-a55a-f34d6d47c274":{"type":"html","settings":{"code":"<div align=\"center\">\n<img alt=\"Join\" title=\"Join\" src=\"https:\/\/static.goaffpro.com\/assets\/003-open.svg\" width=\"64\"> \n<h3>Join<\/h3>\n<p class=\"prose\">It's free and easy to join.<\/p>\n<p class=\"prose\">\nGet up and running today.<\/p>\n<\/div>","width":"33%","block_custom_class":""}},"b95ebc65-8c3b-468e-ad02-3e7a35ef90ed":{"type":"html","settings":{"code":"<div align=\"center\">\n<img alt=\"Start Sharing\" title=\"Start Sharing\" src=\"https:\/\/static.goaffpro.com\/assets\/002-megaphone.svg\" width=\"64\">\n<h3>Start Sharing<\/h3>\n<p class=\"prose\">Get a unique link that you can share anywhere.<\/p>\n<p class=\"prose\">Whether you are a large marketplace, content site, social media influencer or blogger, we have simple linking tools to meet your advertising needs and help you monetize<\/p>\n<\/div>","width":"33%","block_custom_class":""}},"9c3ff39f-3190-4a32-b680-c319b29de7fd":{"type":"html","settings":{"code":"<div align=\"center\">\n<img alt=\"Earn\" title=\"Earn\" src=\"https:\/\/static.goaffpro.com\/assets\/001-change.svg\" width=\"64\">\n<h3>Earn<\/h3>\n<p class=\"prose\">Get up to 5% commissions on successful referrals. Receive a commission payout every month.<\/p>\n<p class=\"prose\">Earn commissions from all qualifying purchases, not just the products you advertised. Plus, our competitive conversion rates help you maximize your earnings.<\/p>\n<\/div>","width":"33%","block_custom_class":""}}},"block_order":["53830ecc-3474-4ff7-a55a-f34d6d47c274","b95ebc65-8c3b-468e-ad02-3e7a35ef90ed","9c3ff39f-3190-4a32-b680-c319b29de7fd"],"settings":{"heading":"<h2>Interested in Becoming an Affiliate?<\/h2>","subheading":"","description":"","header_alignment":"center","container":"container","background_color":"","gap":30,"use_scroll_mobile":false,"gap_mobile":16,"custom_class":""}},"custom-content":{"type":"custom-content","blocks":{"8e531074-8c57-49de-b772-d05c7653134e":{"type":"html","settings":{"code":"<div class=\"sf__about-custom-list\" style=\"padding-top: 20px;padding-bottom: 20px;\">\n  <ul>\n    <li>\n      <span><img src=\"https:\/\/cdn.shopify.com\/s\/files\/1\/0561\/2742\/2636\/files\/icon1.svg?v=1627616411\"><\/span>\n      <div class=\"rte\">\n          <h4>Earn On Every Sale\n<\/h4>\n          <p class=\"text-color-subtext\">Get an 5% commission for each sale through your link.\n<\/p>\n      <\/div>\n    <\/li>\n    <li>\n      <span><img src=\"https:\/\/cdn.shopify.com\/s\/files\/1\/0561\/2742\/2636\/files\/icon2_daf1b6c2-ef2e-416c-ae6a-a7ddd145b6c5.svg?v=1627616411\"><\/span>\n      <div class=\"rte\">\n          <h4>Intuitive Dashboard\n<\/h4>\n          <p class=\"text-color-subtext\">Easily manage and monitor your assets\n<\/p>\n      <\/div>\n    <\/li>\n    <li>\n      <span><img src=\"https:\/\/cdn.shopify.com\/s\/files\/1\/0561\/2742\/2636\/files\/icon3.svg?v=1627616411\"><\/span>\n      <div class=\"rte\">\n          <h4>Varied Creatives\n<\/h4>\n          <p class=\"text-color-subtext\">Choose from a range of pre-designed banners to help with promotion\n<\/p>\n      <\/div>\n    <\/li>\n  <\/ul>\n<\/div>","width":"33%","block_custom_class":""}},"640b300d-ffff-4aad-847d-eb29a09166bf":{"type":"image","settings":{"image":"shopify:\/\/shop_images\/world-map-on-white-background-world-map.jpg","link":"","width":"66%","alignment":"center","block_custom_class":""}}},"block_order":["8e531074-8c57-49de-b772-d05c7653134e","640b300d-ffff-4aad-847d-eb29a09166bf"],"settings":{"heading":"<h2>Here’s Why You Should be an Odinlake Affiliate<\/h2>","subheading":"","description":"","header_alignment":"center","container":"container","background_color":"","gap":30,"use_scroll_mobile":false,"gap_mobile":16,"custom_class":"sf__page-about"}},"1649989812c020bfc8":{"type":"custom-content","blocks":{"48953099-e422-4300-8418-c60fcaf10662":{"type":"text","settings":{"title":"<h3>1. Join Odinlake Affiliate? <\/h3>","subheading":"","text":"<p>Sign up and generate a share link. Share this link with anyone who is interested in our items. You will be paid an 5% commission for every successful referral within 28 days after any user clicks on your share link. Commission will be paid via paypal.<\/p>","width":"66%","alignment":"center","align_text":"left","text_size":"medium","text_color":"black","button_label":"","button_link":"","button_style":"sf__btn-primary","button_size":"","block_custom_class":""}},"6a2d0195-c837-4fd0-b635-47c51688638d":{"type":"image","disabled":true,"settings":{"image":"shopify:\/\/shop_images\/brand.jpg","link":"","width":"33%","alignment":"center","block_custom_class":""}},"63cb63a7-7742-47b5-964c-4eb5f3d07fae":{"type":"html","settings":{"code":"<div align=\"center\">\n<div style=\"padding-top: 20px;padding-bottom: 20px;\">\n\n<p style=\"font-weight: 800;font-size: 1.8rem;line-height: 2rem;\">Odinlake<\/p>\n<\/div>\n<div style=\"padding-top: 20px;padding-bottom: 20px;\">\n<a class=\"sf__btn sf__btn-primary\" href=\"https:\/\/odinlake.goaffpro.com\/create-account\">JOIN  NOW<\/a>\n<\/div>\n<\/div>","width":"33%","block_custom_class":""}},"377a2399-3278-4d13-a2c3-e92239b33643":{"type":"text","settings":{"title":"<h3>2. Already a Partner on  Impact?<\/h3>","subheading":"","text":"<p>If you're already an affiliate partner on impact, you can choose to join Odinlake affiliate program on Impact or directly join us on our website ( Option 1). Come and send us an application, and we will accept it. Become our partner early and earn commission early.<\/p>","width":"66%","alignment":"center","align_text":"left","text_size":"medium","text_color":"black","button_label":"","button_link":"","button_style":"sf__btn-primary","button_size":"","block_custom_class":""}},"0e79c247-af82-4ca3-a852-a44a45df5f1f":{"type":"html","settings":{"code":"<div align=\"center\">\n<div style=\"padding-top: 20px;padding-bottom: 20px;\">\n<img width=\"120px\" src=\"https:\/\/impact.com\/wp-content\/uploads\/2022\/04\/Impact-logo.png\">\n<\/div>\n<div style=\"padding-top: 20px;padding-bottom: 20px;\">\n<a class=\"sf__btn sf__btn-primary\" href=\"http:\/\/app.impact.com\/campaign-campaign-info-v2\/Odinlake.brand\">JOIN  NOW<\/a>\n<\/div>\n<\/div>","width":"33%","block_custom_class":""}},"f52b0387-ffee-4bb1-ae57-33d597a5138e":{"type":"image","disabled":true,"settings":{"image":"shopify:\/\/shop_images\/brand.jpg","link":"","width":"33%","alignment":"center","block_custom_class":""}}},"block_order":["48953099-e422-4300-8418-c60fcaf10662","6a2d0195-c837-4fd0-b635-47c51688638d","63cb63a7-7742-47b5-964c-4eb5f3d07fae","377a2399-3278-4d13-a2c3-e92239b33643","0e79c247-af82-4ca3-a852-a44a45df5f1f","f52b0387-ffee-4bb1-ae57-33d597a5138e"],"settings":{"heading":"<h2>How To Join Odinlake Affiliate Program<\/h2>","subheading":"","description":"","header_alignment":"center","container":"container","background_color":"","gap":30,"use_scroll_mobile":false,"gap_mobile":16,"custom_class":""}},"icon-box":{"type":"icon-box","blocks":{"c8a16382-6620-4bcf-ba3e-1bb9d69d5b77":{"type":"iconbox","settings":{"image_by_url":"https:\/\/cdn.shopifycdn.net\/s\/files\/1\/0603\/7431\/9272\/files\/free-shipping.svg?v=1649244218","title":"Free Shipping","description":"<p>Ship within 24 hours<br\/>3-6 Days Delivery<\/p>","link":"","button_label":"","button_link":"","button_style":"sf__btn-link","button_size":""}},"13184979-bd7f-482c-865f-60738819a029":{"type":"iconbox","settings":{"image_by_url":"https:\/\/cdn.shopifycdn.net\/s\/files\/1\/0603\/7431\/9272\/files\/Manufacturer-Price.svg?v=1649244580","title":"Manufacturer Price","description":"<p>Manufacturer sell direct<br\/>& Share the savings<\/p>","link":"","button_label":"","button_link":"","button_style":"sf__btn-link","button_size":""}},"c4cf2072-efce-4cb9-b184-14404b61e2a3":{"type":"iconbox","settings":{"image_by_url":"https:\/\/cdn.shopifycdn.net\/s\/files\/1\/0603\/7431\/9272\/files\/10-Year-Warranty.svg?v=1649244747","title":"Up To 10-Year Warranty","description":"<p>A good office chair should<br\/>last 10 years<\/p>","link":"","button_label":"","button_link":"","button_style":"sf__btn-link","button_size":""}},"8e15d521-c62b-4552-a64a-94ead24641e5":{"type":"iconbox","settings":{"image_by_url":"https:\/\/cdn.shopifycdn.net\/s\/files\/1\/0603\/7431\/9272\/files\/Contact-Us.svg?v=1649244579","title":"Contact Us","description":"<p>Any problem, we are always<br\/>here for you<\/p>","link":"","button_label":"","button_link":"","button_style":"sf__btn-link","button_size":""}}},"block_order":["c8a16382-6620-4bcf-ba3e-1bb9d69d5b77","13184979-bd7f-482c-865f-60738819a029","c4cf2072-efce-4cb9-b184-14404b61e2a3","8e15d521-c62b-4552-a64a-94ead24641e5"],"settings":{"heading":"","subheading":"","description":"","header_alignment":"center","container":"container-fluid","background_color":"#ffffff","item_per_row":4,"item_gap":30,"item_gap_mobile":10,"card_style":"horizontal","image_max_width":"30px","content_alignment":"start","hover_effect":"none","enable_slider":false,"show_pagination":false,"show_navigation":false,"use_scroll_mobile":false,"use_grid_column_mb":false,"custom_class":"sf__page-about"}},"main":{"type":"page-about-us","disabled":true,"settings":{}},"164998977186d0e444":{"type":"custom-liquid","disabled":true,"settings":{"custom_liquid":"<div class=\"sf-hero__btn\">\n   <a href=\"https:\/\/www.odinlake.com\/products\/ergo-pro-odinlake-633\" class=\"sf__btn sf__btn-primary \">See Details<\/a>\n<\/div>","custom_class":""}}},"order":["1649926883ace97e1d","1649989270386a1a00","custom-content","1649989812c020bfc8","icon-box","main","164998977186d0e444"]}