{"sections":{"main":{"type":"page","disabled":true,"settings":{}},"1649411594c687e0c8":{"type":"custom-content","blocks":{"16494115948269c3c1-0":{"type":"text","settings":{"title":"<h2>Ten years warranty<\/h2>","subheading":"","text":"<p>The ten-year warranty covers the structural parts of the chair.<br\/><strong>Ergo CORE B625-1:<\/strong> Five-star casters, chassis adjustment mechanism (cloth and sponge not included), back frame (mesh not included).<br\/><strong>Ergo PRO A633-1: <\/strong>Five-star casters, chassis adjustment mechanism (without cloth and sponge), back frame (without mesh).<br\/><strong>Ergo ART A643: <\/strong>Five-star casters, chassis adjustment mechanism (without cloth and sponge), back frame (without mesh).<\/p>","width":"100%","alignment":"center","align_text":"left","text_size":"medium","text_color":"black","button_label":"","button_link":"","button_style":"sf__btn-primary","button_size":"","block_custom_class":""}},"34e8a507-bbfb-4d1c-913d-64190e75bbcd":{"type":"text","settings":{"title":"<h2>Five years warranty<\/h2>","subheading":"","text":"<p><strong>Ergo CORE B625-1: <\/strong>liftable gas<br\/><strong>Ergo PRO A633-1:<\/strong> liftable gas<br\/><strong>Ergo ART A643:<\/strong> liftable gas<\/p>","width":"100%","alignment":"center","align_text":"left","text_size":"medium","text_color":"black","button_label":"","button_link":"","button_style":"sf__btn-primary","button_size":"","block_custom_class":""}},"bda3a95a-dfd1-4744-aa69-1462eca8250e":{"type":"text","settings":{"title":"<h2>Two years warranty<\/h2>","subheading":"","text":"<p><strong> Ergo CORE B625-1:<\/strong> wheels, armrests, headrests, mesh, seat cushion, and foam.<br\/><strong>Ergo PRO A633-1: <\/strong>wheels, armrests, headrests, mesh, seat cushion, and foam.<br\/><strong>Ergo ART A643: <\/strong>wheels, armrests, headrests, mesh, seat cushion, and foam.<\/p>","width":"100%","alignment":"center","align_text":"left","text_size":"medium","text_color":"black","button_label":"","button_link":"","button_style":"sf__btn-primary","button_size":"","block_custom_class":""}}},"block_order":["16494115948269c3c1-0","34e8a507-bbfb-4d1c-913d-64190e75bbcd","bda3a95a-dfd1-4744-aa69-1462eca8250e"],"settings":{"heading":"<h1>Warranty<\/h1>","subheading":"","description":"","header_alignment":"center","container":"container","background_color":"","gap":30,"use_scroll_mobile":false,"gap_mobile":16,"custom_class":""}}},"order":["main","1649411594c687e0c8"]}