{"sections":{"main":{"type":"page","disabled":true,"settings":{}},"1648883207c3a11d14":{"type":"custom-content","settings":{"heading":"<h1>FAQ<\/h1>","subheading":"","description":"","header_alignment":"center","container":"container-fluid","background_color":"","gap":30,"use_scroll_mobile":false,"gap_mobile":16,"custom_class":""}},"164888326208e475b5":{"type":"custom-content","settings":{"heading":"Popular Questions","subheading":"","description":"","header_alignment":"left","container":"container","background_color":"","gap":30,"use_scroll_mobile":false,"gap_mobile":16,"custom_class":""}},"16488832036adcfeea":{"type":"collapsible-tabs","blocks":{"16488832032341a5ad-0":{"type":"item","settings":{"header":"Why choose a Odinlake over other chairs?","content":"<p>Odinlake office chairs have been certified by BIFMA and SGS, passed the 300 lbs static pressure test. Every part of this computer office chair has strict safety quality testing, cushion impact test, handrail fatigue test, chair foot static pressure test, etc. Silent castors roll, rotate, and move freely without noise. The double-backed-frame design is sturdy and durable. Simple instructions enable anyone to put a chair together in eight simple steps!<\/p>","content_page":"","open":false}},"16488832032341a5ad-1":{"type":"item","settings":{"header":"Why am I unable to checkout?","content":"<p>We only for US, if you're unable to checkout, you may instead purchase the Odinlake directly from our distributor or authorized resellers.<\/p>","content_page":"","open":false}},"20d736b7-e80e-4218-b95d-71c0be376bb1":{"type":"item","settings":{"header":"Can I get an upholstery or desktop sample?","content":"<p>Our showroom’s sample request program is temporarily on hold as a precautionary measure against COVID-19. In the meantime, we’re happy to answer product related questions and provide more detailed product images. We also have a free, flexible, 30-day return policy. If you’d like to order the product sooner rather than later, you’re welcome to place your order at your own convenience. If something doesn’t work out, we’ll provide a prepaid return label.<\/p>","content_page":"","open":false}}},"block_order":["16488832032341a5ad-0","16488832032341a5ad-1","20d736b7-e80e-4218-b95d-71c0be376bb1"],"settings":{"container":"container-narrow"}},"1648883590d157e4a8":{"type":"custom-content","settings":{"heading":"Order","subheading":"","description":"","header_alignment":"left","container":"container","background_color":"","gap":30,"use_scroll_mobile":false,"gap_mobile":16,"custom_class":""}},"1648884121d19741dd":{"type":"collapsible-tabs","blocks":{"1648884121ef276b54-0":{"type":"item","settings":{"header":"How do I track my order?","content":"<p>You can track in <a href=\"https:\/\/www.odinlake.com\/pages\/track-your-order\" target=\"_self\"><strong>Order Track<\/strong><\/a><\/p>","content_page":"","open":false}},"1648884121ef276b54-1":{"type":"item","settings":{"header":"How do I use promotional codes?","content":"<p>You can find codes on the homepage if we hold a marketing event. Please enter a valid discount code in the order summary section while you check out.<\/p>","content_page":"","open":false}},"d8ba64dd-6fb1-4d97-ba11-2cfab7797b90":{"type":"item","settings":{"header":"How do I make changes to an existing order?","content":"<p>Changes to an existing order can be made as long as the order is still in “processing” status. Please contact our team via email and we’ll make sure to apply the needed changes. If your order has already been shipped, we cannot apply any changes to it. <\/p>","content_page":"","open":false}}},"block_order":["1648884121ef276b54-0","1648884121ef276b54-1","d8ba64dd-6fb1-4d97-ba11-2cfab7797b90"],"settings":{"container":"container-narrow"}},"16488841285caa7bb8":{"type":"custom-content","settings":{"heading":"Shipping & Delivery","subheading":"","description":"","header_alignment":"left","container":"container","background_color":"","gap":30,"use_scroll_mobile":false,"gap_mobile":16,"custom_class":""}},"1648884214d8059626":{"type":"collapsible-tabs","blocks":{"16488842143fa2ebb3-0":{"type":"item","settings":{"header":"What shipping options do you have?","content":"<p>For USA domestic orders, we offer FedEx and UPS standard shipping For Free.<\/p>","content_page":"","open":false}},"16488842143fa2ebb3-1":{"type":"item","settings":{"header":"Do you ship internationally?","content":"<p>Sorry, we currently do not provide an international shipping service.<\/p>","content_page":"","open":false}},"56baa1e4-cd66-4468-ab5b-64494d634fb0":{"type":"item","settings":{"header":"How long will my order be shipped?","content":"<p>Orders are usually shipped within 1 business day after placing the order. You will generally receive the \"order shipped\" email automatically sent by the system within 3-7 days after placing the order. If you do not receive it by then, you can contact the support team and we will manually fill in the tracking number for you. For more information, please read our shipping policy via this link:<a href=\"https:\/\/www.odinlake.com\/policies\/shipping-policy\" target=\"_blank\"><strong>shipping policy<\/strong><\/a><\/p>","content_page":"","open":false}},"3765f2c8-6ccf-42cc-8b72-93b4db981394":{"type":"item","settings":{"header":"Where do you ship my order from?","content":"<p>Our warehouses are located in CA and NC, so We will ship your item from the warehouse closest to you according to your address. If your place is very close to CA and NC, you are able to receive the order within 5 days.<\/p>","content_page":"","open":false}},"5444fa47-38e8-4cdb-b5d1-e7e10c5a8e3e":{"type":"item","settings":{"header":"If my package has been damaged or defected, what should I do?","content":"<p>As soon as you receive a dented box or open a package only to discover broken merchandise. Take pictures to document the condition of the delivery when it arrived.<br\/><br\/>Contact Odinlake Support Team, we will give you advice & help as soon as possible. Please rest assured that we will make you satisfied and provide a reasonable solution based on your photos. <\/p>","content_page":"","open":false}}},"block_order":["16488842143fa2ebb3-0","16488842143fa2ebb3-1","56baa1e4-cd66-4468-ab5b-64494d634fb0","3765f2c8-6ccf-42cc-8b72-93b4db981394","5444fa47-38e8-4cdb-b5d1-e7e10c5a8e3e"],"settings":{"container":"container-narrow"}},"16488842035ec51ff5":{"type":"custom-content","settings":{"heading":"Company & Service","subheading":"","description":"","header_alignment":"left","container":"container","background_color":"","gap":30,"use_scroll_mobile":false,"gap_mobile":16,"custom_class":""}},"16488843355f5b39bf":{"type":"collapsible-tabs","blocks":{"1648884335201f483a-0":{"type":"item","settings":{"header":"What does the 2-year warranty cover?","content":"<p>This 2-year Warranty covers any defects in material or workmanship under normal use during the Warranty Period. During the Warranty Period, odinlake will repair or replace, at no charge, products or parts of a product that proves defective because of improper material or workmanship, under normal use and maintenance.<\/p>","content_page":"","open":false}},"1648884335201f483a-1":{"type":"item","settings":{"header":"Where are your products made?","content":"<p>Our products are made in China.<\/p>","content_page":"","open":false}},"aaf3bb81-b556-4a2e-a9ca-700c928c3a7c":{"type":"item","settings":{"header":"How can I contact you?","content":"<p>Email Us: customers@odinlake.com<br\/>Mon-Fri: 10:00 am - 5:00 pm (PDT)<\/p>","content_page":"","open":false}}},"block_order":["1648884335201f483a-0","1648884335201f483a-1","aaf3bb81-b556-4a2e-a9ca-700c928c3a7c"],"settings":{"container":"container-narrow"}},"16488842080ec7cdf9":{"type":"custom-content","settings":{"heading":"","subheading":"","description":"","header_alignment":"center","container":"container-fluid","background_color":"","gap":30,"use_scroll_mobile":false,"gap_mobile":16,"custom_class":""}}},"order":["main","1648883207c3a11d14","164888326208e475b5","16488832036adcfeea","1648883590d157e4a8","1648884121d19741dd","16488841285caa7bb8","1648884214d8059626","16488842035ec51ff5","16488843355f5b39bf","16488842080ec7cdf9"]}