{"sections":{"main":{"type":"page","disabled":true,"settings":{}},"16488848289baccba5":{"type":"custom-content","blocks":{"16488848279450b687-0":{"type":"text","settings":{"title":"","subheading":"","text":"<p>In the event of any concerns or complaints about possible violation of intellectual property rights, please send us an email at customers@odinlake.com, identifying with specificity the rights alleged to be violated and the accused product(s).<\/p>","width":"100%","alignment":"center","align_text":"left","text_size":"medium","text_color":"black","button_label":"","button_link":"","button_style":"sf__btn-primary","button_size":"","block_custom_class":""}}},"block_order":["16488848279450b687-0"],"settings":{"heading":"<h1>Intellectual Property Rights<\/h1>","subheading":"","description":"","header_alignment":"center","container":"container","background_color":"","gap":200,"use_scroll_mobile":false,"gap_mobile":16,"custom_class":""}}},"order":["main","16488848289baccba5"]}