{"sections":{"main":{"type":"main-product","blocks":{"title":{"type":"title","settings":{}},"b6eec04c-7d17-48b9-98d4-7d0f47f07ecb":{"type":"shopify:\/\/apps\/stamped-product-reviews-ugc\/blocks\/star-rating-badge\/a103faaf-2125-4b0e-89fa-de5149736723","settings":{"use_metafields":true,"sku_tagtype":"sku"}},"price":{"type":"price","settings":{"show_saving":true}},"722899ef-005a-4bdd-a5d7-4558cd6b8c84":{"type":"custom_liquid","settings":{"custom_liquid":"<li >Free Shipping & 30-day Returns.<\/li>\n<li>Back to School Sale <strong>$50 OFF<\/strong> Coupon:  \n<strong>BTS50<\/strong> <\/li>"}},"22566065-77d0-47a6-b05a-5848b8640bdf":{"type":"shipping","settings":{"show_delivery_times":true,"deliver_text":"Ship from California, Delivery by:","deliver_days":"7","date_format":"%b %d","show_shipping_text":false,"shipping_text":"<p>Free Shipping & Returns:<strong> <\/strong>On all orders<\/p>"}},"52371b04-625f-4033-a653-bb98b66a0cfb":{"type":"shopify:\/\/apps\/klarna-on-site-messaging\/blocks\/app-block\/b95936a9-74b6-4a95-8103-6a1b6459c25e","settings":{"data_key":"credit-promotion-badge","locale_option":"manual","locale_fallback":"en-US","theme":"light","topPadding":"0","bottomPadding":"0"}},"buy_buttons":{"type":"buy_buttons","settings":{"show_quantity_selector":true,"show_atc_button":true,"show_dynamic_checkout":true}},"0bb778a2-b0d9-4b9c-8538-dfbf05ab2ecb":{"type":"custom_liquid","settings":{"custom_liquid":"<style>\n.contact_detail{\n  border-radius: 5px;\n  padding-top: 13px;\n  padding-bottom: 13px;\n  font-size: 16px;\n  text-align: center;\n  background-color: #f5f5f5;\n  color: #34445a;\n  margin-bottom: 10px;\n  margin-top: 10px;\n}<\/style>\n<div class=\"contact_detail\">\n<p> Shopping for your team or any other question? <u><a href=\"#ask-question\" class=\"form-ask__button\">Contact Us<\/a><\/u> now.\n<\/div>"}},"d4f94650-eb92-45b4-af91-8e5559c20c88":{"type":"shopify:\/\/apps\/trust-me-free-trust-badges\/blocks\/star_rating\/f42f2346-5d14-4b41-a8b9-4b6ee352262e","settings":{}},"e2eb0aca-7b85-4822-b037-10276a7a8463":{"type":"custom_text","settings":{"content":"<p>•  Ergonomically adjustable height, armrest, back recline (back tilt angle and tension) and seat tilt.<br\/>•  Armrest adjust up\/down, fore\/aft & right\/left.<br\/>•  Breathable mesh back & high-density foam cushion.<br\/>•  Lumbar support pad.<br\/>•  Supports up to 300 lbs.<\/p><p><\/p><p><strong>Tips: Please pay attention to the product size specification before place an order, in case  you order the wrong item.（Would not recommend it for people taller than 5'6 and over 150 lbs）<\/strong><\/p>"}},"bfbb61fd-423b-4349-ab06-ad8070a17660":{"type":"addons","settings":{"show_atcp":false,"show_ask_a_question":true,"show_social":true}}},"block_order":["title","b6eec04c-7d17-48b9-98d4-7d0f47f07ecb","price","722899ef-005a-4bdd-a5d7-4558cd6b8c84","22566065-77d0-47a6-b05a-5848b8640bdf","52371b04-625f-4033-a653-bb98b66a0cfb","buy_buttons","0bb778a2-b0d9-4b9c-8538-dfbf05ab2ecb","d4f94650-eb92-45b4-af91-8e5559c20c88","e2eb0aca-7b85-4822-b037-10276a7a8463","bfbb61fd-423b-4349-ab06-ad8070a17660"],"settings":{"container":"container-fluid","layout":"layout-4","show_atwl":false,"enable_history_state":false,"show_featured_media":true,"show_zoom_button":true,"enable_video_autoplay":false,"show_nav_media_mobile":true,"show_pagination_mobile":false,"use_sticky_atc":true,"use_sticky_atc_on_mobile":true,"enable_dynamic_checkout":false,"sticky_atc_wishtlist":false,"sticky_atc_compare":false}},"16505090500ef8e0aa":{"type":"custom-content","blocks":{"cf52c3e5-8769-497a-aac8-9c97997e98f5":{"type":"video","settings":{"video_link":"https:\/\/www.youtube.com\/watch?v=P6zhjUZK9bs","ratio":"16:9","video_title":"","text_size":"medium","text_color":"white","play_style":"solid","play_size":"medium","autoplay":false,"loop":false,"muted":false,"width":"100%","alignment":"start","block_custom_class":""}}},"block_order":["cf52c3e5-8769-497a-aac8-9c97997e98f5"],"settings":{"heading":"Why OdinLake Ergo CORE 625","subheading":"","code":"","description":"","header_alignment":"center","container":"container","background_color":"","gap":30,"use_scroll_mobile":false,"gap_mobile":16,"custom_class":""}},"1645753200f0027585":{"type":"image-with-text","settings":{"heading":"","subheading":"","container":"container","background_color":"#f8f8f8","item_gap":100,"item_gap_mobile":14,"image":"shopify:\/\/shop_images\/odinlake-mesh-ergonomic-chair-625_1.jpg","link":"","layout":"right","image_column_size":"6","hover_effect":false,"title":"A Good Chair Should Last 10 Years","sub_title":"","text":"<p>Engineering-grade construction allows the chair to reach 10 years of service time, much longer service time than most office chairs on the market. Equipped with Class 3 and BIFAMA certified Gas Lift, the chair can support a lifespan of 35,000 cycles, at least 10 years of continuous use. In addition, all the structural parts using polymer materials will not be oxidized and will not lose elasticity for 10 years.<\/p>","text_size":"medium","content_alignment":"left","button_label":"","button_link":"","button_style":"sf__btn-link","button_size":"","custom_class":""}},"1645753226c62bb68e":{"type":"custom-content","blocks":{"b5fda90a-2338-42e0-9843-7d39f843fae7":{"type":"html","settings":{"code":"<p style=\"font-size:22px;\"><strong>FEATURES<\/strong>\n<\/p><hr>\n<br>","width":"100%","block_custom_class":""}},"59686b90-3b37-4ce7-8f0b-965d4319b802":{"type":"text","settings":{"title":"","subheading":"<strong>Best Posture Support<\/strong>","code":"","text":"<p>Ergonomically adjustable height, armrest, back recline, these help to support the most of postures. The back recline supports 130° recline at max.<\/p>","width":"33%","alignment":"start","align_text":"left","text_size":"medium","text_color":"black","button_label":"","button_link":"","button_style":"sf__btn-primary","button_size":"","block_custom_class":""}},"34f64a19-4e4e-492b-a692-8a5dd240b4a2":{"type":"text","settings":{"title":"","subheading":"<strong>Specially Designed for Women<\/strong>","code":"","text":"<p>Comfortable size, seat cushion and micro-curved design, perfect to relieve thigh pressure from prolonged sitting.<\/p>","width":"33%","alignment":"start","align_text":"left","text_size":"medium","text_color":"black","button_label":"","button_link":"","button_style":"sf__btn-primary","button_size":"","block_custom_class":""}},"52d34139-4e92-429a-ac8f-06881fa46825":{"type":"text","settings":{"title":"","subheading":"<strong>Polyester Mesh Fabric<\/strong>","code":"","text":"<p>The mesh has a smooth surface, clear texture, consistent grid size, which guarantees no deformation after long-term use.<\/p>","width":"33%","alignment":"center","align_text":"left","text_size":"medium","text_color":"black","button_label":"","button_link":"","button_style":"sf__btn-primary","button_size":"","block_custom_class":""}}},"block_order":["b5fda90a-2338-42e0-9843-7d39f843fae7","59686b90-3b37-4ce7-8f0b-965d4319b802","34f64a19-4e4e-492b-a692-8a5dd240b4a2","52d34139-4e92-429a-ac8f-06881fa46825"],"settings":{"heading":"","subheading":"","code":"","description":"","header_alignment":"center","container":"container","background_color":"#ffffff","gap":30,"use_scroll_mobile":false,"gap_mobile":16,"custom_class":""}},"1645753549abb0a162":{"type":"custom-content","blocks":{"7d766f95-b415-415a-9e09-1852c55ea074":{"type":"html","settings":{"code":"<div>\n    <table>\n        <tbody>\n            <tr>\n                <th>\n                    <div>\n                        <p>\n                            <img alt=\"office mesh chair \" src=\"https:\/\/cdn.shopifycdn.net\/s\/files\/1\/0603\/7431\/9272\/files\/Comfortable_Supportive.jpg?v=1646388521\"><\/p>\n                    <\/div>\n                <\/th>\n            <\/tr>\n            <tr>\n                <td>\n                    <div>\n<br>                      <h4>Comfortable &amp; Supportive<\/h4>\n                        <p>2-inch thickened seat cushion can be pretty comfortable and supportive. It is more comfortable than ordinary chairs when sitting.<\/p>\n                    <\/div>\n                <\/td>\n            <\/tr>\n        <\/tbody>\n    <\/table>\n<\/div><br>","width":"66%","block_custom_class":""}},"eb3bccde-41fa-46b5-9887-7e5a664fd511":{"type":"html","settings":{"code":"<div>\n    <table>\n        <tbody>\n            <tr>\n                <th>\n                    <div>\n                        <p>\n                            <img alt=\"office mesh chair \" src=\"https:\/\/cdn.shopifycdn.net\/s\/files\/1\/0603\/7431\/9272\/files\/odinlake_625-detail.gif?v=1646402544\"><\/p>\n                    <\/div>\n                <\/th>\n            <\/tr>\n            <tr>\n                <td>\n                    <div>\n<br>                      <h4>Superior Details<\/h4>\n                        <p>Ergo core features a stronger chassis, comfortable 3D PU armrests. Simple design, breathable mesh, smooth topline, more ergonomic.<\/p>\n                    <\/div>\n                <\/td>\n            <\/tr>\n        <\/tbody>\n    <\/table>\n<\/div><br>","width":"33%","block_custom_class":""}},"1dcc4c4e-bbfa-4dc3-82f3-ca2ba3be4b5b":{"type":"html","settings":{"code":"<div>\n    <table>\n        <tbody>\n            <tr>\n                <th>\n                    <div>\n                        <p>\n                            <img alt=\"office mesh chair \" src=\"https:\/\/cdn.shopifycdn.net\/s\/files\/1\/0603\/7431\/9272\/files\/odinlake_product_material.jpg?v=1646402544\"><\/p>\n                    <\/div>\n                <\/th>\n            <\/tr>\n            <tr>\n                <td>\n                    <div>\n<br>                      <h4>High-quality Materials<\/h4>\n                        <p>The high-density sponge is very elastic, which makes it more suitable for daily use. High-quality fabric, light texture, good stretch and elasticity, skin-friendly and durable. Promote sustainable development of earth-friendly materials.<\/p>\n                    <\/div>\n                <\/td>\n            <\/tr>\n        <\/tbody>\n    <\/table>\n<\/div><br>","width":"33%","block_custom_class":""}},"82899af4-31ed-4b7b-b318-a2e66f89ca1f":{"type":"html","settings":{"code":"<div>\n    <table>\n        <tbody>\n            <tr>\n                <th>\n                    <div>\n                        <p>\n                            <img alt=\"office mesh chair \" src=\"https:\/\/cdn.shopifycdn.net\/s\/files\/1\/0603\/7431\/9272\/files\/odinlake_625_bifma.jpg?v=1646402955\"><\/p>\n                    <\/div>\n                <\/th>\n            <\/tr>\n            <tr>\n                <td>\n                    <div>\n<br>                      <h4>BIFMA &amp; TUV Rheinland Certificate<\/h4>\n                        <p>Odinlake Ergo Chairs meet BIFMA and TUV Rhineland's rigorous testing standards and can be used for office work, gaming or other occasions.\n<\/p>\n                    <\/div>\n                <\/td>\n            <\/tr>\n        <\/tbody>\n    <\/table>\n<\/div><br>","width":"66%","block_custom_class":""}}},"block_order":["7d766f95-b415-415a-9e09-1852c55ea074","eb3bccde-41fa-46b5-9887-7e5a664fd511","1dcc4c4e-bbfa-4dc3-82f3-ca2ba3be4b5b","82899af4-31ed-4b7b-b318-a2e66f89ca1f"],"settings":{"heading":"","subheading":"","code":"","description":"","header_alignment":"center","container":"container","background_color":"#f8f8f8","gap":120,"use_scroll_mobile":false,"gap_mobile":16,"custom_class":""}},"16457535583807c8aa":{"type":"custom-content","blocks":{"778edc8f-81c6-4337-8a70-5c58f6ad2df6":{"type":"html","settings":{"code":"<p style=\"font-size:22px;\"><strong>SPECS<\/strong>\n<\/p><hr>\n<br>","width":"100%","block_custom_class":""}},"030ac147-eff1-4f50-ba96-12a6ab3106c6":{"type":"image","settings":{"image":"shopify:\/\/shop_images\/Odinlake-Ergonomic-Chair-With-Breathable-Mesh-Ergo-CORE-Chair-625-SPECS.jpg","link":"","width":"66%","alignment":"center","block_custom_class":""}},"4e92dc2a-2af1-4afb-a40d-074bfcbd7493":{"type":"text","settings":{"title":"","subheading":"","code":"","text":"<p><strong>TECH SPECS<\/strong><br\/>Chair Width: 26\"<br\/>Base Size: 17.5\"<br\/>Height Range: 37\" – 40\"<br\/>Recline Range: 30° recline <br\/>Chair Weight: 31lbs<br\/>Weight Capacity: up to 400 lbs<br\/>Stackable: No<br\/><br\/><strong>RESOURCESREQUEST<\/strong><br\/><a href=\"#one\" title=\"#one\">Functional video<\/a><br\/><a href=\"https:\/\/www.odinlake.com\/pages\/assembly-video\" title=\"https:\/\/www.odinlake.com\/pages\/assembly-video\">Assembly video<\/a><br\/><a href=\"https:\/\/www.odinlake.com\/pages\/assembly-video\" title=\"https:\/\/www.odinlake.com\/pages\/assembly-video\">Installation manual<\/a><\/p>","width":"33%","alignment":"center","align_text":"left","text_size":"medium","text_color":"black","button_label":"","button_link":"","button_style":"sf__btn-primary","button_size":"","block_custom_class":""}}},"block_order":["778edc8f-81c6-4337-8a70-5c58f6ad2df6","030ac147-eff1-4f50-ba96-12a6ab3106c6","4e92dc2a-2af1-4afb-a40d-074bfcbd7493"],"settings":{"heading":"","subheading":"","code":"","description":"","header_alignment":"center","container":"container","background_color":"","gap":30,"use_scroll_mobile":false,"gap_mobile":16,"custom_class":""}},"product-details-tabs":{"type":"product-details-tabs","disabled":true,"blocks":{"60c5d0eb-e259-4e6e-8ccf-f4c815d76aa5":{"type":"liquid","settings":{"header":"Reviews","custom_liquid":"<!-- RYVIU APP :: WIDGET -->\n<div class=\"lt-block-reviews\"> \n<ryviu-widget  \n   handle=\"{{product.handle}}\"\n   title_product=\"{{product.title}}\"\n   total_meta=\"{{ product.metafields.ryviu.r_count }}\"\nimage_product=\"{{ product.featured_image.src | img_url: '100x' }}\"><\/ryviu-widget>\n<\/div>\n<!-- \/ RYVIU APP -->"}},"c2bec0f7-08e5-4160-a25f-fff39fe4cdc5":{"type":"liquid","settings":{"header":"Specs","custom_liquid":"<style>\n.des-tab .table{\nmargin:auto;\n}\n<\/style>\n<div class=\"des-tab\">\n{{ product.metafields.specs.table.value }}\n\n<\/div>"}},"dc25ba89-4d8f-4b74-8df5-8b828ef8ba64":{"type":"liquid","settings":{"header":"Videos","custom_liquid":"<div style=\"padding:56.25% 0 0 0;position:relative;\"><iframe src=\"https:\/\/player.vimeo.com\/video\/676167265?h=d1153363a7&amp;badge=0&amp;autopause=0&amp;player_id=0&amp;app_id=58479\" frameborder=\"0\" allow=\"autoplay; fullscreen; picture-in-picture\" allowfullscreen style=\"position:absolute;top:0;left:0;width:100%;height:100%;\" title=\"625\"><\/iframe><\/div><script src=\"https:\/\/player.vimeo.com\/api\/player.js\"><\/script>"}},"b0d32c6f-b2db-4a7b-86a7-4ca54371d26b":{"type":"liquid","settings":{"header":"Ask a Question","custom_liquid":"<!-- RYVIU APP :: QA -->\n<div class=\"lt-block-reviews\"> \n<questions-answers handle=\"{{product.handle}}\" product_id=\"{{product.id}}\"><\/questions-answers>\n<\/div>\n<!-- \/ RYVIU APP -->"}}},"block_order":["60c5d0eb-e259-4e6e-8ccf-f4c815d76aa5","c2bec0f7-08e5-4160-a25f-fff39fe4cdc5","dc25ba89-4d8f-4b74-8df5-8b828ef8ba64","b0d32c6f-b2db-4a7b-86a7-4ca54371d26b"],"settings":{"container":"container","bg_color":"","default_open":false}},"164552068790f18041":{"type":"image-with-text","settings":{"heading":"","subheading":"","container":"container","background_color":"#f8f8f8","item_gap":100,"item_gap_mobile":30,"image":"shopify:\/\/shop_images\/625.jpg","link":"","layout":"right","image_column_size":"8","hover_effect":false,"title":"<h3>Understated Design <br>Embraces Healthy<\/h3>","sub_title":"","text":"","text_size":"medium","content_alignment":"center","button_label":"","button_link":"","button_style":"sf__btn-link","button_size":"","custom_class":""}},"16493305195e1b3f69":{"type":"custom-content","blocks":{"ffd14539-4720-4ae2-acc8-6d8e50e99f56":{"type":"image_with_text","settings":{"image":"shopify:\/\/shop_images\/OdinLake_Ergo_PRO_633-1.webp","link":"shopify:\/\/products\/ergo-pro-odinlake-633","width":"33%","alignment":"start","subheading":"","code":"<h3><strong>OdinLake Ergo Pro 633<\/strong><\/h3><div class=\"prose\">\n<p>Get exhausted while working? Pro 633 will recharge your energy the professional way. Let nothing get in the way of your comfort.<\/p>\n\n<\/div>\n<div class=\"prose\">\n  <div class=\"odinlake_box1\">Chair Width<\/div>\n  <div class=\"odinlake_box2\">28.30”<\/div>\n<\/div>\n\n<div class=\"prose\">\n  <div class=\"odinlake_box1\">Base Size<\/div>\n  <div class=\"odinlake_box2\">20”<\/div>\n<\/div>\n\n<div class=\"prose\">\n  <div class=\"odinlake_box1\">Height Range:<\/div>\n  <div class=\"odinlake_box2\">44” – 49”<\/div>\n<\/div>\n\n<div class=\"prose\">\n  <div class=\"odinlake_box1\">Recline Range<\/div>\n  <div class=\"odinlake_box2\">45° recline<\/div>\n<\/div>\n<div class=\"prose\">\n  <div class=\"odinlake_box1\">Chair Weight<\/div>\n  <div class=\"odinlake_box2\">49 lbs<\/div>\n<\/div>\n<div class=\"prose\">\n  <div class=\"odinlake_box1\">Weight Capacity<\/div>\n  <div class=\"odinlake_box2\">up to 300 lbs<\/div>\n<\/div>\n<b>\n<div class=\"prose\">\n  <div class=\"odinlake_box1\">Adjustments<\/div>\n  <div class=\"odinlake_box2\">6<\/div>\n<\/div>\n<div class=\"prose\">\n  <div class=\"odinlake_box1\">Featured<\/div>\n  <div class=\"odinlake_box2\">Footrest<\/div>\n<\/div>\n\n<div class=\"prose\" style=\"color:#369abc\">\n  <div class=\"odinlake_box1\">Sale Price<\/div>\n  <div class=\"odinlake_box2\">$449.00<\/div>\n<\/div><\/b>\n\n<div class=\"prose\">\n<p> Pull out the built-in footrest under the seat and adjust the recline angle, then you will have an office chair become a recline chair.<\/p>\n\n<\/div>\n<div class=\"sf-hero__btn\">\n   <a href=\"https:\/\/www.odinlake.com\/products\/ergo-pro-odinlake-633\" class=\"sf__btn sf__btn-primary \">See Details<\/a>\n<\/div>","text":"","align_text":"left","text_size":"medium","text_color":"black","button_label":"","button_link":"","button_style":"sf__btn-primary","button_size":"","block_custom_class":""}},"ab0dc0ec-95ec-4a6f-8426-9352dbb8324c":{"type":"image_with_text","settings":{"image":"shopify:\/\/shop_images\/OdinLake_Ergo_CORE_625-home.webp","link":"shopify:\/\/products\/ergo-core-odinlake-625","width":"33%","alignment":"start","subheading":"","code":"<style>\n.odinlake_box1 {width:150px; float:left; display:inline;border:red 0px solid;}\n.odinlake_box2 {width:200px; display:inline;border:green 0px solid;}\n.odinlake-product-compare img{\n  background-size:contain|cover;\n  width:100%;\n  height: 100%;\n  margin-top:10px;\n  padding-bottom: 10px;\n  }\n<\/style>\n\n\n<h3><strong>OdinLake Ergo Core 625<\/strong><\/h3>\n<div class=\"prose\">\n<p>Super soft cushioning to keep you relaxed and make you productive for more. Core 625 provides the best value of an Ergo Chair.<\/p>\n\n<\/div>\n<div class=\"prose\">\n  <div class=\"odinlake_box1\">Chair Width<\/div>\n  <div class=\"odinlake_box2\">26\"<\/div>\n<\/div>\n\n<div class=\"prose\">\n  <div class=\"odinlake_box1\">Base Size<\/div>\n  <div class=\"odinlake_box2\">17.5\"<\/div>\n<\/div>\n\n<div class=\"prose\">\n  <div class=\"odinlake_box1\">Height Range:<\/div>\n  <div class=\"odinlake_box2\">37\" – 40\"<\/div>\n<\/div>\n\n<div class=\"prose\">\n  <div class=\"odinlake_box1\">Recline Range<\/div>\n  <div class=\"odinlake_box2\">30° recline<\/div>\n<\/div>\n<div class=\"prose\">\n  <div class=\"odinlake_box1\">Chair Weight<\/div>\n  <div class=\"odinlake_box2\">31 lbs<\/div>\n<\/div>\n<div class=\"prose\">\n  <div class=\"odinlake_box1\">Weight Capacity<\/div>\n  <div class=\"odinlake_box2\">up to 300 lbs<\/div>\n<\/div>\n<b>\n<div class=\"prose\">\n  <div class=\"odinlake_box1\">Adjustments<\/div>\n  <div class=\"odinlake_box2\">3<\/div>\n<\/div>\n<div class=\"prose\">\n  <div class=\"odinlake_box1\">Featured<\/div>\n  <div class=\"odinlake_box2\">Thickened Cushion<\/div>\n<\/div>\n\n<div class=\"prose\" style=\"color:#369abc\">\n  <div class=\"odinlake_box1\">Sale Price<\/div>\n  <div class=\"odinlake_box2\">$249.00<\/div>\n<\/div><\/b>\n\n<div class=\"prose\">\n<p>Get yourself the best quality affordable chairs today. No need of emptying the wallet on ergo chair anymore.<\/p>\n\n<\/div>\n<div class=\"sf-hero__btn\">\n   <a href=\"https:\/\/www.odinlake.com\/products\/ergo-core-odinlake-625\" class=\"sf__btn sf__btn-primary \">See Details<\/a>\n<\/div>","text":"","align_text":"left","text_size":"medium","text_color":"black","button_label":"","button_link":"","button_style":"sf__btn-primary","button_size":"","block_custom_class":""}},"5c09d3a3-60f4-4e82-b354-55c8f9316f0c":{"type":"image_with_text","settings":{"image":"shopify:\/\/shop_images\/OdinLake_Ergo_ART_643-2.webp","link":"shopify:\/\/products\/ergo-art-odinlake-643","width":"33%","alignment":"start","subheading":"","code":"<h3><strong>OdinLake Ergo Art 643<\/strong><\/h3>\n\n<div class=\"prose\">\n<p>\"With sensitive intelligence to innovative simplicity.\" says Justus Kolberg, a remarkable German artist. Less is more.<\/p>\n<\/div>\n<div class=\"prose\">\n  <div class=\"odinlake_box1\">Chair Width<\/div>\n  <div class=\"odinlake_box2\">28.30”<\/div>\n<\/div>\n\n<div class=\"prose\">\n  <div class=\"odinlake_box1\">Base Size<\/div>\n  <div class=\"odinlake_box2\">20”<\/div>\n<\/div>\n\n<div class=\"prose\">\n  <div class=\"odinlake_box1\">Height Range:<\/div>\n  <div class=\"odinlake_box2\">45” – 51”<\/div>\n<\/div>\n\n<div class=\"prose\">\n  <div class=\"odinlake_box1\">Recline Range<\/div>\n  <div class=\"odinlake_box2\">35° recline<\/div>\n<\/div>\n<div class=\"prose\">\n  <div class=\"odinlake_box1\">Chair Weight<\/div>\n  <div class=\"odinlake_box2\">37 lbs<\/div>\n<\/div>\n<div class=\"prose\">\n  <div class=\"odinlake_box1\">Weight Capacity<\/div>\n  <div class=\"odinlake_box2\">up to 300 lb<\/div>\n<\/div>\n<b>\n<div class=\"prose\">\n  <div class=\"odinlake_box1\">Adjustments<\/div>\n  <div class=\"odinlake_box2\">5<\/div>\n<\/div>\n<div class=\"prose\">\n  <div class=\"odinlake_box1\">Featured<\/div>\n  <div class=\"odinlake_box2\">High Back<\/div>\n<\/div>\n\n<div class=\"prose\" style=\"color:#369abc\">\n  <div class=\"odinlake_box1\">Sale Price<\/div>\n  <div class=\"odinlake_box2\">$449.00<\/div>\n<\/div><\/b>\n\n<div class=\"prose\">\n<p>Equipped with multi-function mechanism from Germany BOCK.  BOCK-23 seat mechanism has the adaptive synchronous tilt function.<\/p>\n\n<\/div>\n<div class=\"sf-hero__btn\">\n   <a href=\"https:\/\/www.odinlake.com\/products\/ergo-art-odinlake-643\" class=\"sf__btn sf__btn-primary \">See Details<\/a>\n<\/div>","text":"","align_text":"left","text_size":"medium","text_color":"black","button_label":"","button_link":"","button_style":"sf__btn-primary","button_size":"","block_custom_class":""}},"ae2e7c45-5d88-4c5e-9fe8-c74c45a8c207":{"type":"html","disabled":true,"settings":{"code":"<div class=\"odinlake-product-compare\">\n  <a href=\"https:\/\/www.odinlake.com\/products\/ergo-pro-odinlake-633\"> <img class=\"lazyautosizes lazyloaded\" src=\"https:\/\/cdn.shopifycdn.net\/s\/files\/1\/0603\/7431\/9272\/files\/Odinlake-Ergonomic-Office-Chair-With-Footrest-Ergo-PRO-Chair-633_1.jpg?v=1650624770\" alt=\"Odinlake Ergonomic Office Chair With Footrest Ergo PRO Chair 633\">  \n\n<h3>Ergo Pro 633<\/h3>\n<\/a>\n<div class=\"prose\">\n<p>Get exhausted while working? Pro 633 will recharge your energy the professional way. Let nothing get in the way of your comfort.<\/p>\n\n<\/div>\n<div class=\"prose\">\n  <div class=\"odinlake_box1\">Chair Width<\/div>\n  <div class=\"odinlake_box2\">28.30”<\/div>\n<\/div>\n\n<div class=\"prose\">\n  <div class=\"odinlake_box1\">Base Size<\/div>\n  <div class=\"odinlake_box2\">20”<\/div>\n<\/div>\n\n<div class=\"prose\">\n  <div class=\"odinlake_box1\">Height Range:<\/div>\n  <div class=\"odinlake_box2\">44” – 49”<\/div>\n<\/div>\n\n<div class=\"prose\">\n  <div class=\"odinlake_box1\">Recline Range<\/div>\n  <div class=\"odinlake_box2\">45° recline<\/div>\n<\/div>\n<div class=\"prose\">\n  <div class=\"odinlake_box1\">Chair Weight<\/div>\n  <div class=\"odinlake_box2\">49 lbs<\/div>\n<\/div>\n<div class=\"prose\">\n  <div class=\"odinlake_box1\">Weight Capacity<\/div>\n  <div class=\"odinlake_box2\">up to 300 lbs<\/div>\n<\/div>\n<b>\n<div class=\"prose\">\n  <div class=\"odinlake_box1\">Adjustments<\/div>\n  <div class=\"odinlake_box2\">6<\/div>\n<\/div>\n<div class=\"prose\">\n  <div class=\"odinlake_box1\">Featured<\/div>\n  <div class=\"odinlake_box2\">Footrest<\/div>\n<\/div>\n\n<div class=\"prose\" style=\"color:#369abc\">\n  <div class=\"odinlake_box1\">Sale Price<\/div>\n  <div class=\"odinlake_box2\">$449.00<\/div>\n<\/div><\/b>\n\n<div class=\"prose\">\n<p> Pull out the built-in footrest under the seat and adjust the recline angle, then you will have an office chair become a recline chair.<\/p>\n\n<\/div>\n<div class=\"sf-hero__btn\">\n   <a href=\"https:\/\/www.odinlake.com\/products\/ergo-pro-odinlake-633\" class=\"sf__btn sf__btn-primary \">See Details<\/a>\n<\/div>\n<\/div>","width":"33%","block_custom_class":""}},"3ff54204-afe0-4abd-82b1-0f83fd4dc5a1":{"type":"html","disabled":true,"settings":{"code":"<style>\n.odinlake_box1 {width:150px; float:left; display:inline;border:red 0px solid;}\n.odinlake_box2 {width:200px; display:inline;border:green 0px solid;}\n.odinlake-product-compare img{\n  background-size:contain|cover;\n  width:100%;\n  height: 100%;\n  margin-top:10px;\n  padding-bottom: 10px;\n  }\n<\/style>\n\n <div class=\"odinlake-product-compare\">   <a href=\"https:\/\/www.odinlake.com\/products\/ergo-core-odinlake-625\">\n  <img class=\"lazyautosizes lazyloaded\" src=\"https:\/\/cdn.shopify.com\/s\/files\/1\/0603\/7431\/9272\/files\/odinlake-mesh-office-chair-625_3.jpg?v=1656057855\" alt=\"Odinlake Ergonomic Chair With Breathable Mesh Ergo CORE Chair 625\">  \n<h3>Ergo Core 625<\/h3>\n<\/a>\n<div class=\"prose\">\n<p>Super soft cushioning to keep you relaxed and make you productive for more. Core 625 provides the best value of an Ergo Chair.<\/p>\n\n<\/div>\n<div class=\"prose\">\n  <div class=\"odinlake_box1\">Chair Width<\/div>\n  <div class=\"odinlake_box2\">26\"<\/div>\n<\/div>\n\n<div class=\"prose\">\n  <div class=\"odinlake_box1\">Base Size<\/div>\n  <div class=\"odinlake_box2\">17.5\"<\/div>\n<\/div>\n\n<div class=\"prose\">\n  <div class=\"odinlake_box1\">Height Range:<\/div>\n  <div class=\"odinlake_box2\">37\" – 40\"<\/div>\n<\/div>\n\n<div class=\"prose\">\n  <div class=\"odinlake_box1\">Recline Range<\/div>\n  <div class=\"odinlake_box2\">30° recline<\/div>\n<\/div>\n<div class=\"prose\">\n  <div class=\"odinlake_box1\">Chair Weight<\/div>\n  <div class=\"odinlake_box2\">31 lbs<\/div>\n<\/div>\n<div class=\"prose\">\n  <div class=\"odinlake_box1\">Weight Capacity<\/div>\n  <div class=\"odinlake_box2\">up to 300 lbs<\/div>\n<\/div>\n<b>\n<div class=\"prose\">\n  <div class=\"odinlake_box1\">Adjustments<\/div>\n  <div class=\"odinlake_box2\">3<\/div>\n<\/div>\n<div class=\"prose\">\n  <div class=\"odinlake_box1\">Featured<\/div>\n  <div class=\"odinlake_box2\">Thickened Cushion<\/div>\n<\/div>\n\n<div class=\"prose\" style=\"color:#369abc\">\n  <div class=\"odinlake_box1\">Sale Price<\/div>\n  <div class=\"odinlake_box2\">$249.00<\/div>\n<\/div><\/b>\n<\/div>\n<div class=\"prose\">\n<p>Get yourself the best quality affordable chairs today. No need of emptying the wallet on ergo chair anymore.<\/p>\n\n<\/div>\n<div class=\"sf-hero__btn\">\n   <a href=\"https:\/\/www.odinlake.com\/products\/ergo-core-odinlake-625\" class=\"sf__btn sf__btn-primary \">See Details<\/a><a>\n<\/a>\n<\/div><a>\n<\/a>","width":"33%","block_custom_class":""}},"9016be04-7ef2-470c-b674-06acce15b425":{"type":"html","disabled":true,"settings":{"code":"<div class=\"odinlake-product-compare\">\n   <a href=\"https:\/\/www.odinlake.com\/products\/ergo-art-odinlake-643\"> <img class=\"lazyautosizes lazyloaded\" src=\"https:\/\/cdn.shopifycdn.net\/s\/files\/1\/0603\/7431\/9272\/files\/Odinlake-Ergonomic-Chair-With-High-Back-Ergo-ART-Chair-643_1.jpg?v=1650624770\" alt=\"Odinlake Ergonomic Chair With High Back Ergo ART Chair 643\">  \n<h3>Ergo Art 643<\/h3>\n<\/a>\n<div class=\"prose\">\n<p>\"With sensitive intelligence to innovative simplicity. \" says Justus Kolberg, a remarkable German artist. Less is more.<\/p>\n\n\n<\/div>\n<div class=\"prose\">\n  <div class=\"odinlake_box1\">Chair Width<\/div>\n  <div class=\"odinlake_box2\">28.30”<\/div>\n<\/div>\n\n<div class=\"prose\">\n  <div class=\"odinlake_box1\">Base Size<\/div>\n  <div class=\"odinlake_box2\">20”<\/div>\n<\/div>\n\n<div class=\"prose\">\n  <div class=\"odinlake_box1\">Height Range:<\/div>\n  <div class=\"odinlake_box2\">45” – 51”<\/div>\n<\/div>\n\n<div class=\"prose\">\n  <div class=\"odinlake_box1\">Recline Range<\/div>\n  <div class=\"odinlake_box2\">35° recline<\/div>\n<\/div>\n<div class=\"prose\">\n  <div class=\"odinlake_box1\">Chair Weight<\/div>\n  <div class=\"odinlake_box2\">37 lbs<\/div>\n<\/div>\n<div class=\"prose\">\n  <div class=\"odinlake_box1\">Weight Capacity<\/div>\n  <div class=\"odinlake_box2\">up to 300 lb<\/div>\n<\/div>\n<b>\n<div class=\"prose\">\n  <div class=\"odinlake_box1\">Adjustments<\/div>\n  <div class=\"odinlake_box2\">5<\/div>\n<\/div>\n<div class=\"prose\">\n  <div class=\"odinlake_box1\">Featured<\/div>\n  <div class=\"odinlake_box2\">High Back<\/div>\n<\/div>\n\n<div class=\"prose\" style=\"color:#369abc\">\n  <div class=\"odinlake_box1\">Sale Price<\/div>\n  <div class=\"odinlake_box2\">Sold Out<\/div>\n<\/div><\/b>\n<\/div>\n<div class=\"prose\">\n<p>Equipped with multi-function mechanism from Germany BOCK.  BOCK-23 seat mechanism has the adaptive synchronous tilt function.<\/p>\n\n<\/div>\n<div class=\"sf-hero__btn\">\n   <a href=\"https:\/\/www.odinlake.com\/products\/ergo-art-odinlake-643\" class=\"sf__btn sf__btn-primary \">See Details<\/a><a>\n<\/a>\n<\/div><a>\n<\/a>","width":"33%","block_custom_class":""}}},"block_order":["ffd14539-4720-4ae2-acc8-6d8e50e99f56","ab0dc0ec-95ec-4a6f-8426-9352dbb8324c","5c09d3a3-60f4-4e82-b354-55c8f9316f0c","ae2e7c45-5d88-4c5e-9fe8-c74c45a8c207","3ff54204-afe0-4abd-82b1-0f83fd4dc5a1","9016be04-7ef2-470c-b674-06acce15b425"],"settings":{"heading":"Meet All You Need","subheading":"","code":"","description":"","header_alignment":"center","container":"container","background_color":"#f8f8f8","gap":30,"use_scroll_mobile":true,"gap_mobile":5,"custom_class":""}},"16563127002af5f5bb":{"type":"apps","blocks":{"2d409c3e-f277-4870-9d61-a1cadf17b2f1":{"type":"shopify:\/\/apps\/stamped-product-reviews-ugc\/blocks\/main-widget\/a103faaf-2125-4b0e-89fa-de5149736723","settings":{"animation":true,"tags_exclude":"","tags_include":"","search":"","linkify":true,"use_metafields":true,"sku_tagtype":"sku"}}},"block_order":["2d409c3e-f277-4870-9d61-a1cadf17b2f1"],"settings":{"heading":"Customer Reviews","subheading":"","code":"","header_alignment":"center","container":"container","background_color":"","custom_class":""}}},"order":["main","16505090500ef8e0aa","1645753200f0027585","1645753226c62bb68e","1645753549abb0a162","16457535583807c8aa","product-details-tabs","164552068790f18041","16493305195e1b3f69","16563127002af5f5bb"]}