{"sections":{"main":{"type":"main-product","blocks":{"title":{"type":"title","settings":{}},"13c20caf-6c28-4132-8387-e77ec28abe73":{"type":"shopify:\/\/apps\/stamped-product-reviews-ugc\/blocks\/star-rating-badge\/a103faaf-2125-4b0e-89fa-de5149736723","settings":{"use_metafields":true,"sku_tagtype":"sku","is_featured_product":false,"featured_product_handle":""}},"price":{"type":"price","settings":{"show_saving":false}},"cf09c148-b864-4932-93c0-8f388da323c5":{"type":"custom_liquid","settings":{"custom_liquid":"<li>Free Shipping & 30-day Returns.<\/li>\n<li>Super Early Bird <strong>$100 Off<\/strong> Coupon:  \n<strong>PLUS100<\/strong> <\/li>\n<li>Limited Times of the Coupon Can be Used: <strong>5<\/strong>\n<\/li>"}},"1daa4fe2-080d-4312-8480-dd0bba86cb4d":{"type":"shipping","settings":{"show_delivery_times":true,"deliver_text":"Ship from California, Delivery by:","deliver_days":"6","date_format":"%b %d","show_shipping_text":false,"shipping_text":"<p>✅Free Shipping & 14-day Returns.<\/p>"}},"85a141cd-5fa7-4744-8dd2-c479cf3eb2f4":{"type":"shopify:\/\/apps\/klarna-on-site-messaging\/blocks\/app-block\/b95936a9-74b6-4a95-8103-6a1b6459c25e","settings":{"data_key":"credit-promotion-badge","locale_option":"manual","locale_fallback":"en-US","theme":"light","topPadding":"0","bottomPadding":"0"}},"buy_buttons":{"type":"buy_buttons","settings":{"show_quantity_selector":true,"show_atc_button":true,"show_dynamic_checkout":true}},"689c48ff-d850-4153-8f84-d5293e808715":{"type":"custom_liquid","settings":{"custom_liquid":"<style>\n.contact_detail{\n  border-radius: 5px;\n  padding-top: 13px;\n  padding-bottom: 13px;\n  font-size: 16px;\n  text-align: center;\n  background-color: #f5f5f5;\n  color: #34445a;\n  margin-bottom: 10px;\n  margin-top: 10px;\n}<\/style>\n<div class=\"contact_detail\">\n<p> Shopping for your team or any other question? <u><a href=\"#ask-question\" class=\"form-ask__button\">Contact Us<\/a><\/u> now.\n<\/p><\/div>"}},"6212f590-c900-478f-bda4-37c73eecf6f2":{"type":"shopify:\/\/apps\/trust-me-free-trust-badges\/blocks\/star_rating\/f42f2346-5d14-4b41-a8b9-4b6ee352262e","settings":{}},"1dee819a-a97b-4dd9-9686-9f63174c6f90":{"type":"custom_text","settings":{"content":"<p><strong>Tips: Please pay attention to the product size specification before place an order, in case  you order the wrong item.<\/strong><\/p>"}},"a7696675-aa37-4a37-95b7-8721b443c380":{"type":"addons","settings":{"show_atcp":false,"show_ask_a_question":true,"show_social":true}}},"block_order":["title","13c20caf-6c28-4132-8387-e77ec28abe73","price","cf09c148-b864-4932-93c0-8f388da323c5","1daa4fe2-080d-4312-8480-dd0bba86cb4d","85a141cd-5fa7-4744-8dd2-c479cf3eb2f4","buy_buttons","689c48ff-d850-4153-8f84-d5293e808715","6212f590-c900-478f-bda4-37c73eecf6f2","1dee819a-a97b-4dd9-9686-9f63174c6f90","a7696675-aa37-4a37-95b7-8721b443c380"],"settings":{"container":"container-fluid","layout":"layout-4","show_atwl":false,"enable_history_state":false,"show_featured_media":true,"show_zoom_button":true,"enable_video_autoplay":false,"show_nav_media_mobile":true,"show_pagination_mobile":false,"use_sticky_atc":true,"use_sticky_atc_on_mobile":true,"enable_dynamic_checkout":false,"sticky_atc_wishtlist":false,"sticky_atc_compare":false}},"1660185031afac5008":{"type":"custom-content","blocks":{"5e8cfdc0-a7c4-4d39-8b00-6595421c71c7":{"type":"html","settings":{"code":"<style>\n ::-webkit-scrollbar { width:0; height:0 }\n ::-webkit-scrollbar-thumb { background: transparent}\n ::-webkit-scrollbar-track { background-color: transparent}\n * {\n box-sizing: border-box\n }\n #nav-wrapper {\n max-width: 1280px;\n margin: 0 auto;\n }\n ul,li {\n list-style: none;\n padding: 0\n }\n .nav.nav-tabs {\n -webkit-overflow-scrolling: touch; \/* apply iOS momentum scrolling effect to this element *\/\n display: block;\n overflow: auto;\n white-space: nowrap\n }\n .nav.nav-tabs li {\n display: inline-block\n }\n .nav.nav-tabs li a {\n display: block;\n border-color:#D1D1D1;border-image:none;border-style:solid;border-width:0 1px 0 0;\n color:#333333;\n font-size:16px;\n height:50px;\n line-height:20px;\n text-shadow:0 1px 0 #FFFFFF;\n padding: 16px;\n text-decoration: none;\n }\n *{margin:0;padding:0;}\n html{background-attachment:fixed;background-color:#ffffff;height:100%;}\n \/* header *\/\n #odinheader{\n border:1px solid;\n border-color:rgba(0,0,0,0.1);\n border-bottom-color:rgba(0,0,0,0.2);\n background-clip:padding-box;\n border-radius:0 0 5px 5px;\n margin:auto;\n position:relative;\n background:#f7f7f7;\n background:-webkit-linear-gradient(top, #f7f7f7, #f4f4f4);\n background:-moz-linear-gradient(top, #f7f7f7, #f4f4f4);\n background:-o-linear-gradient(top, #f7f7f7, #f4f4f4);\n background:linear-gradient(to bottom, #f7f7f7, #f4f4f4);\n }\n \/* menu *\/\n #odinnavmenu{\n border-radius:0 0 4px 4px;\n box-shadow:-1px 1px 0 rgba(255, 255, 255, 0.8) inset;\n clear:both;\n height:50px;\n }\n <\/style>\n<div id=\"odinheader\">\n <div id=\"odinnavmenu\">\n <div id=\"nav-wrapper\">\n <ul class=\"nav nav-tabs\">\n <li><a href=\"#shopify-section-template--15844391190696__16600358077bb8e1cc\">Overview<\/a><\/li>\n <li><a href=\"#shopify-section-template--15844391190696__16600360469fe8a704\">Details<\/a><\/li>\n <li><a href=\"#shopify-section-template--15844391190696__166003565273f388ca\">Images<\/a><\/li>\n <li><a href=\"#shopify-section-template--15844391190696__16601210856bdcae08\">Warranty+Return<\/a><\/li>\n <li><a href=\"#shopify-section-template--15844391190696__166012126699243ed7\">Instructions<\/a><\/li>\n <li><a href=\"#shopify-section-template--15844391190696__166012152697c5f516\">Specs<\/a><\/li>\n <li><a href=\"#shopify-section-template--15844391190696__1641625048a7586cf5\">Reviews<\/a><\/li>\t\t\t\n <\/ul>\n <\/div>\n <\/div>\n<\/div>","width":"100%","block_custom_class":""}}},"block_order":["5e8cfdc0-a7c4-4d39-8b00-6595421c71c7"],"settings":{"heading":"","subheading":"","code":"","description":"","header_alignment":"center","container":"container","background_color":"","gap":30,"use_scroll_mobile":false,"gap_mobile":16,"custom_class":""}},"16600358077bb8e1cc":{"type":"custom-content","blocks":{"16600358060c1d975c-0":{"type":"text","settings":{"title":"","subheading":"","code":"<div class=\"prose\">\n<h3>Full Adjustments &amp; Full Support<\/h3>\n<p>\n<\/p>\n<li>• 2D Large Surface Adjustable Headrest.<\/li>\n<li>• 5 Levels Height Adjustable Backrest.<\/li>\n<li>• Fully Dynamic Lumbar Support.<\/li>\n<li>• Height &amp; Depth Adjustable Seat.<\/li>\n<li>• 4D Soft &amp; Adjustbale Armrests.<\/li>\n<li>• 4 Levels Tilt Tension Adjustment.<\/li>\n<li>• Up to 135° Recline Angle.<\/li>\n<\/div>","text":"","width":"50%","alignment":"center","align_text":"left","text_size":"medium","text_color":"black","button_label":"","button_link":"","button_style":"sf__btn-primary","button_size":"","block_custom_class":"odinlake_block2"}},"f6341e8e-a9f8-4be6-b39f-04e92c548f17":{"type":"video","settings":{"video_link":"https:\/\/youtu.be\/A0fLYG34reA","ratio":"16:9","video_title":"","text_size":"medium","text_color":"white","play_style":"solid","play_size":"medium","autoplay":false,"loop":false,"muted":false,"width":"50%","alignment":"start","block_custom_class":"odinlake_block1"}},"2108c386-1412-4078-9abf-c3c2b61ac0b8":{"type":"image","disabled":true,"settings":{"image":"shopify:\/\/shop_images\/3d4408c8738e6ed420e7e514a97a8bf9.png","link":"","width":"50%","alignment":"center","block_custom_class":"odinlake_block3"}},"0a9a2b35-5bcd-4e52-a899-82f6bb40f07f":{"type":"product_form","disabled":true,"settings":{"product":"ergo-core-odinlake-625","show_quantity_selector":false,"show_vendor":false,"show_price":true,"show_add_to_cart":true,"show_product_review":false,"enable_payment_button":false,"width":"50%","alignment":"center","block_custom_class":"odinlake_block4"}}},"block_order":["16600358060c1d975c-0","f6341e8e-a9f8-4be6-b39f-04e92c548f17","2108c386-1412-4078-9abf-c3c2b61ac0b8","0a9a2b35-5bcd-4e52-a899-82f6bb40f07f"],"settings":{"heading":"Overview","subheading":"","code":"<hr style=\" height:3px;    background-color:#103F36;\">","description":"","header_alignment":"left","container":"container","background_color":"","gap":30,"use_scroll_mobile":false,"gap_mobile":16,"custom_class":""}},"16600360469fe8a704":{"type":"custom-content","blocks":{"ceaecedb-acbb-47ca-b7a2-daa824eb7ea7":{"type":"text","disabled":true,"settings":{"title":"","subheading":"<h3>Reasons To Choose OdinLake Ergo PLUS 743<\/h3>","code":"","text":"<p><strong>Wire Control Mechanism<\/strong> - Remarkable endurance due to unique wire control mechanism and super convenient to adjust the chair without bending over.<\/p><p><strong>Aluminum Alloy Frame<\/strong> - Full aluminum alloy frame  ensures a long-time endurance and elegant & bright design. <\/p><p><strong>Elastic & Breathable Premium Mesh<\/strong> - Strong stability, good elasticity, and great heat dissipation, which helps to prevent the chair from a bacterial growth during use.<br\/><strong>Big & Mute Function Wheels<\/strong> - 2.5 inches big wheels with mute covers inside the base, which helps to noise reduction when the chair is moving.<\/p><p><strong>Class 4 Gas Lift<\/strong> - BIMFA certificated and safe-guarantee. Most office chairs use class 2\/3 gas lift. Ergo PLUS 743 use class 4 gas lift to provide a better quality.<br\/><\/p>","width":"50%","alignment":"center","align_text":"left","text_size":"medium","text_color":"black","button_label":"","button_link":"","button_style":"sf__btn-primary","button_size":"","block_custom_class":""}},"f641cfed-442e-490a-bf9c-b16eb1f33726":{"type":"html","settings":{"code":"<div class=\"prose\">\n<h3>Reasons To Choose OdinLake Ergo PLUS 743<\/h3>\n<p>\n<strong>Wire Control Mechanism<\/strong> - Remarkable endurance due to unique wire control mechanism and super convenient to adjust the chair without bending over.<\/p>\n<p>\n<strong>Aluminum Alloy Frame<\/strong> - Full aluminum alloy frame  ensures a long-time endurance and elegant &amp; bright design. <\/p>\n<p>\n<\/p>\n<p>\n<strong>Elastic &amp; Breathable Premium Mesh<\/strong> - Strong stability, good elasticity, and great heat dissipation, which helps to prevent the chair from a bacterial growth during use.\n<\/p>\n<p>\n<strong>Big &amp; Mute Function Wheels<\/strong> - 2.5 inches big wheels with mute covers inside the base, which helps to noise reduction when the chair is moving.\n<\/p>\n<strong>Class 4 Gas Lift<\/strong> - BIMFA certificated and safe-guarantee. Most office chairs use class 2\/3 gas lift. Ergo PLUS 743 use class 4 gas lift to provide a better quality.\n<\/div>","width":"50%","block_custom_class":"odinlake_block2"}},"16600360462a2d07bc-1":{"type":"image","settings":{"image":"shopify:\/\/shop_images\/OdinLake-Ergonomic-Chair-Aluminum-alloy-chair-Ergo-PLUS-Chair-743.webp","link":"","width":"50%","alignment":"center","block_custom_class":"odinlake_block1"}},"bc47e5bc-abec-45dc-98c3-16da37858c46":{"type":"image","settings":{"image":"shopify:\/\/shop_images\/odinlake-ergo-plus-seat.gif","link":"","width":"50%","alignment":"center","block_custom_class":"odinlake_block3"}},"c3d0ef5e-e43d-4bfe-8d0b-ab7a64f68338":{"type":"html","disabled":true,"settings":{"code":"<script src=\"https:\/\/cdn.bootcss.com\/html5media\/1.1.8\/html5media.min.js\"><\/script>\n<video width=\"auto\" height=\"auto\" loop=\"\" autoplay=\"\">\n  <source src=\"https:\/\/cdn.shopify.com\/videos\/c\/o\/v\/2d893ec6fb5c4134a2a2115aa1909491.mp4\" type=\"video\/mp4\">\n<\/source><\/video>","width":"50%","block_custom_class":"odinlake_block3"}},"e756989b-5159-41e4-b99a-3b9b57cc98fa":{"type":"html","settings":{"code":"<div class=\"prose\">\n<h3>The Importance of Wire Control Mechanism<\/h3>\n<p>\nIf you're always frustrated to bend over to find the adjustment control and have to use force to push it, you need to know more about the wire control mechanism of an ergonomic office chair.  <\/p>\n<p>\nWire control mechanism makes the controller centralized and good-looking. The controllers are located just by the sides of the seat. You can easily reach them and adjust the chair without bending over and major force.<\/p>\n<p>\nSeat is one of the key elements of an office chair. The high-quality gas lift ensures the safety and the seat contains the whole control system which is the key to make the chair comfortable and useful. Wire control mechanism ensures the endurance of the chair functions.<\/p>\n<p><\/p>\n<\/div>","width":"50%","block_custom_class":"odinlake_block4"}},"945a82c4-0754-425b-b2f3-551eaa3a2aa6":{"type":"image_with_text","settings":{"image":"shopify:\/\/shop_images\/odinlake-ergo-plus-743-backrest-adjust.gif","link":"","width":"33%","alignment":"start","subheading":"Up & Down Backrest","code":"","text":"<p>A total of 5 levels height adjustments based on your height to allow for a better customised fit. The backrest height adjustment is also essential in ensuring the precise point for your lumbar support.<\/p>","align_text":"left","text_size":"medium","text_color":"black","button_label":"","button_link":"","button_style":"sf__btn-primary","button_size":"","block_custom_class":"odinlake_block5"}},"f186e059-6cef-426a-bad2-14463e3354af":{"type":"image_with_text","settings":{"image":"shopify:\/\/shop_images\/odinlake-ergo-plus-743-seat-deep-adjust.gif","link":"","width":"33%","alignment":"start","subheading":"Depth Adjustable Seat","code":"","text":"<p>A depth adjustment range of 2.5 inches. The depth can be adjusted according to the length of the thigh, which provides sufficient support for the legs and reduces local pressure on the buttocks.<\/p>","align_text":"left","text_size":"medium","text_color":"black","button_label":"","button_link":"","button_style":"sf__btn-primary","button_size":"","block_custom_class":"odinlake_block6"}},"2008e5ca-d31f-4f6c-b54d-ecbfae3ea25c":{"type":"image_with_text","settings":{"image":"shopify:\/\/shop_images\/odinlake-ergo-plus-743-headrest-adjust.gif","link":"","width":"33%","alignment":"start","subheading":"2D Adjustable Headrest","code":"","text":"<p>Large surface headrest can fully support your head. The angle of the headrest can be adjusted to fit your neck and relieve neck stress. The height of the headrest is also adjustable.<\/p>","align_text":"left","text_size":"medium","text_color":"black","button_label":"","button_link":"","button_style":"sf__btn-primary","button_size":"","block_custom_class":"odinlake_block7"}},"1cdfbf6a-dd8f-40cf-8703-3c8ff50fc674":{"type":"image_with_text","settings":{"image":"shopify:\/\/shop_images\/OdinLake-Ergonomic-Chair-Ergo-PLUS-Chair-743-handrest-adjust.webp","link":"","width":"33%","alignment":"start","subheading":"4D Adjustable Armrest","code":"","text":"<p>4D adjustable armrest give you the flexibility to adjust based on your movements and keep your arms fully supported at all times with the premium PU soft padding.<\/p>","align_text":"left","text_size":"medium","text_color":"black","button_label":"","button_link":"","button_style":"sf__btn-primary","button_size":"","block_custom_class":"odinlake_block8"}},"32c94612-d22c-4421-8657-e26672b3a810":{"type":"image_with_text","settings":{"image":"shopify:\/\/shop_images\/OdinLake-Ergonomic-Chair-Ergo-PLUS-Chair-743-backrest-adjust.webp","link":"","width":"33%","alignment":"start","subheading":"135° Recline Angle","code":"","text":"<p>Ergo PLUS has 4 recling positions. The armrests and seat are synchronised to the backrest in the recline movement to keep you fully supported even when you are leaning back for a short break.<\/p>","align_text":"left","text_size":"medium","text_color":"black","button_label":"","button_link":"","button_style":"sf__btn-primary","button_size":"","block_custom_class":"odinlake_block9"}},"0cc01d78-b79c-40f6-abd1-d550798b74e7":{"type":"image_with_text","settings":{"image":"shopify:\/\/shop_images\/OdinLake-Ergonomic-Chair-Ergo-PLUS-Chair-743-lumba-support-adjust.webp","link":"","width":"33%","alignment":"start","subheading":"Dynamic Lumbar Support","code":"","text":"<p>C-shape lumbar support that fits the natural curve of your spine. It's quite smart that it will always follow your movement to adjust the lumbar position, reducing any extra stress on your spine.<\/p>","align_text":"left","text_size":"medium","text_color":"black","button_label":"","button_link":"","button_style":"sf__btn-primary","button_size":"","block_custom_class":"odinlake_block10"}}},"block_order":["ceaecedb-acbb-47ca-b7a2-daa824eb7ea7","f641cfed-442e-490a-bf9c-b16eb1f33726","16600360462a2d07bc-1","bc47e5bc-abec-45dc-98c3-16da37858c46","c3d0ef5e-e43d-4bfe-8d0b-ab7a64f68338","e756989b-5159-41e4-b99a-3b9b57cc98fa","945a82c4-0754-425b-b2f3-551eaa3a2aa6","f186e059-6cef-426a-bad2-14463e3354af","2008e5ca-d31f-4f6c-b54d-ecbfae3ea25c","1cdfbf6a-dd8f-40cf-8703-3c8ff50fc674","32c94612-d22c-4421-8657-e26672b3a810","0cc01d78-b79c-40f6-abd1-d550798b74e7"],"settings":{"heading":"Details","subheading":"","code":"<hr style=\" height:3px;    background-color:#103F36;\">","description":"","header_alignment":"left","container":"container","background_color":"","gap":30,"use_scroll_mobile":false,"gap_mobile":16,"custom_class":""}},"166003565273f388ca":{"type":"custom-content","settings":{"heading":"Images","subheading":"","code":"<hr style=\" height:3px;    background-color:#103F36;\">","description":"","header_alignment":"left","container":"container","background_color":"","gap":30,"use_scroll_mobile":false,"gap_mobile":16,"custom_class":""}},"16601168580e8f205b":{"type":"odinalke-images","blocks":{"16601168574c9dce26-0":{"type":"slider_item","settings":{"background":"shopify:\/\/shop_images\/odinlake-ergo-plus-743-images-from-customers_2.webp","image_alignment":"center","image_link":""}},"16601168574c9dce26-1":{"type":"slider_item","settings":{"background":"shopify:\/\/shop_images\/odinlake-ergo-plus-743-images-from-customers_3.webp","image_alignment":"center","image_link":""}},"16601168574c9dce26-2":{"type":"slider_item","settings":{"background":"shopify:\/\/shop_images\/odinlake-ergo-plus-743-images-from-customers_4.webp","image_alignment":"center","image_link":""}},"fe6dd221-b6a0-47b8-8a05-efde746b5e2d":{"type":"slider_item","settings":{"background":"shopify:\/\/shop_images\/odinlake-ergo-plus-743-images-from-customers_1.webp","image_alignment":"center","image_link":""}}},"block_order":["16601168574c9dce26-0","16601168574c9dce26-1","16601168574c9dce26-2","fe6dd221-b6a0-47b8-8a05-efde746b5e2d"],"settings":{"container":"container","slideshow_height":"adapt","dots_position":"bottom","dots_color":"dark","show_dots":true,"show_arrows":true,"autorotate":true,"autorotate_speed":2,"custom_class":""}},"16601210856bdcae08":{"type":"custom-content","blocks":{"ede91ea3-f765-4c51-bd79-11424b59479f":{"type":"html","settings":{"code":"<div class=\"prose\">\n    <h4>Warranty Policy<\/h4>\n    <p>We stand firmly behind the quality of our products. OdinLake ergo PLUS 743 products come with a 5 Year Warranty.<\/p>\n    <h4>Return Policy<\/h4>\n    <p>Return &amp; refund guarantee within 30 days after delivery.<\/p>\n<\/div>","width":"100%","block_custom_class":""}}},"block_order":["ede91ea3-f765-4c51-bd79-11424b59479f"],"settings":{"heading":"Warranty + Returns","subheading":"","code":"<hr style=\" height:3px;    background-color:#103F36;\">","description":"","header_alignment":"left","container":"container","background_color":"","gap":30,"use_scroll_mobile":false,"gap_mobile":16,"custom_class":""}},"166012126699243ed7":{"type":"custom-content","blocks":{"cc3f1e39-0f73-4a5e-a955-3bda570e49cd":{"type":"video","settings":{"video_link":"https:\/\/youtu.be\/23wexUWM4C4","ratio":"16:9","video_title":"","text_size":"medium","text_color":"white","play_style":"solid","play_size":"medium","autoplay":false,"loop":false,"muted":false,"width":"66%","alignment":"start","block_custom_class":""}},"1660121265733b1793-0":{"type":"text","settings":{"title":"","subheading":"","code":"","text":"<p><strong>Assemble Your New Ergonomic Chair Within 10 Minutes.<\/strong><br\/><br\/><br\/><strong>RESOURCESREQUEST<\/strong><br\/><a href=\"https:\/\/cdn.shopify.com\/s\/files\/1\/0603\/7431\/9272\/files\/OdinLake-A743-Installation-manual.pdf?v=1661418955\" target=\"_blank\" title=\"https:\/\/cdn.shopify.com\/s\/files\/1\/0603\/7431\/9272\/files\/OdinLake-A743-Installation-manual.pdf?v=1661418955\">Installation manual<\/a><\/p>","width":"33%","alignment":"center","align_text":"left","text_size":"medium","text_color":"black","button_label":"","button_link":"","button_style":"sf__btn-primary","button_size":"","block_custom_class":""}}},"block_order":["cc3f1e39-0f73-4a5e-a955-3bda570e49cd","1660121265733b1793-0"],"settings":{"heading":"Assembly Instructions","subheading":"","code":"<hr style=\" height:3px;    background-color:#103F36;\">","description":"","header_alignment":"left","container":"container","background_color":"","gap":30,"use_scroll_mobile":false,"gap_mobile":16,"custom_class":""}},"166012152697c5f516":{"type":"custom-content","blocks":{"3f153b9a-c40a-4361-bcc1-b1c70c9dfbb3":{"type":"image","settings":{"image":"shopify:\/\/shop_images\/OdinLake-Ergonomic-Chair-Ergo-PLUS-Chair-743-Specs_531d7a88-55bd-4bc9-9bf4-85148285227c.png","link":"","width":"50%","alignment":"start","block_custom_class":""}},"b085da1f-e4bc-48ca-b5fe-801e966aefaa":{"type":"html","disabled":true,"settings":{"code":"<div class=\"mediaBlock\"><img class=\"img-responsive\" src=\"https:\/\/cdn.autonomous.ai\/static\/upload\/images\/common\/upload\/20210629\/MyoChair-inchad308fdd5c.svg\" alt=\"ErgoChair\" core=\"\"><\/div>","width":"50%","block_custom_class":""}},"54d8bc10-867e-4977-9103-22edff9d2a35":{"type":"html","settings":{"code":"<div>\n        <table>\n                <thead>\n                <tr style=\"border-bottom: 1px solid#D8D8D8\">\n                    <th scope=\"row\" style=\"font-size: 16px; color: #666; line-height: 26px; text-align: left; font-weight: normal; padding: 10px 30px 10px 0\">Dimensions<\/th>\n                    <th scope=\"row\" style=\"font-size: 16px; color: #666; line-height: 26px; text-align: left; font-weight: normal; padding: 10px 30px 10px 0\">25.2” - 27.5”L x 27.5”W x 45.5” - 52.4”H<\/th>\n                <\/tr>\n                <\/thead>\n            <tbody>\n                <tr style=\"border-bottom: 1px solid#D8D8D8\">\n                    <th scope=\"row\" style=\"font-size: 16px; color: #666; line-height: 26px; text-align: left; font-weight: normal; padding: 10px 30px 10px 0\">Seat dimensions<\/th>\n                    <td>18.5”L x 20.5”W\n                <\/td>\n\t\t\t\t<\/tr>\n                <tr style=\"border-bottom: 1px solid#D8D8D8\">\n                    <th scope=\"row\" style=\"font-size: 16px; color: #666; line-height: 26px; text-align: left; font-weight: normal; padding: 10px 30px 10px 0\">Seat height<\/th>\n                    <td>18.5” - 22.5”<\/td>\n                <\/tr>\n                <tr style=\"border-bottom: 1px solid#D8D8D8\">\n                    <th scope=\"row\" style=\"font-size: 16px; color: #666; line-height: 26px; text-align: left; font-weight: normal; padding: 10px 30px 10px 0\">Back dimensions<\/th>\n                    <td>20”W x 21”-22.6”H<\/td>\n                <\/tr>\n                <tr style=\"border-bottom: 1px solid#D8D8D8\">\n                    <th scope=\"row\" style=\"font-size: 16px; color: #666; line-height: 26px; text-align: left; font-weight: normal; padding: 10px 30px 10px 0\">Back dimensions (with headrest)<\/th>\n                    <td>20”W x 27” - 29\"H<\/td>\n                <\/tr>\n                <tr style=\"border-bottom: 1px solid#D8D8D8\">\n                    <th scope=\"row\" style=\"font-size: 16px; color: #666; line-height: 26px; text-align: left; font-weight: normal; padding: 10px 30px 10px 0\">Tilt range<\/th>\n                    <td>45°<\/td>\n                <\/tr>\n                <tr style=\"border-bottom: 1px solid#D8D8D8\">\n                    <th scope=\"row\" style=\"font-size: 16px; color: #666; line-height: 26px; text-align: left; font-weight: normal; padding: 10px 30px 10px 0\">Armrest height (from the seat border)<\/th>\n                    <td>6.5” - 9.3”<\/td>\n                <\/tr>\n                <tr style=\"border-bottom: 1px solid#D8D8D8\">\n                    <th scope=\"row\" style=\"font-size: 16px; color: #666; line-height: 26px; text-align: left; font-weight: normal; padding: 10px 30px 10px 0\">Armrest height (from the floor)<\/th>\n                    <td>25.8” - 32.7”<\/td>\n                <\/tr>\n\t\t\t\t<tr style=\"border-bottom: 1px solid#D8D8D8\">\n                    <th scope=\"row\" style=\"font-size: 16px; color: #666; line-height: 26px; text-align: left; font-weight: normal; padding: 10px 30px 10px 0\">Armrest adjust<\/th>\n                    <td>1.57” forwards &amp; backwards<br>1” leftwards &amp; rightwards<\/td>\n                <\/tr>\n                <tr style=\"border-bottom: 1px solid#D8D8D8\">\n                    <th scope=\"row\" style=\"font-size: 16px; color: #666; line-height: 26px; text-align: left; font-weight: normal; padding: 10px 30px 10px 0\">Caster wheel diameter<\/th>\n                    <td>2.5 inches<\/td>\n                <\/tr>\n                 <tr style=\"border-bottom: 1px solid#D8D8D8\">\n                    <th scope=\"row\" style=\"font-size: 16px; color: #666; line-height: 26px; text-align: left; font-weight: normal; padding: 10px 30px 10px 0\">Number of caster wheels<\/th>\n                    <td>5 pieces<\/td>\n                <\/tr> \n                 <tr style=\"border-bottom: 1px solid#D8D8D8\">\n                    <th scope=\"row\" style=\"font-size: 16px; color: #666; line-height: 26px; text-align: left; font-weight: normal; padding: 10px 30px 10px 0\">Adjustability<\/th>\n                    <td>Headrest, armrest, backrest, back tilt angle, seat height, seat depth, footrest(optional).<\/td>\n                <\/tr>\n                 <tr style=\"border-bottom: 1px solid#D8D8D8\">\n                    <th scope=\"row\" style=\"font-size: 16px; color: #666; line-height: 26px; text-align: left; font-weight: normal; padding: 10px 30px 10px 0\">Materials<\/th>\n                    <td>Aluminum alloy frame, fiberglass nylon plastic seat, PU armrest and caster, high strength elastic mesh.<\/td>\n                <\/tr>\n                 <tr style=\"border-bottom: 1px solid#D8D8D8\">\n                    <th scope=\"row\" style=\"font-size: 16px; color: #666; line-height: 26px; text-align: left; font-weight: normal; padding: 10px 30px 10px 0\">Certification<\/th>\n                    <td>BIFMA X5.1-2017(R2022)<\/td>\n                <\/tr>\n                <tr style=\"border-bottom: 1px solid#D8D8D8\">\n                    <th scope=\"row\" style=\"font-size: 16px; color: #666; line-height: 26px; text-align: left; font-weight: normal; padding: 10px 30px 10px 0\">Weight capacity<\/th>\n                    <td>350 lbs<\/td>\n                <\/tr>\n                <tr style=\"border-bottom: 1px solid#D8D8D8\">\n                    <th scope=\"row\" style=\"font-size: 16px; color: #666; line-height: 26px; text-align: left; font-weight: normal; padding: 10px 30px 10px 0\">Item weight<\/th>\n                    <td>60 lbs<\/td>\n                <\/tr>\n                <tr style=\"border-bottom: 1px solid#D8D8D8\">\n                    <th scope=\"row\" style=\"font-size: 16px; color: #666; line-height: 26px; text-align: left; font-weight: normal; padding: 10px 30px 10px 0\">Shipping dimensions<\/th>\n                    <td>30.3”L x 18.5”W x 28.7”H x 69 lbs<\/td>\n                <\/tr>\n                <tr style=\"border-bottom: 1px solid#D8D8D8\">\n                    <th scope=\"row\" style=\"font-size: 16px; color: #666; line-height: 26px; text-align: left; font-weight: normal; padding: 10px 30px 10px 0\">Warranty<\/th>\n                    <td>5 years<\/td>\n                <\/tr>\n                <tr style=\"border-bottom: 1px solid#D8D8D8\">\n                    <th scope=\"row\" style=\"font-size: 16px; color: #666; line-height: 26px; text-align: left; font-weight: normal; padding: 10px 30px 10px 0\">Free returns<\/th>\n                    <td>30 days<\/td>\n            <\/tr>\n<\/tbody>\n        <\/table>\n    <\/div>","width":"50%","block_custom_class":""}}},"block_order":["3f153b9a-c40a-4361-bcc1-b1c70c9dfbb3","b085da1f-e4bc-48ca-b5fe-801e966aefaa","54d8bc10-867e-4977-9103-22edff9d2a35"],"settings":{"heading":"Specs","subheading":"","code":"<hr style=\" height:3px;    background-color:#103F36;\">","description":"","header_alignment":"left","container":"container","background_color":"","gap":30,"use_scroll_mobile":false,"gap_mobile":16,"custom_class":""}},"1660122475752d865f":{"type":"custom-content","disabled":true,"settings":{"heading":"FAQs","subheading":"","code":"<hr style=\" height:3px;    background-color:#103F36;\">","description":"","header_alignment":"left","container":"container","background_color":"","gap":30,"use_scroll_mobile":false,"gap_mobile":16,"custom_class":""}},"166012253588126127":{"type":"collapsible-tabs","disabled":true,"blocks":{"1660122534fc26d5c1-0":{"type":"item","settings":{"header":"Odinlake ergo PLUS 43网布椅子的好处","content":"<p>非常透气，长时间办公使用时不会出汗。采用高弹网布，使用舒适，能够保证10年不老化。<\/p>","content_page":"","open":false}},"1660122534fc26d5c1-1":{"type":"item","settings":{"header":"Does the ergo PLUS 743 come in any other colors?","content":"<p>At this time, black are available for the Pursuit.<\/p>","content_page":"","open":false}},"dd7fd0f8-4214-454f-b874-70230a498292":{"type":"item","settings":{"header":"Does the price cover taxes?","content":"<p>Yes, the listed price is inclusive of tax.<\/p>","content_page":"","open":false}},"d8a23b8e-a6b1-44ec-8ef4-34c65bdf9e0b":{"type":"item","settings":{"header":"Can the chair be locked in the reclining position?","content":"<p>Yes, it can.<\/p>","content_page":"","open":false}}},"block_order":["1660122534fc26d5c1-0","1660122534fc26d5c1-1","dd7fd0f8-4214-454f-b874-70230a498292","d8a23b8e-a6b1-44ec-8ef4-34c65bdf9e0b"],"settings":{"container":"container"}},"1641625048a7586cf5":{"type":"apps","blocks":{"f34f86d8-1fb1-4012-8abf-2b42b5a2207f":{"type":"shopify:\/\/apps\/stamped-product-reviews-ugc\/blocks\/main-widget\/a103faaf-2125-4b0e-89fa-de5149736723","settings":{"take_questions":5,"animation":true,"tags_exclude":"","tags_include":"","search":"","linkify":true,"use_metafields":true,"sku_tagtype":"sku"}}},"block_order":["f34f86d8-1fb1-4012-8abf-2b42b5a2207f"],"settings":{"heading":"Customer Reviews","subheading":"","code":"<hr style=\" height:3px;    background-color:#103F36;\">","header_alignment":"left","container":"container","background_color":"#ffffff","custom_class":""}},"product-details-tabs":{"type":"product-details-tabs","disabled":true,"blocks":{"8e28592e-ef50-4674-8465-14aac6e75a5a":{"type":"liquid","settings":{"header":"Reviews","custom_liquid":"<!-- RYVIU APP :: WIDGET -->\n<div class=\"lt-block-reviews\"> \n<ryviu-widget  \n   handle=\"{{product.handle}}\"\n   title_product=\"{{product.title}}\"\n   total_meta=\"{{ product.metafields.ryviu.r_count }}\"\nimage_product=\"{{ product.featured_image.src | img_url: '100x' }}\"><\/ryviu-widget>\n<\/div>\n<!-- \/ RYVIU APP -->"}},"7ef65fd1-4152-49a3-b33d-0a972a2faf1e":{"type":"liquid","settings":{"header":"Specs","custom_liquid":"<style>\n.des-tab .table{\nmargin:auto;\n}\n<\/style>\n<div class=\"des-tab\">\n{{ product.metafields.specs.table.value }}\n\n<\/div>"}},"9734ecbf-fd81-4ce0-95cd-449e9793fb54":{"type":"liquid","settings":{"header":"Video","custom_liquid":"<div style=\"padding:56.25% 0 0 0;position:relative;\"><iframe src=\"https:\/\/player.vimeo.com\/video\/676167604?h=dfa667e922&amp;badge=0&amp;autopause=0&amp;player_id=0&amp;app_id=58479\" frameborder=\"0\" allow=\"autoplay; fullscreen; picture-in-picture\" allowfullscreen style=\"position:absolute;top:0;left:0;width:100%;height:100%;\" title=\"How to Adjust Odinlake Ergo ART 643\"><\/iframe><\/div><script src=\"https:\/\/player.vimeo.com\/api\/player.js\"><\/script>"}},"04b6ead4-a3db-4e23-92f0-bd660c907ed0":{"type":"liquid","settings":{"header":"Ask a Question","custom_liquid":"<!-- RYVIU APP :: QA -->\n<div class=\"lt-block-reviews\"> \n<questions-answers handle=\"{{product.handle}}\" product_id=\"{{product.id}}\"><\/questions-answers>\n<\/div>\n<!-- \/ RYVIU APP -->"}}},"block_order":["8e28592e-ef50-4674-8465-14aac6e75a5a","7ef65fd1-4152-49a3-b33d-0a972a2faf1e","9734ecbf-fd81-4ce0-95cd-449e9793fb54","04b6ead4-a3db-4e23-92f0-bd660c907ed0"],"settings":{"container":"container-fluid","bg_color":"","default_open":true}}},"order":["main","1660185031afac5008","16600358077bb8e1cc","16600360469fe8a704","166003565273f388ca","16601168580e8f205b","16601210856bdcae08","166012126699243ed7","166012152697c5f516","1660122475752d865f","166012253588126127","1641625048a7586cf5","product-details-tabs"]}