{"sections":{"breadcrumb":{"type":"breadcrumb","disabled":true,"settings":{"container":"container","text_alignment":"center","hide_current":false,"hide_on_mb":false}},"main":{"type":"main-product","blocks":{"title":{"type":"title","settings":{}},"2367f042-cecb-4484-8a10-637121cb2b72":{"type":"shopify:\/\/apps\/stamped-product-reviews-ugc\/blocks\/star-rating-badge\/a103faaf-2125-4b0e-89fa-de5149736723","settings":{"use_metafields":true,"sku_tagtype":"sku"}},"price":{"type":"price","settings":{"show_saving":false}},"variant_picker":{"type":"variant_picker","settings":{"size_title":"Size"}},"buy_buttons":{"type":"buy_buttons","settings":{"show_quantity_selector":true,"show_atc_button":true,"show_dynamic_checkout":true}},"8ff2ca9e-6a4a-44d6-a923-ae70a0148d1d":{"type":"description","settings":{}},"addons":{"type":"addons","settings":{"show_atcp":false,"show_ask_a_question":true,"show_social":true}}},"block_order":["title","2367f042-cecb-4484-8a10-637121cb2b72","price","variant_picker","buy_buttons","8ff2ca9e-6a4a-44d6-a923-ae70a0148d1d","addons"],"settings":{"container":"container","layout":"layout-4","show_atwl":false,"enable_history_state":true,"show_featured_media":true,"show_zoom_button":true,"enable_video_autoplay":false,"show_nav_media_mobile":true,"show_pagination_mobile":false,"use_sticky_atc":true,"use_sticky_atc_on_mobile":true,"enable_dynamic_checkout":true,"sticky_atc_wishtlist":false,"sticky_atc_compare":false}},"product-details-tabs":{"type":"product-details-tabs","disabled":true,"blocks":{"description":{"type":"description","settings":{"header":"Product description"}},"tab":{"type":"tab","disabled":true,"settings":{"header":"Shipping & Return","content":"<p>Shipping cost is based on weight. Just add products to your cart and use the Shipping Calculator to see the shipping price.<\/p><p>We want you to be 100% satisfied with your purchase. Items can be returned or exchanged within 30 days of delivery.<\/p>","content_page":""}}},"block_order":["description","tab"],"settings":{"container":"container","bg_color":"","default_open":true}},"product-recommendations":{"type":"product-recommendations","settings":{"container":"container","heading":"You Might Also Like","limit":8,"columns":4,"column_gap":30,"enable_slider":true}},"recent-viewed-products":{"type":"recent-viewed-products","disabled":true,"settings":{"container":"container","heading":"Recently Viewed Products","limit":8,"columns":4,"column_gap":30,"enable_slider":true}},"loox-product-reviews-app-section":{"type":"apps","blocks":{"7a21dec1-ae11-4853-99b4-b93eb110cb02":{"type":"shopify:\/\/apps\/stamped-product-reviews-ugc\/blocks\/main-widget\/a103faaf-2125-4b0e-89fa-de5149736723","settings":{"animation":true,"tags_exclude":"","tags_include":"","search":"","linkify":true,"use_metafields":true,"sku_tagtype":"sku"}}},"block_order":["7a21dec1-ae11-4853-99b4-b93eb110cb02"],"settings":{"heading":"Review","subheading":"","code":"","header_alignment":"left","container":"container","background_color":"","custom_class":""}}},"order":["breadcrumb","main","product-details-tabs","product-recommendations","recent-viewed-products","loox-product-reviews-app-section"]}