{"sections":{"main":{"type":"main-product","blocks":{"title":{"type":"title","settings":{}},"13c20caf-6c28-4132-8387-e77ec28abe73":{"type":"shopify:\/\/apps\/stamped-product-reviews-ugc\/blocks\/star-rating-badge\/a103faaf-2125-4b0e-89fa-de5149736723","settings":{"use_metafields":true,"sku_tagtype":"sku"}},"price":{"type":"price","settings":{"show_saving":false}},"cf09c148-b864-4932-93c0-8f388da323c5":{"type":"custom_liquid","settings":{"custom_liquid":"<li >Free Shipping & 30-day Returns.<\/li>\n<li>Back to School Sale <strong>$50 OFF<\/strong> Coupon:  \n<strong>BTS50<\/strong> <\/li>"}},"1daa4fe2-080d-4312-8480-dd0bba86cb4d":{"type":"shipping","settings":{"show_delivery_times":true,"deliver_text":"Ship from California, Delivery by:","deliver_days":"7","date_format":"%b %d","show_shipping_text":false,"shipping_text":"<p>✅Free Shipping & 14-day Returns.<\/p>"}},"85a141cd-5fa7-4744-8dd2-c479cf3eb2f4":{"type":"shopify:\/\/apps\/klarna-on-site-messaging\/blocks\/app-block\/b95936a9-74b6-4a95-8103-6a1b6459c25e","settings":{"data_key":"credit-promotion-badge","locale_option":"manual","locale_fallback":"en-US","theme":"light","topPadding":"0","bottomPadding":"0"}},"buy_buttons":{"type":"buy_buttons","settings":{"show_quantity_selector":true,"show_atc_button":true,"show_dynamic_checkout":true}},"6212f590-c900-478f-bda4-37c73eecf6f2":{"type":"shopify:\/\/apps\/trust-me-free-trust-badges\/blocks\/star_rating\/f42f2346-5d14-4b41-a8b9-4b6ee352262e","settings":{}},"1dee819a-a97b-4dd9-9686-9f63174c6f90":{"type":"custom_text","settings":{"content":"<p>• Ergonomically adjustable height, headrest, armrest, back recline (back tilt angle and tension).<br\/>• Supports up to 300 lbs.<br\/>• Minimalist look & stylish grey fabric.<br\/>• Adjustable lumbar support pad & seat depth.<br\/>• Quality elastic mesh cover & comfy soft stuffing.<\/p><p><\/p><p><strong>Tips: Please pay attention to the product size specification before place an order, in case  you order the wrong item.<\/strong><\/p>"}},"689c48ff-d850-4153-8f84-d5293e808715":{"type":"custom_liquid","settings":{"custom_liquid":"<style>\n.contact_detail{\n  border-radius: 5px;\n  padding-top: 13px;\n  padding-bottom: 13px;\n  font-size: 16px;\n  text-align: center;\n  background-color: #f5f5f5;\n  color: #34445a;\n  margin-bottom: 10px;\n  margin-top: 10px;\n}<\/style>\n<div class=\"contact_detail\">\n<p> Shopping for your team? <u><a href=\"https:\/\/www.odinlake.com\/pages\/bulk-order\">Contact Us<\/a><\/u> now.<br>\n or \"Add to Card\" and then \"View Cart\" to get the discount. <\/p>\n<\/div>"}},"a7696675-aa37-4a37-95b7-8721b443c380":{"type":"addons","settings":{"show_atcp":false,"show_ask_a_question":true,"show_social":true}}},"block_order":["title","13c20caf-6c28-4132-8387-e77ec28abe73","price","cf09c148-b864-4932-93c0-8f388da323c5","1daa4fe2-080d-4312-8480-dd0bba86cb4d","85a141cd-5fa7-4744-8dd2-c479cf3eb2f4","buy_buttons","6212f590-c900-478f-bda4-37c73eecf6f2","1dee819a-a97b-4dd9-9686-9f63174c6f90","689c48ff-d850-4153-8f84-d5293e808715","a7696675-aa37-4a37-95b7-8721b443c380"],"settings":{"container":"container-fluid","layout":"layout-4","show_atwl":false,"enable_history_state":false,"show_featured_media":true,"show_zoom_button":true,"enable_video_autoplay":false,"show_nav_media_mobile":true,"show_pagination_mobile":false,"use_sticky_atc":true,"use_sticky_atc_on_mobile":true,"enable_dynamic_checkout":false,"sticky_atc_wishtlist":false,"sticky_atc_compare":false}},"1650508939a8666057":{"type":"custom-content","blocks":{"5b9e0827-c497-422a-82a0-4415969b0c6c":{"type":"video","settings":{"video_link":"https:\/\/www.youtube.com\/watch?v=tt5E7qMiGbk","ratio":"16:9","video_title":"","text_size":"medium","text_color":"white","play_style":"solid","play_size":"medium","autoplay":false,"loop":false,"muted":false,"width":"100%","alignment":"start","block_custom_class":""}}},"block_order":["5b9e0827-c497-422a-82a0-4415969b0c6c"],"settings":{"heading":"Why OdinLake Ergo ART 643","subheading":"","code":"","description":"","header_alignment":"center","container":"container","background_color":"","gap":30,"use_scroll_mobile":false,"gap_mobile":16,"custom_class":""}},"1645751572ed1afef0":{"type":"image-with-text","settings":{"heading":"","subheading":"","container":"container","background_color":"#f8f8f8","item_gap":100,"item_gap_mobile":30,"image":"shopify:\/\/shop_images\/Justus_Kolberg.jpg","link":"","layout":"right","image_column_size":"6","hover_effect":false,"title":"Art 643's Designer","sub_title":"","text":"<p>\"With sensitive intelligence to innovative simplicity\"--- Justus Kolberg.<\/p><p>With years of excellent work experience in Tecno & designteam Wiege, Justus has received numerous awards including the IF Hannover Design Award, the Red Dot Design Zentrum NRW, the IDEA Gold Award and the Japanese Good Design Award.<\/p><p>Odinlake Ergo Art 643 perfectly embodies the fusion of ergonomic chair and modern art and presents the ultimate Nordic minimalist style.<\/p>","text_size":"medium","content_alignment":"left","button_label":"","button_link":"","button_style":"sf__btn-link","button_size":"","custom_class":""}},"1645752282d284ba9d":{"type":"custom-content","blocks":{"405b7423-185f-4323-a31a-d1cf349a7f06":{"type":"html","settings":{"code":"<p style=\"font-size:22px;\"><strong>FEATURES<\/strong>\n<\/p><hr>\n<br>","width":"100%","block_custom_class":""}},"1645752282a4fb21a5-0":{"type":"text","settings":{"title":"","subheading":"<strong>Italian Fabric<\/strong>","code":"","text":"<p>Use Italian fabrics to combine the elegance of fabrics with fine art to achieve the highest aesthetic and elegant texture.<\/p>","width":"33%","alignment":"start","align_text":"left","text_size":"medium","text_color":"black","button_label":"","button_link":"","button_style":"sf__btn-primary","button_size":"","block_custom_class":""}},"f0175a37-65d1-4c88-a15b-d7c21db6fc48":{"type":"text","settings":{"title":"","subheading":"<strong>Aluminum Alloy<\/strong>","code":"","text":"<p>Aviation aluminum alloy 5-star base performs low density & high strength. Art 643 presents the beauty of industrial design and helps to create a great modern office.<\/p>","width":"33%","alignment":"start","align_text":"left","text_size":"medium","text_color":"black","button_label":"","button_link":"","button_style":"sf__btn-primary","button_size":"","block_custom_class":""}},"5531bb3f-745b-4046-9be4-2ba3e5c66781":{"type":"text","settings":{"title":"","subheading":"<strong>High-Back<\/strong>","code":"","text":"<p>Fit for 95%+ people, heights from 4 ft 10 in to 6 ft 4 in (150-190 cm).<\/p>","width":"33%","alignment":"start","align_text":"left","text_size":"medium","text_color":"black","button_label":"","button_link":"","button_style":"sf__btn-primary","button_size":"","block_custom_class":""}}},"block_order":["405b7423-185f-4323-a31a-d1cf349a7f06","1645752282a4fb21a5-0","f0175a37-65d1-4c88-a15b-d7c21db6fc48","5531bb3f-745b-4046-9be4-2ba3e5c66781"],"settings":{"heading":"","subheading":"","code":"","description":"","header_alignment":"center","container":"container","background_color":"","gap":30,"use_scroll_mobile":false,"gap_mobile":16,"custom_class":""}},"1645752385fad6f5c1":{"type":"custom-content","blocks":{"4894c619-7a54-4809-b429-21bbdc40698a":{"type":"html","settings":{"code":"<div>\n    <table>\n        <tbody>\n            <tr>\n                <th>\n                    <div>\n                        <p>\n                            <img alt=\"odinlake ergo art  chair 643 detail\" src=\"https:\/\/cdn.shopifycdn.net\/s\/files\/1\/0603\/7431\/9272\/files\/odinlake-ergo-art-643-detail-1.jpg?v=1646739454\"><\/p>\n                    <\/div>\n                <\/th>\n            <\/tr>\n            <tr>\n                <td>\n                    <div>\n<br>                      <h4>Unique &amp; Minimalist Design<\/h4>\n                        <p>Derived from German minimalism, it integrates modern aesthetics into modern office chairs to create a one-of-a-kind work of art.<\/p>\n                    <\/div>\n                <\/td>\n            <\/tr>\n        <\/tbody>\n    <\/table>\n<\/div><br>","width":"66%","block_custom_class":""}},"46236a01-9863-48c6-874e-97531d3723fb":{"type":"html","settings":{"code":"<div>\n    <table>\n        <tbody>\n            <tr>\n                <th>\n                    <div>\n                        <p>\n                            <img alt=\"odinlake ergo art  chair 643 detail \" src=\"https:\/\/cdn.shopifycdn.net\/s\/files\/1\/0603\/7431\/9272\/files\/odinlake-ergo-art-643-detail-2.gif?v=1646739454\"><\/p>\n                    <\/div>\n                <\/th>\n            <\/tr>\n            <tr>\n                <td>\n                    <div>\n<br>                      <h4>Superior Details<\/h4>\n                        <p>The backrest with lumbar support has 3 tilt adjustment angles, so it always can fit the curve of the back. The 4D armrest is covered by quality PU leather.<\/p>\n                    <\/div>\n                <\/td>\n            <\/tr>\n        <\/tbody>\n    <\/table>\n<\/div><br>","width":"33%","block_custom_class":""}},"ddce4bd0-bfd6-4c4c-9df9-8ef3698aa052":{"type":"html","settings":{"code":"<div>\n    <table>\n        <tbody>\n            <tr>\n                <th>\n                    <div>\n                        <p>\n                            <img alt=\"office mesh chair \" src=\"https:\/\/cdn.shopifycdn.net\/s\/files\/1\/0603\/7431\/9272\/files\/odinlake_product_material.jpg?v=1646402544\"><\/p>\n                    <\/div>\n                <\/th>\n            <\/tr>\n            <tr>\n                <td>\n                    <div>\n<br>                      <h4>High-quality Materials<\/h4>\n                        <p>The high-density sponge is very elastic, which makes it more suitable for daily use. High-quality fabric, light texture, good stretch and elasticity, skin-friendly and durable. Promote sustainable development of earth-friendly materials.<\/p>\n                    <\/div>\n                <\/td>\n            <\/tr>\n        <\/tbody>\n    <\/table>\n<\/div><br>","width":"33%","block_custom_class":""}},"132ca273-f07e-42af-9daf-96c8385d20dd":{"type":"html","settings":{"code":"<div>\n    <table>\n        <tbody>\n            <tr>\n                <th>\n                    <div>\n                        <p>\n                            <img alt=\"odinalke ergo art 643 BIFMA certificate\" src=\"https:\/\/cdn.shopifycdn.net\/s\/files\/1\/0603\/7431\/9272\/files\/odinlake-ergo-art-643-bifma.jpg?v=1646739454\"><\/p>\n                    <\/div>\n                <\/th>\n            <\/tr>\n            <tr>\n                <td>\n                    <div>\n<br>                      <h4>BIFMA &amp; TUV Rheinland Certificate<\/h4>\n                        <p>Odinlake Ergo Chairs meet BIFMA and TUV Rhineland's rigorous testing standards and can be used for office work, gaming or other occasions.\n<\/p>\n                    <\/div>\n                <\/td>\n            <\/tr>\n        <\/tbody>\n    <\/table>\n<\/div><br>","width":"66%","block_custom_class":""}}},"block_order":["4894c619-7a54-4809-b429-21bbdc40698a","46236a01-9863-48c6-874e-97531d3723fb","ddce4bd0-bfd6-4c4c-9df9-8ef3698aa052","132ca273-f07e-42af-9daf-96c8385d20dd"],"settings":{"heading":"","subheading":"","code":"","description":"","header_alignment":"center","container":"container","background_color":"#f8f8f8","gap":120,"use_scroll_mobile":false,"gap_mobile":16,"custom_class":""}},"product-details-tabs":{"type":"product-details-tabs","disabled":true,"blocks":{"8e28592e-ef50-4674-8465-14aac6e75a5a":{"type":"liquid","settings":{"header":"Reviews","custom_liquid":"<!-- RYVIU APP :: WIDGET -->\n<div class=\"lt-block-reviews\"> \n<ryviu-widget  \n   handle=\"{{product.handle}}\"\n   title_product=\"{{product.title}}\"\n   total_meta=\"{{ product.metafields.ryviu.r_count }}\"\nimage_product=\"{{ product.featured_image.src | img_url: '100x' }}\"><\/ryviu-widget>\n<\/div>\n<!-- \/ RYVIU APP -->"}},"7ef65fd1-4152-49a3-b33d-0a972a2faf1e":{"type":"liquid","settings":{"header":"Specs","custom_liquid":"<style>\n.des-tab .table{\nmargin:auto;\n}\n<\/style>\n<div class=\"des-tab\">\n{{ product.metafields.specs.table.value }}\n\n<\/div>"}},"9734ecbf-fd81-4ce0-95cd-449e9793fb54":{"type":"liquid","settings":{"header":"Video","custom_liquid":"<div style=\"padding:56.25% 0 0 0;position:relative;\"><iframe src=\"https:\/\/player.vimeo.com\/video\/676167604?h=dfa667e922&amp;badge=0&amp;autopause=0&amp;player_id=0&amp;app_id=58479\" frameborder=\"0\" allow=\"autoplay; fullscreen; picture-in-picture\" allowfullscreen style=\"position:absolute;top:0;left:0;width:100%;height:100%;\" title=\"How to Adjust Odinlake Ergo ART 643\"><\/iframe><\/div><script src=\"https:\/\/player.vimeo.com\/api\/player.js\"><\/script>"}},"04b6ead4-a3db-4e23-92f0-bd660c907ed0":{"type":"liquid","settings":{"header":"Ask a Question","custom_liquid":"<!-- RYVIU APP :: QA -->\n<div class=\"lt-block-reviews\"> \n<questions-answers handle=\"{{product.handle}}\" product_id=\"{{product.id}}\"><\/questions-answers>\n<\/div>\n<!-- \/ RYVIU APP -->"}}},"block_order":["8e28592e-ef50-4674-8465-14aac6e75a5a","7ef65fd1-4152-49a3-b33d-0a972a2faf1e","9734ecbf-fd81-4ce0-95cd-449e9793fb54","04b6ead4-a3db-4e23-92f0-bd660c907ed0"],"settings":{"container":"container-fluid","bg_color":"","default_open":true}},"16457529215b32ce24":{"type":"custom-content","blocks":{"472ab48e-9341-4fac-a9f6-3b22f0b785db":{"type":"html","settings":{"code":"<p style=\"font-size:22px;\"><strong>SPECS<\/strong>\n<\/p><hr>\n<br>","width":"100%","block_custom_class":""}},"d780e7fd-bc82-4397-9cf5-e4d29ee82f05":{"type":"image","settings":{"image":"shopify:\/\/shop_images\/Odinlake-Erognomic-Chair-With-High-Back-Ergo-ART-Chair-643-SPECS.jpg","link":"","width":"66%","alignment":"center","block_custom_class":""}},"8e5f362c-9368-47bb-a70f-031e205d9dd6":{"type":"text","settings":{"title":"","subheading":"","code":"","text":"<p><strong>TECH SPECS<\/strong><br\/>Chair Width: 28.30”<br\/>Base Size: 20” <br\/>Height Range: 45” – 51”<br\/>Recline Range: 35° recline <br\/>Chair Weight: 37 lbs<br\/>Weight Capacity: up to 300 lbs<br\/><br\/><strong>RESOURCESREQUEST<\/strong><br\/><a href=\"#one\" title=\"#one\">Functional video<\/a><br\/><a href=\"https:\/\/www.odinlake.com\/pages\/assembly-video\" title=\"https:\/\/www.odinlake.com\/pages\/assembly-video\">Assembly video<\/a><br\/><a href=\"https:\/\/www.odinlake.com\/pages\/assembly-video\" title=\"https:\/\/www.odinlake.com\/pages\/assembly-video\">Installation manual<\/a><\/p><p><\/p>","width":"33%","alignment":"center","align_text":"left","text_size":"medium","text_color":"black","button_label":"","button_link":"","button_style":"sf__btn-primary","button_size":"","block_custom_class":""}}},"block_order":["472ab48e-9341-4fac-a9f6-3b22f0b785db","d780e7fd-bc82-4397-9cf5-e4d29ee82f05","8e5f362c-9368-47bb-a70f-031e205d9dd6"],"settings":{"heading":"","subheading":"","code":"","description":"","header_alignment":"center","container":"container","background_color":"","gap":30,"use_scroll_mobile":false,"gap_mobile":16,"custom_class":""}},"16463830199bc5bd67":{"type":"image-with-text","settings":{"heading":"","subheading":"","container":"container-fluid","background_color":"rgba(0,0,0,0)","item_gap":100,"item_gap_mobile":30,"image":"shopify:\/\/shop_images\/20220304_643.jpg","link":"","layout":"right","image_column_size":"8","hover_effect":false,"title":"<h3>Have Great Originality<br>Show Your Personality<\/h3>","sub_title":"","text":"","text_size":"medium","content_alignment":"center","button_label":"","button_link":"","button_style":"sf__btn-link","button_size":"","custom_class":""}},"1649330458793358bd":{"type":"custom-content","blocks":{"70ff166b-4215-400a-881b-0d1320845ddf":{"type":"image_with_text","settings":{"image":"shopify:\/\/shop_images\/OdinLake_Ergo_PRO_633-1.webp","link":"shopify:\/\/products\/ergo-pro-odinlake-633","width":"33%","alignment":"start","subheading":"","code":"<h3><strong>OdinLake Ergo Pro 633<\/strong><\/h3><div class=\"prose\">\n<p>Get exhausted while working? Pro 633 will recharge your energy the professional way. Let nothing get in the way of your comfort.<\/p>\n\n<\/div>\n<div class=\"prose\">\n  <div class=\"odinlake_box1\">Chair Width<\/div>\n  <div class=\"odinlake_box2\">28.30”<\/div>\n<\/div>\n\n<div class=\"prose\">\n  <div class=\"odinlake_box1\">Base Size<\/div>\n  <div class=\"odinlake_box2\">20”<\/div>\n<\/div>\n\n<div class=\"prose\">\n  <div class=\"odinlake_box1\">Height Range:<\/div>\n  <div class=\"odinlake_box2\">44” – 49”<\/div>\n<\/div>\n\n<div class=\"prose\">\n  <div class=\"odinlake_box1\">Recline Range<\/div>\n  <div class=\"odinlake_box2\">45° recline<\/div>\n<\/div>\n<div class=\"prose\">\n  <div class=\"odinlake_box1\">Chair Weight<\/div>\n  <div class=\"odinlake_box2\">49 lbs<\/div>\n<\/div>\n<div class=\"prose\">\n  <div class=\"odinlake_box1\">Weight Capacity<\/div>\n  <div class=\"odinlake_box2\">up to 300 lbs<\/div>\n<\/div>\n<b>\n<div class=\"prose\">\n  <div class=\"odinlake_box1\">Adjustments<\/div>\n  <div class=\"odinlake_box2\">6<\/div>\n<\/div>\n<div class=\"prose\">\n  <div class=\"odinlake_box1\">Featured<\/div>\n  <div class=\"odinlake_box2\">Footrest<\/div>\n<\/div>\n\n<div class=\"prose\" style=\"color:#369abc\">\n  <div class=\"odinlake_box1\">Sale Price<\/div>\n  <div class=\"odinlake_box2\">$449.00<\/div>\n<\/div><\/b>\n\n<div class=\"prose\">\n<p> Pull out the built-in footrest under the seat and adjust the recline angle, then you will have an office chair become a recline chair.<\/p>\n\n<\/div>\n<div class=\"sf-hero__btn\">\n   <a href=\"https:\/\/www.odinlake.com\/products\/ergo-pro-odinlake-633\" class=\"sf__btn sf__btn-primary \">See Details<\/a>\n<\/div>","text":"","align_text":"left","text_size":"medium","text_color":"black","button_label":"","button_link":"","button_style":"sf__btn-primary","button_size":"","block_custom_class":""}},"965dc6e7-9c50-4ec6-9065-f408631d3962":{"type":"image_with_text","settings":{"image":"shopify:\/\/shop_images\/OdinLake_Ergo_CORE_625-home.webp","link":"shopify:\/\/products\/ergo-core-odinlake-625","width":"33%","alignment":"start","subheading":"","code":"<style>\n.odinlake_box1 {width:150px; float:left; display:inline;border:red 0px solid;}\n.odinlake_box2 {width:200px; display:inline;border:green 0px solid;}\n.odinlake-product-compare img{\n  background-size:contain|cover;\n  width:100%;\n  height: 100%;\n  margin-top:10px;\n  padding-bottom: 10px;\n  }\n<\/style>\n\n\n<h3><strong>OdinLake Ergo Core 625<\/strong><\/h3>\n<div class=\"prose\">\n<p>Super soft cushioning to keep you relaxed and make you productive for more. Core 625 provides the best value of an Ergo Chair.<\/p>\n\n<\/div>\n<div class=\"prose\">\n  <div class=\"odinlake_box1\">Chair Width<\/div>\n  <div class=\"odinlake_box2\">26\"<\/div>\n<\/div>\n\n<div class=\"prose\">\n  <div class=\"odinlake_box1\">Base Size<\/div>\n  <div class=\"odinlake_box2\">17.5\"<\/div>\n<\/div>\n\n<div class=\"prose\">\n  <div class=\"odinlake_box1\">Height Range:<\/div>\n  <div class=\"odinlake_box2\">37\" – 40\"<\/div>\n<\/div>\n\n<div class=\"prose\">\n  <div class=\"odinlake_box1\">Recline Range<\/div>\n  <div class=\"odinlake_box2\">30° recline<\/div>\n<\/div>\n<div class=\"prose\">\n  <div class=\"odinlake_box1\">Chair Weight<\/div>\n  <div class=\"odinlake_box2\">31 lbs<\/div>\n<\/div>\n<div class=\"prose\">\n  <div class=\"odinlake_box1\">Weight Capacity<\/div>\n  <div class=\"odinlake_box2\">up to 300 lbs<\/div>\n<\/div>\n<b>\n<div class=\"prose\">\n  <div class=\"odinlake_box1\">Adjustments<\/div>\n  <div class=\"odinlake_box2\">3<\/div>\n<\/div>\n<div class=\"prose\">\n  <div class=\"odinlake_box1\">Featured<\/div>\n  <div class=\"odinlake_box2\">Thickened Cushion<\/div>\n<\/div>\n\n<div class=\"prose\" style=\"color:#369abc\">\n  <div class=\"odinlake_box1\">Sale Price<\/div>\n  <div class=\"odinlake_box2\">$249.00<\/div>\n<\/div><\/b>\n\n<div class=\"prose\">\n<p>Get yourself the best quality affordable chairs today. No need of emptying the wallet on ergo chair anymore.<\/p>\n\n<\/div>\n<div class=\"sf-hero__btn\">\n   <a href=\"https:\/\/www.odinlake.com\/products\/ergo-core-odinlake-625\" class=\"sf__btn sf__btn-primary \">See Details<\/a>\n<\/div>","text":"","align_text":"left","text_size":"medium","text_color":"black","button_label":"","button_link":"","button_style":"sf__btn-primary","button_size":"","block_custom_class":""}},"a5b100f0-da47-4f34-84d2-0651268f2f3e":{"type":"image_with_text","settings":{"image":"shopify:\/\/shop_images\/OdinLake_Ergo_ART_643-2.webp","link":"shopify:\/\/products\/ergo-art-odinlake-643","width":"33%","alignment":"start","subheading":"","code":"<h3><strong>OdinLake Ergo Art 643<\/strong><\/h3>\n\n<div class=\"prose\">\n<p>\"With sensitive intelligence to innovative simplicity.\" says Justus Kolberg, a remarkable German artist. Less is more.<\/p>\n<\/div>\n<div class=\"prose\">\n  <div class=\"odinlake_box1\">Chair Width<\/div>\n  <div class=\"odinlake_box2\">28.30”<\/div>\n<\/div>\n\n<div class=\"prose\">\n  <div class=\"odinlake_box1\">Base Size<\/div>\n  <div class=\"odinlake_box2\">20”<\/div>\n<\/div>\n\n<div class=\"prose\">\n  <div class=\"odinlake_box1\">Height Range:<\/div>\n  <div class=\"odinlake_box2\">45” – 51”<\/div>\n<\/div>\n\n<div class=\"prose\">\n  <div class=\"odinlake_box1\">Recline Range<\/div>\n  <div class=\"odinlake_box2\">35° recline<\/div>\n<\/div>\n<div class=\"prose\">\n  <div class=\"odinlake_box1\">Chair Weight<\/div>\n  <div class=\"odinlake_box2\">37 lbs<\/div>\n<\/div>\n<div class=\"prose\">\n  <div class=\"odinlake_box1\">Weight Capacity<\/div>\n  <div class=\"odinlake_box2\">up to 300 lb<\/div>\n<\/div>\n<b>\n<div class=\"prose\">\n  <div class=\"odinlake_box1\">Adjustments<\/div>\n  <div class=\"odinlake_box2\">5<\/div>\n<\/div>\n<div class=\"prose\">\n  <div class=\"odinlake_box1\">Featured<\/div>\n  <div class=\"odinlake_box2\">High Back<\/div>\n<\/div>\n\n<div class=\"prose\" style=\"color:#369abc\">\n  <div class=\"odinlake_box1\">Sale Price<\/div>\n  <div class=\"odinlake_box2\">$449.00<\/div>\n<\/div><\/b>\n\n<div class=\"prose\">\n<p>Equipped with multi-function mechanism from Germany BOCK.  BOCK-23 seat mechanism has the adaptive synchronous tilt function.<\/p>\n\n<\/div>\n<div class=\"sf-hero__btn\">\n   <a href=\"https:\/\/www.odinlake.com\/products\/ergo-art-odinlake-643\" class=\"sf__btn sf__btn-primary \">See Details<\/a>\n<\/div>","text":"","align_text":"left","text_size":"medium","text_color":"black","button_label":"","button_link":"","button_style":"sf__btn-primary","button_size":"","block_custom_class":""}},"0d08c1ae-dfba-45f0-a7f4-12f2cfc5e064":{"type":"html","disabled":true,"settings":{"code":"<div class=\"odinlake-product-compare\">\n  <a href=\"https:\/\/www.odinlake.com\/products\/ergo-pro-odinlake-633\"> <img class=\"lazyautosizes lazyloaded\" src=\"https:\/\/cdn.shopifycdn.net\/s\/files\/1\/0603\/7431\/9272\/files\/Odinlake-Ergonomic-Office-Chair-With-Footrest-Ergo-PRO-Chair-633_1.jpg?v=1650624770\" alt=\"Odinlake Ergonomic Office Chair With Footrest Ergo PRO Chair 633\">  \n\n<h3>Ergo Pro 633<\/h3>\n<\/a>\n<div class=\"prose\">\n<p>Get exhausted while working? Pro 633 will recharge your energy the professional way. Let nothing get in the way of your comfort.<\/p>\n\n<\/div>\n<div class=\"prose\">\n  <div class=\"odinlake_box1\">Chair Width<\/div>\n  <div class=\"odinlake_box2\">28.30”<\/div>\n<\/div>\n\n<div class=\"prose\">\n  <div class=\"odinlake_box1\">Base Size<\/div>\n  <div class=\"odinlake_box2\">20”<\/div>\n<\/div>\n\n<div class=\"prose\">\n  <div class=\"odinlake_box1\">Height Range:<\/div>\n  <div class=\"odinlake_box2\">44” – 49”<\/div>\n<\/div>\n\n<div class=\"prose\">\n  <div class=\"odinlake_box1\">Recline Range<\/div>\n  <div class=\"odinlake_box2\">45° recline<\/div>\n<\/div>\n<div class=\"prose\">\n  <div class=\"odinlake_box1\">Chair Weight<\/div>\n  <div class=\"odinlake_box2\">49 lbs<\/div>\n<\/div>\n<div class=\"prose\">\n  <div class=\"odinlake_box1\">Weight Capacity<\/div>\n  <div class=\"odinlake_box2\">up to 300 lbs<\/div>\n<\/div>\n<b>\n<div class=\"prose\">\n  <div class=\"odinlake_box1\">Adjustments<\/div>\n  <div class=\"odinlake_box2\">6<\/div>\n<\/div>\n<div class=\"prose\">\n  <div class=\"odinlake_box1\">Featured<\/div>\n  <div class=\"odinlake_box2\">Footrest<\/div>\n<\/div>\n\n<div class=\"prose\" style=\"color:#369abc\">\n  <div class=\"odinlake_box1\">Sale Price<\/div>\n  <div class=\"odinlake_box2\">$449.00<\/div>\n<\/div><\/b>\n\n<div class=\"prose\">\n<p> Pull out the built-in footrest under the seat and adjust the recline angle, then you will have an office chair become a recline chair.<\/p>\n\n<\/div>\n<div class=\"sf-hero__btn\">\n   <a href=\"https:\/\/www.odinlake.com\/products\/ergo-pro-odinlake-633\" class=\"sf__btn sf__btn-primary \">See Details<\/a>\n<\/div>\n<\/div>","width":"33%","block_custom_class":""}},"119f0224-06f4-4b55-ae47-8fac6a5d00fb":{"type":"html","disabled":true,"settings":{"code":"<style>\n.odinlake_box1 {width:150px; float:left; display:inline;border:red 0px solid;}\n.odinlake_box2 {width:200px; display:inline;border:green 0px solid;}\n.odinlake-product-compare img{\n  background-size:contain|cover;\n  width:100%;\n  height: 100%;\n  margin-top:10px;\n  padding-bottom: 10px;\n  }\n<\/style>\n\n <div class=\"odinlake-product-compare\">   <a href=\"https:\/\/www.odinlake.com\/products\/ergo-core-odinlake-625\">\n  <img class=\"lazyautosizes lazyloaded\" src=\"https:\/\/cdn.shopifycdn.net\/s\/files\/1\/0603\/7431\/9272\/files\/Odinlake-Ergonomic-Chair-With-Breathable-Mesh-Ergo-CORE-Chair-625_1.jpg?v=1650624770\" alt=\"Odinlake Ergonomic Chair With Breathable Mesh Ergo CORE Chair 625\">  \n<h3>Ergo Core 625<\/h3>\n<\/a>\n<div class=\"prose\">\n<p>Super soft cushioning to keep you relaxed and make you productive for more. Core 625 provides the best value of an Ergo Chair.<\/p>\n\n<\/div>\n<div class=\"prose\">\n  <div class=\"odinlake_box1\">Chair Width<\/div>\n  <div class=\"odinlake_box2\">26\"<\/div>\n<\/div>\n\n<div class=\"prose\">\n  <div class=\"odinlake_box1\">Base Size<\/div>\n  <div class=\"odinlake_box2\">17.5\"<\/div>\n<\/div>\n\n<div class=\"prose\">\n  <div class=\"odinlake_box1\">Height Range:<\/div>\n  <div class=\"odinlake_box2\">37\" – 40\"<\/div>\n<\/div>\n\n<div class=\"prose\">\n  <div class=\"odinlake_box1\">Recline Range<\/div>\n  <div class=\"odinlake_box2\">30° recline<\/div>\n<\/div>\n<div class=\"prose\">\n  <div class=\"odinlake_box1\">Chair Weight<\/div>\n  <div class=\"odinlake_box2\">31 lbs<\/div>\n<\/div>\n<div class=\"prose\">\n  <div class=\"odinlake_box1\">Weight Capacity<\/div>\n  <div class=\"odinlake_box2\">up to 300 lbs<\/div>\n<\/div>\n<b>\n<div class=\"prose\">\n  <div class=\"odinlake_box1\">Adjustments<\/div>\n  <div class=\"odinlake_box2\">3<\/div>\n<\/div>\n<div class=\"prose\">\n  <div class=\"odinlake_box1\">Featured<\/div>\n  <div class=\"odinlake_box2\">Thickened Cushion<\/div>\n<\/div>\n\n<div class=\"prose\" style=\"color:#369abc\">\n  <div class=\"odinlake_box1\">Sale Price<\/div>\n  <div class=\"odinlake_box2\">$249.00<\/div>\n<\/div><\/b>\n<\/div>\n<div class=\"prose\">\n<p>Get yourself the best quality affordable chairs today. No need of emptying the wallet on ergo chair anymore.<\/p>\n\n<\/div>\n<div class=\"sf-hero__btn\">\n   <a href=\"https:\/\/www.odinlake.com\/products\/ergo-core-odinlake-625\" class=\"sf__btn sf__btn-primary \">See Details<\/a><a>\n<\/a>\n<\/div><a>\n<\/a>","width":"33%","block_custom_class":""}},"f15b505f-9330-46cd-ae53-be35dd94824d":{"type":"html","disabled":true,"settings":{"code":"<div class=\"odinlake-product-compare\">\n   <a href=\"https:\/\/www.odinlake.com\/products\/ergo-art-odinlake-643\"> <img class=\"lazyautosizes lazyloaded\" src=\"https:\/\/cdn.shopifycdn.net\/s\/files\/1\/0603\/7431\/9272\/files\/Odinlake-Ergonomic-Chair-With-High-Back-Ergo-ART-Chair-643_1.jpg?v=1650624770\" alt=\"Odinlake Ergonomic Chair With High Back Ergo ART Chair 643\">  \n<h3>Ergo Art 643<\/h3>\n<\/a>\n<div class=\"prose\">\n<p>\"With sensitive intelligence to innovative simplicity. \" says Justus Kolberg, a remarkable German artist. Less is more.<\/p>\n\n\n<\/div>\n<div class=\"prose\">\n  <div class=\"odinlake_box1\">Chair Width<\/div>\n  <div class=\"odinlake_box2\">28.30”<\/div>\n<\/div>\n\n<div class=\"prose\">\n  <div class=\"odinlake_box1\">Base Size<\/div>\n  <div class=\"odinlake_box2\">20”<\/div>\n<\/div>\n\n<div class=\"prose\">\n  <div class=\"odinlake_box1\">Height Range:<\/div>\n  <div class=\"odinlake_box2\">45” – 51”<\/div>\n<\/div>\n\n<div class=\"prose\">\n  <div class=\"odinlake_box1\">Recline Range<\/div>\n  <div class=\"odinlake_box2\">35° recline<\/div>\n<\/div>\n<div class=\"prose\">\n  <div class=\"odinlake_box1\">Chair Weight<\/div>\n  <div class=\"odinlake_box2\">37 lbs<\/div>\n<\/div>\n<div class=\"prose\">\n  <div class=\"odinlake_box1\">Weight Capacity<\/div>\n  <div class=\"odinlake_box2\">up to 300 lb<\/div>\n<\/div>\n<b>\n<div class=\"prose\">\n  <div class=\"odinlake_box1\">Adjustments<\/div>\n  <div class=\"odinlake_box2\">5<\/div>\n<\/div>\n<div class=\"prose\">\n  <div class=\"odinlake_box1\">Featured<\/div>\n  <div class=\"odinlake_box2\">High Back<\/div>\n<\/div>\n\n<div class=\"prose\" style=\"color:#369abc\">\n  <div class=\"odinlake_box1\">Sale Price<\/div>\n  <div class=\"odinlake_box2\">Sold Out<\/div>\n<\/div><\/b>\n<\/div>\n<div class=\"prose\">\n<p>Equipped with multi-function mechanism from Germany BOCK.  BOCK-23 seat mechanism has the adaptive synchronous tilt function.<\/p>\n\n<\/div>\n<div class=\"sf-hero__btn\">\n   <a href=\"https:\/\/www.odinlake.com\/products\/ergo-art-odinlake-643\" class=\"sf__btn sf__btn-primary \">See Details<\/a><a>\n<\/a>\n<\/div><a>\n<\/a>","width":"33%","block_custom_class":""}}},"block_order":["70ff166b-4215-400a-881b-0d1320845ddf","965dc6e7-9c50-4ec6-9065-f408631d3962","a5b100f0-da47-4f34-84d2-0651268f2f3e","0d08c1ae-dfba-45f0-a7f4-12f2cfc5e064","119f0224-06f4-4b55-ae47-8fac6a5d00fb","f15b505f-9330-46cd-ae53-be35dd94824d"],"settings":{"heading":"Meet All You Need","subheading":"","code":"","description":"","header_alignment":"center","container":"container","background_color":"#f8f8f8","gap":30,"use_scroll_mobile":true,"gap_mobile":5,"custom_class":""}},"1641625048a7586cf5":{"type":"apps","blocks":{"f34f86d8-1fb1-4012-8abf-2b42b5a2207f":{"type":"shopify:\/\/apps\/stamped-product-reviews-ugc\/blocks\/main-widget\/a103faaf-2125-4b0e-89fa-de5149736723","settings":{"animation":true,"tags_exclude":"","tags_include":"","search":"","linkify":true,"use_metafields":true,"sku_tagtype":"sku"}}},"block_order":["f34f86d8-1fb1-4012-8abf-2b42b5a2207f"],"settings":{"heading":"Customer Reviews","subheading":"","code":"","header_alignment":"center","container":"container","background_color":"#ffffff","custom_class":""}}},"order":["main","1650508939a8666057","1645751572ed1afef0","1645752282d284ba9d","1645752385fad6f5c1","product-details-tabs","16457529215b32ce24","16463830199bc5bd67","1649330458793358bd","1641625048a7586cf5"]}