{"sections":{"main":{"type":"main-product","blocks":{"title":{"type":"title","settings":{}},"fa6d949a-b446-4bce-b31d-60c45771db20":{"type":"shopify:\/\/apps\/stamped-product-reviews-ugc\/blocks\/star-rating-badge\/a103faaf-2125-4b0e-89fa-de5149736723","settings":{"use_metafields":true,"sku_tagtype":"sku"}},"price":{"type":"price","settings":{"show_saving":false}},"dadf775f-350f-4e80-bae9-1305de34ef82":{"type":"custom_liquid","settings":{"custom_liquid":"<li>Free Shipping & 30-day Returns.<\/li>\n<li>Back to School Sale <strong>$50 OFF<\/strong> Coupon:  \n<strong>BTS50<\/strong> <\/li>"}},"ae8aa9b3-0996-42b6-b610-65f51f6de405":{"type":"shipping","settings":{"show_delivery_times":true,"deliver_text":"Ship from California, Delivery by:","deliver_days":"6","date_format":"%b %d","show_shipping_text":false,"shipping_text":"<p><strong>Free Shipping & Returns: <\/strong>On all orders<\/p>"}},"c013509b-ca29-4018-a439-a75297ac143c":{"type":"shopify:\/\/apps\/klarna-on-site-messaging\/blocks\/app-block\/b95936a9-74b6-4a95-8103-6a1b6459c25e","settings":{"data_key":"credit-promotion-badge","locale_option":"manual","locale_fallback":"en-US","theme":"light","topPadding":"0","bottomPadding":"0"}},"buy_buttons":{"type":"buy_buttons","settings":{"show_quantity_selector":true,"show_atc_button":true,"show_dynamic_checkout":true}},"6cb8da8d-1472-4b17-beb7-3829afb0d24c":{"type":"custom_liquid","settings":{"custom_liquid":"<style>\n.contact_detail{\n  border-radius: 5px;\n  padding-top: 13px;\n  padding-bottom: 13px;\n  font-size: 16px;\n  text-align: center;\n  background-color: #f5f5f5;\n  color: #34445a;\n  margin-bottom: 10px;\n  margin-top: 10px;\n}<\/style>\n<div class=\"contact_detail\">\n<p> Shopping for your team or any other question? <u><a href=\"#ask-question\" class=\"form-ask__button\">Contact Us<\/a><\/u> now.\n<\/div>"}},"e6d037e3-c668-4067-a4de-6f4341187089":{"type":"shopify:\/\/apps\/trust-me-free-trust-badges\/blocks\/star_rating\/f42f2346-5d14-4b41-a8b9-4b6ee352262e","settings":{}},"a414ff80-d193-4c81-b42d-d95848160e20":{"type":"custom_text","settings":{"content":"<p>•  Ergonomically adjustable height, armrest, headrest, footrest, back recline (back tilt angle and tension).<br\/>•  Built-in footrest under the seat.<br\/>•  Armrest adjust up\/down, fore\/aft & right\/left.<br\/>•  Follow-up mesh back & adjustable seat depth provide lumbar support.<br\/>•  Comfy firmer density contoured foam cushion.<br\/>•  Floor friendly urethane wheels roll smoothly and quietly.<br\/>•  Supports up to 300 lbs.<br\/>• 135° recline at max.<\/p><p><\/p><p><strong>Tips: Please pay attention to the product size specification before place an order, in case  you order the wrong item.<\/strong><\/p>"}},"074f80cb-930e-490a-ae24-1772ad11b242":{"type":"addons","settings":{"show_atcp":false,"show_ask_a_question":true,"show_social":true}}},"block_order":["title","fa6d949a-b446-4bce-b31d-60c45771db20","price","dadf775f-350f-4e80-bae9-1305de34ef82","ae8aa9b3-0996-42b6-b610-65f51f6de405","c013509b-ca29-4018-a439-a75297ac143c","buy_buttons","6cb8da8d-1472-4b17-beb7-3829afb0d24c","e6d037e3-c668-4067-a4de-6f4341187089","a414ff80-d193-4c81-b42d-d95848160e20","074f80cb-930e-490a-ae24-1772ad11b242"],"settings":{"container":"container-fluid","layout":"layout-4","show_atwl":false,"enable_history_state":false,"show_featured_media":true,"show_zoom_button":true,"enable_video_autoplay":false,"show_nav_media_mobile":false,"show_pagination_mobile":true,"use_sticky_atc":false,"use_sticky_atc_on_mobile":false,"enable_dynamic_checkout":true,"sticky_atc_wishtlist":false,"sticky_atc_compare":false}},"16505088371029240d":{"type":"custom-content","blocks":{"348b3d53-7e76-464a-bd26-361f915cb94b":{"type":"video","settings":{"video_link":"https:\/\/www.youtube.com\/watch?v=FGPuOABiMgg","ratio":"16:9","video_title":"","text_size":"medium","text_color":"white","play_style":"solid","play_size":"medium","autoplay":false,"loop":false,"muted":false,"width":"100%","alignment":"start","block_custom_class":""}}},"block_order":["348b3d53-7e76-464a-bd26-361f915cb94b"],"settings":{"heading":"Why OdinLake Ergo PRO 633","subheading":"","code":"","description":"","header_alignment":"center","container":"container","background_color":"","gap":30,"use_scroll_mobile":false,"gap_mobile":16,"custom_class":""}},"164575344780097cc6":{"type":"image-with-text","settings":{"heading":"","subheading":"","container":"container","background_color":"#f8f8f8","item_gap":100,"item_gap_mobile":30,"image":"shopify:\/\/shop_images\/odinlake_633.jpg","link":"","layout":"right","image_column_size":"6","hover_effect":false,"title":"A Good Chair Should Last 10 Years","sub_title":"","text":"<p>Engineering-grade constructure allows the chair to reach 10 years of service time, much longer service time than the most of office chairs on the market. Equiped with Class 3 and BIFAMA certified Gas Lift, the chair can support a lifespan of 35,000 cycles, at least 10 years of continuous use. In addition, all the structural parts using polymer materials will not be oxidized and will not lose elasticity for 10 years.<\/p>","text_size":"medium","content_alignment":"left","button_label":"","button_link":"","button_style":"sf__btn-link","button_size":"","custom_class":""}},"164568685445c41cb7":{"type":"custom-content","blocks":{"bef76ad4-269a-4ee8-906a-86c95c4688a4":{"type":"html","settings":{"code":"<p style=\"font-size:22px;\"><strong>FEATURES<\/strong>\n<\/p><hr>\n<br>","width":"100%","block_custom_class":""}},"f982436f-42cf-4f34-8517-62fc58beae22":{"type":"text","settings":{"title":"","subheading":"<strong>Flexible Adjustment<\/strong>","code":"","text":"<p>Ergonomically adjustable height, armrest, seat cushion, and back recline, these help to support the most of postures, whenever you're resting or working.<\/p>","width":"33%","alignment":"start","align_text":"left","text_size":"medium","text_color":"black","button_label":"","button_link":"","button_style":"sf__btn-primary","button_size":"","block_custom_class":""}},"8385d8db-e9a5-4d83-8e3c-5a404861bab4":{"type":"text","settings":{"title":"","subheading":"<strong>Built-in Footrest<\/strong>","code":"","text":"<p>Pull out the built-in footrest under the seat and adjust the chair back, then you will have an office chair become a recline chair.<\/p>","width":"33%","alignment":"start","align_text":"left","text_size":"medium","text_color":"black","button_label":"","button_link":"","button_style":"sf__btn-primary","button_size":"","block_custom_class":""}},"168a7cc6-c8e5-4250-a478-84ad88147ffb":{"type":"text","settings":{"title":"","subheading":"<strong>German Chassis<\/strong>","code":"","text":"<p>Pro 633 is qualified with the highest requirements of the office chair industry: the thickness of the base steel plate is 3mm, which conforms to the US BIFMA X5.1-2017 standard.<\/p>","width":"33%","alignment":"center","align_text":"left","text_size":"medium","text_color":"black","button_label":"","button_link":"","button_style":"sf__btn-primary","button_size":"","block_custom_class":""}}},"block_order":["bef76ad4-269a-4ee8-906a-86c95c4688a4","f982436f-42cf-4f34-8517-62fc58beae22","8385d8db-e9a5-4d83-8e3c-5a404861bab4","168a7cc6-c8e5-4250-a478-84ad88147ffb"],"settings":{"heading":"","subheading":"","code":"","description":"","header_alignment":"center","container":"container","background_color":"","gap":30,"use_scroll_mobile":false,"gap_mobile":16,"custom_class":""}},"16456917430ddc5d42":{"type":"custom-content","blocks":{"677ce087-d885-4e42-af12-6b288c28f009":{"type":"html","settings":{"code":"<div>\n    <table>\n        <tbody>\n            <tr>\n                <th>\n                    <div>\n                        <p>\n                            <img alt=\"odinlake ergo pro office mesh chair 633 detail\" src=\"https:\/\/cdn.shopifycdn.net\/s\/files\/1\/0603\/7431\/9272\/files\/odinlake-ergo-pro-633-detail-1.jpg?v=1646739454\"><\/p>\n                    <\/div>\n                <\/th>\n            <\/tr>\n            <tr>\n                <td>\n                    <div>\n<br>                      <h4>Comfortable &amp; Supportive<\/h4>\n                        <p>Extra-thickened seat cushion can be pretty comfortable and supportive: fully support the weight of the body, so that the body are evenly stressed. <\/p>\n                    <\/div>\n                <\/td>\n            <\/tr>\n        <\/tbody>\n    <\/table>\n<\/div><br>","width":"66%","block_custom_class":""}},"90c951a3-9ea0-4805-a9ed-de5724d2c4ab":{"type":"html","settings":{"code":"<div>\n    <table>\n        <tbody>\n            <tr>\n                <th>\n                    <div>\n                        <p>\n                            <img alt=\"odinlake ergo pro office mesh chair 633 detail\" src=\"https:\/\/cdn.shopifycdn.net\/s\/files\/1\/0603\/7431\/9272\/files\/odinlake-ergo-pro-633-detail-2.gif?v=1646739454\"><\/p>\n                    <\/div>\n                <\/th>\n            <\/tr>\n            <tr>\n                <td>\n                    <div>\n<br>                      <h4>Quality Details<\/h4>\n                        <p>Ergo Pro pays great attention to the details of the structure. The high-quality wheels will not damage the floor. The 3D armrests of soft PU leather are comfortable to touch. The fabric is evenly stretchy, smooth, textured and absolutely breathable.<\/p>\n                    <\/div>\n                <\/td>\n            <\/tr>\n        <\/tbody>\n    <\/table>\n<\/div><br>","width":"33%","block_custom_class":""}},"36d53774-a85b-480a-81b3-d5e26973317b":{"type":"html","settings":{"code":"<div>\n    <table>\n        <tbody>\n            <tr>\n                <th>\n                    <div>\n                        <p>\n                            <img alt=\"office mesh chair \" src=\"https:\/\/cdn.shopifycdn.net\/s\/files\/1\/0603\/7431\/9272\/files\/odinlake_product_material.jpg?v=1646402544\"><\/p>\n                    <\/div>\n                <\/th>\n            <\/tr>\n            <tr>\n                <td>\n                    <div>\n<br>                      <h4>Premium Material<\/h4>\n                        <p>The high-density sponge is very elastic, which makes it more suitable for daily use. High-quality fabric, light texture, good stretch and elasticity, skin-friendly and durable. Promote sustainable development of earth-friendly materials.<\/p>\n                    <\/div>\n                <\/td>\n            <\/tr>\n        <\/tbody>\n    <\/table>\n<\/div><br>","width":"33%","block_custom_class":""}},"8ed63198-f56c-4c8e-b313-4b2181ecac20":{"type":"html","settings":{"code":"<div>\n    <table>\n        <tbody>\n            <tr>\n                <th>\n                    <div>\n                        <p>\n                            <img width=\"100%\" alt=\"odinlake ergo pro office mesh chair 633 bifma certificate\" src=\"https:\/\/cdn.shopifycdn.net\/s\/files\/1\/0603\/7431\/9272\/files\/odinlake-ergo-pro-633-bifma.jpg?v=1646739453\"><\/p>\n                    <\/div>\n                <\/th>\n            <\/tr>\n            <tr>\n                <td>\n                    <div>\n<br>                      <h4>BIFMA &amp; TUV Rheinland Certificate <\/h4>\n                        <p>Odinlake Ergo Chairs meet BIFMA and TUV Rhineland's rigorous testing standards and can be used for office work, gaming or other occasions.<\/p>\n                    <\/div>\n                <\/td>\n            <\/tr>\n        <\/tbody>\n    <\/table>\n<\/div><br>","width":"66%","block_custom_class":""}}},"block_order":["677ce087-d885-4e42-af12-6b288c28f009","90c951a3-9ea0-4805-a9ed-de5724d2c4ab","36d53774-a85b-480a-81b3-d5e26973317b","8ed63198-f56c-4c8e-b313-4b2181ecac20"],"settings":{"heading":"","subheading":"","code":"","description":"","header_alignment":"center","container":"container","background_color":"#f8f8f8","gap":130,"use_scroll_mobile":false,"gap_mobile":11,"custom_class":""}},"1645689879ed030bb1":{"type":"custom-content","blocks":{"e95b3c3b-e5bd-42f0-aa3a-791891955f80":{"type":"html","settings":{"code":"<p style=\"font-size:22px;\"><strong>SPECS<\/strong>\n<\/p>\n<hr>","width":"100%","block_custom_class":""}},"164568987917cf6c81-1":{"type":"image","disabled":true,"settings":{"image":"shopify:\/\/shop_images\/odinlake_633_dimensional_drawing_1.jpg","link":"","width":"33%","alignment":"center","block_custom_class":""}},"60809028-f2ab-4a2f-96dc-78b376437f9e":{"type":"image","settings":{"image":"shopify:\/\/shop_images\/Odinlake-Ergonomic-Office-Chair-With-Footrest-Ergo-PRO-Chair-633-SPECS.jpg","link":"","width":"66%","alignment":"center","block_custom_class":""}},"13771389-c613-4f4a-8f35-5ae9e986c768":{"type":"text","settings":{"title":"","subheading":"","code":"","text":"<p><strong>TECH SPECS<\/strong><br\/>Chair Width: 28.30”<br\/>Base Size: 20” <br\/>Height Range: 44” – 49”<br\/>Recline Range: 45° recline <br\/>Chair Weight: 49 lbs<br\/>Weight Capacity: up to 300 lbs<br\/><br\/><strong>RESOURCESREQUEST<\/strong><br\/><a href=\"#one\" title=\"#one\">Functional video<\/a><br\/><a href=\"https:\/\/www.odinlake.com\/pages\/assembly-video\" title=\"https:\/\/www.odinlake.com\/pages\/assembly-video\">Assembly video<\/a><br\/><a href=\"https:\/\/www.odinlake.com\/pages\/assembly-video\" title=\"https:\/\/www.odinlake.com\/pages\/assembly-video\">Installation manual<\/a><\/p>","width":"33%","alignment":"center","align_text":"left","text_size":"medium","text_color":"black","button_label":"","button_link":"","button_style":"sf__btn-primary","button_size":"","block_custom_class":"oeder_mobile"}}},"block_order":["e95b3c3b-e5bd-42f0-aa3a-791891955f80","164568987917cf6c81-1","60809028-f2ab-4a2f-96dc-78b376437f9e","13771389-c613-4f4a-8f35-5ae9e986c768"],"settings":{"heading":"","subheading":"","code":"","description":"","header_alignment":"center","container":"container","background_color":"","gap":30,"use_scroll_mobile":false,"gap_mobile":16,"custom_class":""}},"1646382956c42b26fe":{"type":"image-with-text","settings":{"heading":"","subheading":"","container":"container-fluid","background_color":"rgba(0,0,0,0)","item_gap":100,"item_gap_mobile":30,"image":"shopify:\/\/shop_images\/20220304_633.jpg","link":"","layout":"right","image_column_size":"8","hover_effect":false,"title":"<h3>OdinLake Ergo Pro 633\n<br>Best Office Partner <\/h3>","sub_title":"","text":"","text_size":"medium","content_alignment":"center","button_label":"","button_link":"","button_style":"sf__btn-link","button_size":"","custom_class":""}},"product-details-tabs":{"type":"product-details-tabs","disabled":true,"blocks":{"69041045-704a-42e1-80cf-75fb5a59e98d":{"type":"liquid","settings":{"header":"Reviews","custom_liquid":"<!-- RYVIU APP :: WIDGET -->\n<div class=\"lt-block-reviews\"> \n<ryviu-widget  \n   handle=\"{{product.handle}}\"\n   title_product=\"{{product.title}}\"\n   total_meta=\"{{ product.metafields.ryviu.r_count }}\"\nimage_product=\"{{ product.featured_image.src | img_url: '100x' }}\"><\/ryviu-widget>\n<\/div>\n<!-- \/ RYVIU APP -->"}},"0942cd0f-8322-4fb4-904f-584cd660f991":{"type":"liquid","settings":{"header":"Specs","custom_liquid":"<style>\n.des-tab .table{\nmargin:auto;\n}\n<\/style>\n<div class=\"des-tab\">\n{{ product.metafields.specs.table.value }}\n\n<\/div>"}},"b6b05826-d050-463a-82a0-506247da4335":{"type":"liquid","settings":{"header":"Videos","custom_liquid":"<div align=\"center\">\n<div style=\"padding:56.25% 0 0 0;position:relative;\"><iframe src=\"https:\/\/player.vimeo.com\/video\/676163640?h=ac35f3c636&amp;badge=0&amp;autopause=0&amp;player_id=0&amp;app_id=58479\" frameborder=\"0\" allow=\"autoplay; fullscreen; picture-in-picture\" allowfullscreen style=\"position:absolute;top:0;left:0;width:100%;height:100%;\" title=\"How to Adjust Odinlake Ergo PRO 633\"><\/iframe><\/div><script src=\"https:\/\/player.vimeo.com\/api\/player.js\"><\/script>\n<\/div>"}},"eff098bc-7a17-4c85-a421-b30f6cc118bc":{"type":"liquid","settings":{"header":"Ask a Question","custom_liquid":"<!-- RYVIU APP :: QA -->\n<div class=\"lt-block-reviews\"> \n<questions-answers handle=\"{{product.handle}}\" product_id=\"{{product.id}}\"><\/questions-answers>\n<\/div>\n<!-- \/ RYVIU APP -->"}},"361965b9-ecae-4486-8849-7b3da8d38c00":{"type":"liquid","settings":{"header":"3D","custom_liquid":"<div class=\"-spin-studio-active-wrapper\">\n    <img id=\"-spin-studio-large-thumb\" data-product=\"{{ product.id }}\" class=\"-spin-studio-large-thumb\" \/>\n<\/div>"}}},"block_order":["69041045-704a-42e1-80cf-75fb5a59e98d","0942cd0f-8322-4fb4-904f-584cd660f991","b6b05826-d050-463a-82a0-506247da4335","eff098bc-7a17-4c85-a421-b30f6cc118bc","361965b9-ecae-4486-8849-7b3da8d38c00"],"settings":{"container":"container","bg_color":"","default_open":true}},"164933038193d73042":{"type":"custom-content","blocks":{"79ac97d8-fe2a-487e-88ed-27b539435c59":{"type":"image_with_text","settings":{"image":"shopify:\/\/shop_images\/OdinLake_Ergo_PRO_633-1.webp","link":"shopify:\/\/products\/ergo-pro-odinlake-633","width":"33%","alignment":"start","subheading":"","code":"<h3><strong>OdinLake Ergo Pro 633<\/strong><\/h3><div class=\"prose\">\n<p>Get exhausted while working? Pro 633 will recharge your energy the professional way. Let nothing get in the way of your comfort.<\/p>\n\n<\/div>\n<div class=\"prose\">\n  <div class=\"odinlake_box1\">Chair Width<\/div>\n  <div class=\"odinlake_box2\">28.30”<\/div>\n<\/div>\n\n<div class=\"prose\">\n  <div class=\"odinlake_box1\">Base Size<\/div>\n  <div class=\"odinlake_box2\">20”<\/div>\n<\/div>\n\n<div class=\"prose\">\n  <div class=\"odinlake_box1\">Height Range:<\/div>\n  <div class=\"odinlake_box2\">44” – 49”<\/div>\n<\/div>\n\n<div class=\"prose\">\n  <div class=\"odinlake_box1\">Recline Range<\/div>\n  <div class=\"odinlake_box2\">45° recline<\/div>\n<\/div>\n<div class=\"prose\">\n  <div class=\"odinlake_box1\">Chair Weight<\/div>\n  <div class=\"odinlake_box2\">49 lbs<\/div>\n<\/div>\n<div class=\"prose\">\n  <div class=\"odinlake_box1\">Weight Capacity<\/div>\n  <div class=\"odinlake_box2\">up to 300 lbs<\/div>\n<\/div>\n<b>\n<div class=\"prose\">\n  <div class=\"odinlake_box1\">Adjustments<\/div>\n  <div class=\"odinlake_box2\">6<\/div>\n<\/div>\n<div class=\"prose\">\n  <div class=\"odinlake_box1\">Featured<\/div>\n  <div class=\"odinlake_box2\">Footrest<\/div>\n<\/div>\n\n<div class=\"prose\" style=\"color:#369abc\">\n  <div class=\"odinlake_box1\">Sale Price<\/div>\n  <div class=\"odinlake_box2\">$449.00<\/div>\n<\/div><\/b>\n\n<div class=\"prose\">\n<p> Pull out the built-in footrest under the seat and adjust the recline angle, then you will have an office chair become a recline chair.<\/p>\n\n<\/div>\n<div class=\"sf-hero__btn\">\n   <a href=\"https:\/\/www.odinlake.com\/products\/ergo-pro-odinlake-633\" class=\"sf__btn sf__btn-primary \">See Details<\/a>\n<\/div>","text":"","align_text":"left","text_size":"medium","text_color":"black","button_label":"","button_link":"","button_style":"sf__btn-primary","button_size":"","block_custom_class":""}},"55ea4d6c-fe82-42c8-ab89-fed02ae0e50f":{"type":"image_with_text","settings":{"image":"shopify:\/\/shop_images\/OdinLake_Ergo_CORE_625-home.webp","link":"shopify:\/\/products\/ergo-core-odinlake-625","width":"33%","alignment":"start","subheading":"","code":"<style>\n.odinlake_box1 {width:150px; float:left; display:inline;border:red 0px solid;}\n.odinlake_box2 {width:200px; display:inline;border:green 0px solid;}\n.odinlake-product-compare img{\n  background-size:contain|cover;\n  width:100%;\n  height: 100%;\n  margin-top:10px;\n  padding-bottom: 10px;\n  }\n<\/style>\n\n\n<h3><strong>OdinLake Ergo Core 625<\/strong><\/h3>\n<div class=\"prose\">\n<p>Super soft cushioning to keep you relaxed and make you productive for more. Core 625 provides the best value of an Ergo Chair.<\/p>\n\n<\/div>\n<div class=\"prose\">\n  <div class=\"odinlake_box1\">Chair Width<\/div>\n  <div class=\"odinlake_box2\">26\"<\/div>\n<\/div>\n\n<div class=\"prose\">\n  <div class=\"odinlake_box1\">Base Size<\/div>\n  <div class=\"odinlake_box2\">17.5\"<\/div>\n<\/div>\n\n<div class=\"prose\">\n  <div class=\"odinlake_box1\">Height Range:<\/div>\n  <div class=\"odinlake_box2\">37\" – 40\"<\/div>\n<\/div>\n\n<div class=\"prose\">\n  <div class=\"odinlake_box1\">Recline Range<\/div>\n  <div class=\"odinlake_box2\">30° recline<\/div>\n<\/div>\n<div class=\"prose\">\n  <div class=\"odinlake_box1\">Chair Weight<\/div>\n  <div class=\"odinlake_box2\">31 lbs<\/div>\n<\/div>\n<div class=\"prose\">\n  <div class=\"odinlake_box1\">Weight Capacity<\/div>\n  <div class=\"odinlake_box2\">up to 300 lbs<\/div>\n<\/div>\n<b>\n<div class=\"prose\">\n  <div class=\"odinlake_box1\">Adjustments<\/div>\n  <div class=\"odinlake_box2\">3<\/div>\n<\/div>\n<div class=\"prose\">\n  <div class=\"odinlake_box1\">Featured<\/div>\n  <div class=\"odinlake_box2\">Thickened Cushion<\/div>\n<\/div>\n\n<div class=\"prose\" style=\"color:#369abc\">\n  <div class=\"odinlake_box1\">Sale Price<\/div>\n  <div class=\"odinlake_box2\">$249.00<\/div>\n<\/div><\/b>\n\n<div class=\"prose\">\n<p>Get yourself the best quality affordable chairs today. No need of emptying the wallet on ergo chair anymore.<\/p>\n\n<\/div>\n<div class=\"sf-hero__btn\">\n   <a href=\"https:\/\/www.odinlake.com\/products\/ergo-core-odinlake-625\" class=\"sf__btn sf__btn-primary \">See Details<\/a>\n<\/div>","text":"","align_text":"left","text_size":"medium","text_color":"black","button_label":"","button_link":"","button_style":"sf__btn-primary","button_size":"","block_custom_class":""}},"c990229d-221f-41dc-ad5f-83e27832b7d0":{"type":"image_with_text","settings":{"image":"shopify:\/\/shop_images\/OdinLake_Ergo_ART_643-2.webp","link":"shopify:\/\/products\/ergo-art-odinlake-643","width":"33%","alignment":"start","subheading":"","code":"<h3><strong>OdinLake Ergo Art 643<\/strong><\/h3>\n\n<div class=\"prose\">\n<p>\"With sensitive intelligence to innovative simplicity.\" says Justus Kolberg, a remarkable German artist. Less is more.<\/p>\n<\/div>\n<div class=\"prose\">\n  <div class=\"odinlake_box1\">Chair Width<\/div>\n  <div class=\"odinlake_box2\">28.30”<\/div>\n<\/div>\n\n<div class=\"prose\">\n  <div class=\"odinlake_box1\">Base Size<\/div>\n  <div class=\"odinlake_box2\">20”<\/div>\n<\/div>\n\n<div class=\"prose\">\n  <div class=\"odinlake_box1\">Height Range:<\/div>\n  <div class=\"odinlake_box2\">45” – 51”<\/div>\n<\/div>\n\n<div class=\"prose\">\n  <div class=\"odinlake_box1\">Recline Range<\/div>\n  <div class=\"odinlake_box2\">35° recline<\/div>\n<\/div>\n<div class=\"prose\">\n  <div class=\"odinlake_box1\">Chair Weight<\/div>\n  <div class=\"odinlake_box2\">37 lbs<\/div>\n<\/div>\n<div class=\"prose\">\n  <div class=\"odinlake_box1\">Weight Capacity<\/div>\n  <div class=\"odinlake_box2\">up to 300 lb<\/div>\n<\/div>\n<b>\n<div class=\"prose\">\n  <div class=\"odinlake_box1\">Adjustments<\/div>\n  <div class=\"odinlake_box2\">5<\/div>\n<\/div>\n<div class=\"prose\">\n  <div class=\"odinlake_box1\">Featured<\/div>\n  <div class=\"odinlake_box2\">High Back<\/div>\n<\/div>\n\n<div class=\"prose\" style=\"color:#369abc\">\n  <div class=\"odinlake_box1\">Sale Price<\/div>\n  <div class=\"odinlake_box2\">$449.00<\/div>\n<\/div><\/b>\n\n<div class=\"prose\">\n<p>Equipped with multi-function mechanism from Germany BOCK.  BOCK-23 seat mechanism has the adaptive synchronous tilt function.<\/p>\n\n<\/div>\n<div class=\"sf-hero__btn\">\n   <a href=\"https:\/\/www.odinlake.com\/products\/ergo-art-odinlake-643\" class=\"sf__btn sf__btn-primary \">See Details<\/a>\n<\/div>","text":"","align_text":"left","text_size":"medium","text_color":"black","button_label":"","button_link":"","button_style":"sf__btn-primary","button_size":"","block_custom_class":""}},"2dba9eaf-8b58-4b7e-a33b-b866d4e3127e":{"type":"html","disabled":true,"settings":{"code":"<div class=\"odinlake-product-compare\">\n  <a href=\"https:\/\/www.odinlake.com\/products\/ergo-pro-odinlake-633\"> <img class=\"lazyautosizes lazyloaded\" src=\"https:\/\/cdn.shopifycdn.net\/s\/files\/1\/0603\/7431\/9272\/files\/Odinlake-Ergonomic-Office-Chair-With-Footrest-Ergo-PRO-Chair-633_1.jpg?v=1650624770\" alt=\"Odinlake Ergonomic Office Chair With Footrest Ergo PRO Chair 633\">  \n\n<h3>Ergo Pro 633<\/h3>\n<\/a>\n<div class=\"prose\">\n<p>Get exhausted while working? Pro 633 will recharge your energy the professional way. Let nothing get in the way of your comfort.<\/p>\n\n<\/div>\n<div class=\"prose\">\n  <div class=\"odinlake_box1\">Chair Width<\/div>\n  <div class=\"odinlake_box2\">28.30”<\/div>\n<\/div>\n\n<div class=\"prose\">\n  <div class=\"odinlake_box1\">Base Size<\/div>\n  <div class=\"odinlake_box2\">20”<\/div>\n<\/div>\n\n<div class=\"prose\">\n  <div class=\"odinlake_box1\">Height Range:<\/div>\n  <div class=\"odinlake_box2\">44” – 49”<\/div>\n<\/div>\n\n<div class=\"prose\">\n  <div class=\"odinlake_box1\">Recline Range<\/div>\n  <div class=\"odinlake_box2\">45° recline<\/div>\n<\/div>\n<div class=\"prose\">\n  <div class=\"odinlake_box1\">Chair Weight<\/div>\n  <div class=\"odinlake_box2\">49 lbs<\/div>\n<\/div>\n<div class=\"prose\">\n  <div class=\"odinlake_box1\">Weight Capacity<\/div>\n  <div class=\"odinlake_box2\">up to 300 lbs<\/div>\n<\/div>\n<b>\n<div class=\"prose\">\n  <div class=\"odinlake_box1\">Adjustments<\/div>\n  <div class=\"odinlake_box2\">6<\/div>\n<\/div>\n<div class=\"prose\">\n  <div class=\"odinlake_box1\">Featured<\/div>\n  <div class=\"odinlake_box2\">Footrest<\/div>\n<\/div>\n\n<div class=\"prose\" style=\"color:#369abc\">\n  <div class=\"odinlake_box1\">Sale Price<\/div>\n  <div class=\"odinlake_box2\">$449.00<\/div>\n<\/div><\/b>\n\n<div class=\"prose\">\n<p> Pull out the built-in footrest under the seat and adjust the recline angle, then you will have an office chair become a recline chair.<\/p>\n\n<\/div>\n<div class=\"sf-hero__btn\">\n   <a href=\"https:\/\/www.odinlake.com\/products\/ergo-pro-odinlake-633\" class=\"sf__btn sf__btn-primary \">See Details<\/a>\n<\/div>\n<\/div>","width":"33%","block_custom_class":""}},"542fbe38-8c31-4af2-bbe0-b5aa9f217000":{"type":"html","disabled":true,"settings":{"code":"<style>\n.odinlake_box1 {width:150px; float:left; display:inline;border:red 0px solid;}\n.odinlake_box2 {width:200px; display:inline;border:green 0px solid;}\n.odinlake-product-compare img{\n  background-size:contain|cover;\n  width:100%;\n  height: 100%;\n  margin-top:10px;\n  padding-bottom: 10px;\n  }\n<\/style>\n\n <div class=\"odinlake-product-compare\">   <a href=\"https:\/\/www.odinlake.com\/products\/ergo-core-odinlake-625\">\n  <img class=\"lazyautosizes lazyloaded\" src=\"https:\/\/cdn.shopify.com\/s\/files\/1\/0603\/7431\/9272\/files\/odinlake-mesh-office-chair-625_3.jpg?v=1656057855\" alt=\"Odinlake Ergonomic Chair With Breathable Mesh Ergo CORE Chair 625\">  \n<h3>Ergo Core 625<\/h3>\n<\/a>\n<div class=\"prose\">\n<p>Super soft cushioning to keep you relaxed and make you productive for more. Core 625 provides the best value of an Ergo Chair.<\/p>\n\n<\/div>\n<div class=\"prose\">\n  <div class=\"odinlake_box1\">Chair Width<\/div>\n  <div class=\"odinlake_box2\">26\"<\/div>\n<\/div>\n\n<div class=\"prose\">\n  <div class=\"odinlake_box1\">Base Size<\/div>\n  <div class=\"odinlake_box2\">17.5\"<\/div>\n<\/div>\n\n<div class=\"prose\">\n  <div class=\"odinlake_box1\">Height Range:<\/div>\n  <div class=\"odinlake_box2\">37\" – 40\"<\/div>\n<\/div>\n\n<div class=\"prose\">\n  <div class=\"odinlake_box1\">Recline Range<\/div>\n  <div class=\"odinlake_box2\">30° recline<\/div>\n<\/div>\n<div class=\"prose\">\n  <div class=\"odinlake_box1\">Chair Weight<\/div>\n  <div class=\"odinlake_box2\">31 lbs<\/div>\n<\/div>\n<div class=\"prose\">\n  <div class=\"odinlake_box1\">Weight Capacity<\/div>\n  <div class=\"odinlake_box2\">up to 300 lbs<\/div>\n<\/div>\n<b>\n<div class=\"prose\">\n  <div class=\"odinlake_box1\">Adjustments<\/div>\n  <div class=\"odinlake_box2\">3<\/div>\n<\/div>\n<div class=\"prose\">\n  <div class=\"odinlake_box1\">Featured<\/div>\n  <div class=\"odinlake_box2\">Thickened Cushion<\/div>\n<\/div>\n\n<div class=\"prose\" style=\"color:#369abc\">\n  <div class=\"odinlake_box1\">Sale Price<\/div>\n  <div class=\"odinlake_box2\">$249.00<\/div>\n<\/div><\/b>\n<\/div>\n<div class=\"prose\">\n<p>Get yourself the best quality affordable chairs today. No need of emptying the wallet on ergo chair anymore.<\/p>\n\n<\/div>\n<div class=\"sf-hero__btn\">\n   <a href=\"https:\/\/www.odinlake.com\/products\/ergo-core-odinlake-625\" class=\"sf__btn sf__btn-primary \">See Details<\/a><a>\n<\/a>\n<\/div><a>\n<\/a>","width":"33%","block_custom_class":""}},"0189ee83-61a5-4d0e-833a-07046c4e0b91":{"type":"html","disabled":true,"settings":{"code":"<div class=\"odinlake-product-compare\">\n   <a href=\"https:\/\/www.odinlake.com\/products\/ergo-art-odinlake-643\"> <img class=\"lazyautosizes lazyloaded\" src=\"https:\/\/cdn.shopifycdn.net\/s\/files\/1\/0603\/7431\/9272\/files\/Odinlake-Ergonomic-Chair-With-High-Back-Ergo-ART-Chair-643_1.jpg?v=1650624770\" alt=\"Odinlake Ergonomic Chair With High Back Ergo ART Chair 643\">  \n<h3>Ergo Art 643<\/h3>\n<\/a>\n<div class=\"prose\">\n<p>\"With sensitive intelligence to innovative simplicity. \" says Justus Kolberg, a remarkable German artist. Less is more.<\/p>\n\n\n<\/div>\n<div class=\"prose\">\n  <div class=\"odinlake_box1\">Chair Width<\/div>\n  <div class=\"odinlake_box2\">28.30”<\/div>\n<\/div>\n\n<div class=\"prose\">\n  <div class=\"odinlake_box1\">Base Size<\/div>\n  <div class=\"odinlake_box2\">20”<\/div>\n<\/div>\n\n<div class=\"prose\">\n  <div class=\"odinlake_box1\">Height Range:<\/div>\n  <div class=\"odinlake_box2\">45” – 51”<\/div>\n<\/div>\n\n<div class=\"prose\">\n  <div class=\"odinlake_box1\">Recline Range<\/div>\n  <div class=\"odinlake_box2\">35° recline<\/div>\n<\/div>\n<div class=\"prose\">\n  <div class=\"odinlake_box1\">Chair Weight<\/div>\n  <div class=\"odinlake_box2\">37 lbs<\/div>\n<\/div>\n<div class=\"prose\">\n  <div class=\"odinlake_box1\">Weight Capacity<\/div>\n  <div class=\"odinlake_box2\">up to 300 lb<\/div>\n<\/div>\n<b>\n<div class=\"prose\">\n  <div class=\"odinlake_box1\">Adjustments<\/div>\n  <div class=\"odinlake_box2\">5<\/div>\n<\/div>\n<div class=\"prose\">\n  <div class=\"odinlake_box1\">Featured<\/div>\n  <div class=\"odinlake_box2\">High Back<\/div>\n<\/div>\n\n<\/b><div class=\"prose\" style=\"color:#369abc\">\n<b>\n  <div class=\"odinlake_box1\">Sale Price<\/div>\n  <div class=\"odinlake_box2\">Sold Out<\/div><\/b>\n<\/div>\n<div class=\"prose\">\n<p>Equipped with multi-function mechanism from Germany BOCK.  BOCK-23 seat mechanism has the adaptive synchronous tilt function.<\/p>\n\n<\/div>\n<div class=\"sf-hero__btn\">\n   <a href=\"https:\/\/www.odinlake.com\/products\/ergo-art-odinlake-643\" class=\"sf__btn sf__btn-primary \">See Details<\/a><a>\n<\/a>\n<\/div>\n<a>\n<\/a>\n<\/div>","width":"33%","block_custom_class":""}}},"block_order":["79ac97d8-fe2a-487e-88ed-27b539435c59","55ea4d6c-fe82-42c8-ab89-fed02ae0e50f","c990229d-221f-41dc-ad5f-83e27832b7d0","2dba9eaf-8b58-4b7e-a33b-b866d4e3127e","542fbe38-8c31-4af2-bbe0-b5aa9f217000","0189ee83-61a5-4d0e-833a-07046c4e0b91"],"settings":{"heading":"Meet All You Need","subheading":"","code":"","description":"","header_alignment":"center","container":"container","background_color":"#f8f8f8","gap":30,"use_scroll_mobile":true,"gap_mobile":5,"custom_class":""}},"164569173545135951":{"type":"custom-liquid","disabled":true,"settings":{"custom_liquid":"<!-- RYVIU APP :: WIDGET -->\n<div class=\"lt-block-reviews\"> \n<ryviu-widget  \n   handle=\"{{product.handle}}\"\n   title_product=\"{{product.title}}\"\n   total_meta=\"{{ product.metafields.ryviu.r_count }}\"\nimage_product=\"{{ product.featured_image.src | img_url: '100x' }}\"><\/ryviu-widget>\n<\/div>\n<!-- \/ RYVIU APP -->","custom_class":""}},"1646216203345922b9":{"type":"custom-content","disabled":true,"blocks":{"0ac9ec12-db1f-418b-a40c-56c911d183e8":{"type":"html","settings":{"code":"<div class=\"social-widget-wrapper\" data-widget-id=\"38546\">\n<\/div>","width":"100%","block_custom_class":""}}},"block_order":["0ac9ec12-db1f-418b-a40c-56c911d183e8"],"settings":{"heading":"","subheading":"","code":"","description":"","header_alignment":"center","container":"w-full","background_color":"","gap":30,"use_scroll_mobile":false,"gap_mobile":16,"custom_class":""}},"16468802075cf225b8":{"type":"custom-content","disabled":true,"blocks":{"16468802068fca4990-0":{"type":"text","disabled":true,"settings":{"title":"Talk about your brand","subheading":"","code":"","text":"<p>Use this text to share information about your brand with your customers. Describe a product, share announcements, or welcome customers to your store.<\/p>","width":"50%","alignment":"center","align_text":"left","text_size":"medium","text_color":"black","button_label":"","button_link":"","button_style":"sf__btn-primary","button_size":"","block_custom_class":""}},"16468802068fca4990-1":{"type":"image","disabled":true,"settings":{"link":"","width":"50%","alignment":"center","block_custom_class":""}},"c159600b-87ef-4a3d-902a-f29095bae3d7":{"type":"html","settings":{"code":"<script src=\"https:\/\/code.jquery.com\/jquery-3.3.1.min.js\"><\/script>\n<div class=\"more-product-information\">\n<div class=\"more-product-information-description\" id=\"more-information-textcontain\">\n<p>The ergonomic chair design is generous, one-of-a-kind, fashionable, and lightweight. It is a new eco-friendly health chair widely used in modern homes, outdoor spaces, meeting rooms, and workplaces. The aim of optimum comfort is achieved by using the best curve of the human body and medical factors. Therefore, it emphasizes product quality and customer experience, but it also prioritizes human development in the long run.\n\n For cushions and chair backs, ergonomics mainly utilizes mesh (composition: DuPont yarn + polyester fiber), environmentally friendly fabric + high-quality memory cotton, and other elastic and environmentally friendly materials. The process design is particularly suited to modern furniture. During use, it has excellent airflow, and heat dissipation characteristics are pleasant and health-care-friendly. They can prevent the growth of bacteria inside the chair. Additionally, it can decrease the area of pressure on the buttocks, improve blood circulation in the buttocks, prevent strain on the neck, shoulders, and waist, and help to preserve the user's overall health and well-being.<\/p>\n<div class=\"more-product-information-description-showless\">\n<a onclick=\"descriptionShowLess()\">Show Less<\/a>\n<\/div>\n<div class=\"more-product-information-description-showmore\" id=\"IDdescriptionShowMore\">\n<a onclick=\"descriptionShowMore()\">Show More<\/a>\n<\/div>\n<\/div>\n<\/div>\n<script>\n    function descriptionShowMore() {\n        $(\"#more-information-textcontain\").height(\"auto\");\n        $(\"#IDdescriptionShowMore\").hide();\n     }\n        function descriptionShowLess() {\n        $(\"#more-information-textcontain\").height(\"100px\");\n        $(\"#IDdescriptionShowMore\").show();\n        }\n<\/script>\n    <style>\n        .more-product-information{\n            width: 100%;\n        }\n        .more-product-information-description{\n            width: 100%;\n            position: relative;\n            margin: 0 auto;\n            height: 100px;\n            overflow: hidden;\n            text-align: left;\n        }\n        .more-product-information-description-showmore{\n            position: absolute;\n            width: 100%;\n            bottom: 0;\n            height: 80px;\n            background: linear-gradient(180deg,rgba(245,245,245,0),#F5F5F5);\n        }\n        .more-product-information-description-showmore a{\n            text-decoration: none;\n            color: chocolate;\n            display: inline-block;\n            margin-top: 60px;\n        }\n       .more-product-information-description-showless{\n            position: absolute;\n            width: 100%;\n            bottom: 0;\n            height: 80px;\n           \n        }\n        .more-product-information-description-showless a{\n            text-decoration: none;\n            color: chocolate;\n            display: inline-block;           margin-top: 60px;\n        }\n    <\/style>","width":"100%","block_custom_class":""}}},"block_order":["16468802068fca4990-0","16468802068fca4990-1","c159600b-87ef-4a3d-902a-f29095bae3d7"],"settings":{"heading":"","subheading":"","code":"","description":"","header_alignment":"center","container":"container-fluid","background_color":"#f5f5f5","gap":30,"use_scroll_mobile":false,"gap_mobile":16,"custom_class":""}},"16468801873d83efb1":{"type":"custom-code","disabled":true,"settings":{"custom_css":"<style>\n        .more-product-information{\n            width: 100%;\n        }\n        .more-product-information-description{\n            width: 100%;\n            position: relative;\n            margin: 0 auto;\n            height: 100px;\n            overflow: hidden;\n            text-align: left;\n        }\n        .more-product-information-description-showmore{\n            padding-top: 100px;\n            position: absolute;\n            width: 100%;\n            bottom: 0;\n            height: 80px;\n            background: linear-gradient(180deg,rgba(255,255,255,0),#fff);\n        }\n        .more-product-information-description-showmore a{\n            text-decoration: none;\n            color: chocolate;\n            display: inline-block;\n            margin-top: 60px;\n        }\n       .more-product-information-description-showless{\n            padding-top: 100px;\n            position: absolute;\n            width: 100%;\n            bottom: 0;\n            height: 80px;\n           \n        }\n        .more-product-information-description-showless a{\n            text-decoration: none;\n            color: chocolate;\n            display: inline-block;\n            margin-top: 60px;\n        }\n    <\/style>"}},"165631289853564bc5":{"type":"apps","blocks":{"dd12ba02-0f05-446f-84a7-108b709ab5c1":{"type":"shopify:\/\/apps\/stamped-product-reviews-ugc\/blocks\/main-widget\/a103faaf-2125-4b0e-89fa-de5149736723","settings":{"animation":true,"tags_exclude":"","tags_include":"","search":"","linkify":true,"use_metafields":true,"sku_tagtype":"sku"}}},"block_order":["dd12ba02-0f05-446f-84a7-108b709ab5c1"],"settings":{"heading":"","subheading":"","code":"","header_alignment":"center","container":"container","background_color":"","custom_class":""}}},"order":["main","16505088371029240d","164575344780097cc6","164568685445c41cb7","16456917430ddc5d42","1645689879ed030bb1","1646382956c42b26fe","product-details-tabs","164933038193d73042","164569173545135951","1646216203345922b9","16468802075cf225b8","16468801873d83efb1","165631289853564bc5"]}