{"current":{"color_body_bg":"#ffffff","color_body_text":"#2a4d63","color_borders":"#e8e8e1","color_button":"#5ac3df","color_button_text":"#ffffff","color_sale_price":"#f2806f","color_sale_tag":"#f2806f","color_cart_dot":"#f2806f","color_header":"#ffffff","color_header_text":"#2a4d63","color_announcement":"#5ac3df","color_footer":"#d0e5f1","color_footer_text":"#2a4d63","color_drawer_background":"#d0e5f1","color_drawer_text":"#2a4d63","color_drawer_border":"#e8e8e1","color_drawer_button":"#2a4d63","color_drawer_button_text":"#ffffff","color_image_2":"#5ac3df","color_image_2_opacity":0,"color_image_1":"#000000","color_image_1_opacity":60,"color_small_image_bg":"#ffffff","color_large_image_bg":"#d0e5f1","type_custom_font":true,"type_header_font_family":"itc_avant_garde_gothic_n7","type_header_spacing":"0","type_header_base_size":28,"type_header_line_height":1.4,"type_header_capitalize":false,"type_header_accent_transform":true,"type_base_font_family":"futura_n4","type_base_spacing":"0","type_base_size":16,"type_base_line_height":1.4,"type_base_accent_transform":true,"type_navigation_size":16,"type_navigation_style":false,"icon_weight":"5px","icon_linecaps":"miter","animate_page_transitions":true,"animate_page_transition_style":"page-slow-fade","animate_sections":true,"animate_sections_background_style":"zoom-fade","animate_sections_text_style":"rise-up","animate_images":true,"animate_images_style":"zoom-fade","animate_buttons":true,"animate_underlines":true,"vendor_enable":false,"product_save_amount":false,"product_grid_image_size":"natural","product_grid_image_fill":true,"quick_shop_enable":false,"quick_shop_text":"Quick View","enable_product_reviews":true,"cart_type":"drawer","cart_icon":"bag","cart_additional_buttons":false,"cart_notes_enable":false,"cart_terms_conditions_enable":false,"cart_terms_conditions_link":"shopify:\/\/policies\/terms-of-service","social_facebook_link":"https:\/\/www.facebook.com\/yeediofficial","social_twitter_link":"https:\/\/twitter.com\/shopify","social_pinterest_link":"https:\/\/www.pinterest.ca\/yeedi_official","social_instagram_link":"https:\/\/instagram.com\/yeedi_official","social_tiktok_link":"https:\/\/www.tiktok.com\/@yeedi_eu","social_youtube_link":"https:\/\/www.youtube.com\/channel\/UC6ZnwaxfDVp_DP0X-Z44wgA\/featured","favicon":"shopify:\/\/shop_images\/favicon-32x32.png","show_breadcrumbs":true,"show_breadcrumbs_collection_link":true,"checkout_header_image":"","checkout_logo_image":"shopify:\/\/shop_images\/favicon-32x32.png","checkout_logo_position":"left","checkout_logo_size":"medium","checkout_body_background_color":"#ffffff","checkout_input_background_color_mode":"white","checkout_sidebar_background_image":"","checkout_sidebar_background_color":"#d0e5f1","checkout_heading_font":"Helvetica Neue","checkout_body_font":"Helvetica Neue","checkout_accent_color":"#2a4d63","checkout_button_color":"#2a4d63","checkout_error_color":"#f2806f","color_image_bg":"#000000","color_input":"#ffffff","checkout_banner_background_color":"#ffffff","checkout_call_to_action_color":"#a26b25","checkout_use_header_image":false,"sections":{"header":{"type":"header","blocks":{"984a646a-35c2-4e68-a06d-56c165dc2491":{"type":"megamenu","settings":{"menu_item":"Robot Vacuums and Mops","promo_image_1":"shopify:\/\/shop_images\/summer-sale-mop-station-pro.png","promo_heading_1":"yeedi mop station pro","promo_text_1":"","promo_url_1":"shopify:\/\/products\/yeedi-mop-station-pro","promo_image_2":"shopify:\/\/shop_images\/vac-2-pro-bundle-main-png.png","promo_heading_2":"yeedi vac 2 pro 3-in-1 bundle","promo_text_2":"","promo_url_2":"shopify:\/\/products\/yeedi-vac-2-pro-with-self-empty-station-bundle"}},"ec8032e3-64ce-4236-b9dd-ef998069c960":{"type":"megamenu","disabled":true,"settings":{"menu_item":"","promo_image_1":"shopify:\/\/shop_images\/ig_feed_1_v2.jpg.lin.jpg","promo_heading_1":"Less Chores, More Fun","promo_text_1":"","promo_url_1":"shopify:\/\/pages\/brand-story","promo_heading_2":"","promo_text_2":"","promo_url_2":""}},"e3221574-d6f9-478f-ab16-d9a57eef8fad":{"type":"megamenu","disabled":true,"settings":{"menu_item":"Accessories","promo_image_1":"shopify:\/\/shop_images\/us-mop-station-pro-banner.jpg","promo_heading_1":"yeedi mop station pro","promo_text_1":"","promo_url_1":"shopify:\/\/products\/yeedi-mop-station-pro","promo_image_2":"shopify:\/\/shop_images\/750ml.png","promo_heading_2":"Self-empty Station","promo_text_2":"","promo_url_2":"shopify:\/\/products\/accessories-yeedi-vac-series-self-empty-station"}}},"block_order":["984a646a-35c2-4e68-a06d-56c165dc2491","ec8032e3-64ce-4236-b9dd-ef998069c960","e3221574-d6f9-478f-ab16-d9a57eef8fad"],"settings":{"logo":"shopify:\/\/shop_images\/yeedi-logo_51x70_463037ac-dd3c-41eb-9312-16578a4ee3c8.png","logo-inverted":"shopify:\/\/shop_images\/yeedi-_logo_2.png","desktop_logo_width":120,"mobile_logo_width":120,"main_menu_link_list":"mega-menu","main_menu_alignment":"left-center","header_sticky":true,"sticky_index":true,"sticky_collection":false,"show_announcement":false,"announcement_text":"Upgrade to yeedi mop station pro with yeedi Trade-in >>","announcement_link":"https:\/\/www.yeedi.com\/pages\/yeedi-trade-in","announcement_closable":true}},"footer":{"type":"footer","blocks":{"1494292487693":{"type":"newsletter","settings":{"show_footer_title":true,"title":"Sign up and save","richtext":"<p>Subscribe to get special offers, free giveaways, and once-in-a-lifetime deals.<\/p>","container_width":60}},"1494292481350":{"type":"logo_social","settings":{"desktop_logo_height":30,"container_width":40}},"30cd7c03-a60a-492d-a59f-ed2e737a0881":{"type":"menu","settings":{"show_footer_title":true,"menu":"product","container_width":25}},"1494292485313":{"type":"menu","settings":{"show_footer_title":true,"menu":"about","container_width":25}},"1a36a895-b4e9-4e08-8fd1-34bfc69a8f78":{"type":"menu","settings":{"show_footer_title":true,"menu":"footer","container_width":25}},"1494301487049":{"type":"menu","settings":{"show_footer_title":true,"menu":"policies","container_width":25}}},"block_order":["1494292487693","1494292481350","30cd7c03-a60a-492d-a59f-ed2e737a0881","1494292485313","1a36a895-b4e9-4e08-8fd1-34bfc69a8f78","1494301487049"],"settings":{"show_locale_selector":false,"show_currency_selector":false,"show_currency_flags":false,"show_payment_icons":true,"colorize_payment_icons":true,"show_copyright":true,"copyright_text":"Technology Limited. All Rights Reserved."}},"footer-promotions":{"type":"footer-promotions","blocks":{"footer-promotions-0":{"type":"promotion","disabled":true,"settings":{"enable_image":true,"image_width":650,"title":"Site-wide promotion","text":"<p>Use this section to promote content throughout every page of your site. Add images for further impact.<\/p>","button_label":"Optional button","button_link":""}},"footer-promotions-1":{"type":"promotion","disabled":true,"settings":{"enable_image":true,"image_width":650,"title":"Site-wide promotion","text":"<p>Use this section to promote content throughout every page of your site. Add images for further impact.<\/p>","button_label":"Optional button","button_link":""}},"footer-promotions-2":{"type":"promotion","disabled":true,"settings":{"enable_image":true,"image_width":650,"title":"Site-wide promotion","text":"<p>Use this section to promote content throughout every page of your site. Add images for further impact.<\/p>","button_label":"Optional button","button_link":""}}},"block_order":["footer-promotions-0","footer-promotions-1","footer-promotions-2"],"settings":{"hide_homepage":false,"image_size":"wide","align_text":"left"}},"newsletter-popup":{"type":"newsletter-popup","settings":{"mode":"disabled","popup_seconds":5,"popup_days":30,"popup_title":"Sign up and save","popup_text":"<p>Entice customers to sign up for your mailing list with discounts or exclusive offers. Include an image for extra impact.<\/p>","close_text":"No thanks","enable_newsletter":true,"button_label":"Optional button","button_link":"","enable_button":false}},"page-compare-template":{"type":"page-compare-template","blocks":{"22f15d7b-f6c7-439b-8e7c-2626b88c2061":{"type":"compare-table","settings":{"heading":"Which yeedi Is Right for You","subtitle":"","product1":"yeedi-vac-station","meta1":"yeedi vac station","title1":"Self-Empty Robot Vacuum & Mop","image1":"shopify:\/\/shop_images\/8_3.png","price1":"$499","body1":"<p><strong>Clean<\/strong><\/p><p><em>Vacuum: 3000Pa Suction Power<\/em><\/p><p><em>Dustbin Capacity: 450ml + 2.5L Dust Bag<\/em><\/p><p><em>200mins Runtime<\/em><\/p><p><\/p><p><\/p><p><strong>Mop<\/strong><\/p><p><em>Mop: Long-lasting Mopping<\/em><\/p><p><em>Water Tank: 240ml<\/em><\/p><p><\/p><p><\/p><p><\/p><p><\/p><p><\/p><p><strong>Smart<\/strong><\/p><p><em>Carpet Detector<\/em><\/p><p><em>Anti Drop & Anti-Collision Sensors<\/em><\/p><p><em>Auto Recharge & Resume Cleaning<\/em><\/p><p><em>Voice Control: Amazon Alexa \/ Google Home Assistant<\/em><\/p><p><em>App: Scheduling, Area Cleaning, Room Cleaning, Virtual Boundary <\/em><\/p><p><em>Auto Carpet Turbo Mode <\/em><\/p><p><em>Smart Mapping <\/em><\/p><p><strong>Self-Empty<\/strong><\/p><p><em>Automatically Empty the Dustbin <\/em><\/p><p><em>Hold Up to 30 Days of Dirt and Debris<\/em><br\/><\/p><p><\/p><p><\/p><p><\/p>","product2":"yeedi-vac-2-pro","meta2":"yeedi vac 2 pro","title2":"Oscillating Mopping & 3D Obstacle Avoidance","image2":"shopify:\/\/shop_images\/yeedi-vac2pro-us-compare.webp","price2":"$449","body2":"<p><strong>Clean<\/strong><\/p><p><em>Vacuum: 3000Pa Suction Power<\/em><\/p><p><em>Dustbin Capacity: 420ml <\/em><\/p><p><em>200mins Runtime<\/em><\/p><p><\/p><p><\/p><p><strong>Mop<\/strong><\/p><p><em>Mop: Oscillating Mopping<\/em><\/p><p><em>Water Tank: 240ml<\/em><\/p><p><\/p><p><strong>Smart<\/strong><br\/><em>3D Obstacle Avoidance<\/em><\/p><p><em>Carpet Detector<\/em><\/p><p><em>Anti-Drop & Anti-Collision Sensos<\/em><\/p><p><em>Auto Recharge & Resume Cleaning<\/em><\/p><p><em>Voice Control: Amazon Alexa \/ Google Home Assistant<\/em><\/p><p><em>App: Scheduling, Area Cleaning, Room Cleaning, Virtual Boundary <\/em><\/p><p><em>Auto Carpet Turbo Mode <\/em><\/p><p><em>Smart Mapping <\/em><\/p><p><strong>Self-Empty<\/strong><\/p><p><em>Compatible with Self-Empty Station <\/em>available in yeedi store<\/p>","product3":"yeedi-vac-max","meta3":"yeedi vac max","title3":"The Most Powerful yeedi","image3":"shopify:\/\/shop_images\/yeedi-vac-max-compare.webp","price3":"$399","body3":"<p><strong>Clean<\/strong><\/p><p><em>Vacuum: 3000Pa Suction Power<\/em><\/p><p><em>Dustbin Capacity: 450ml <\/em><\/p><p><em>200mins Runtime<\/em><\/p><p><\/p><p><strong>Mop<\/strong><\/p><p><em>Mop: Long-lasting Mopping<\/em><\/p><p><em>Water Tank: 240ml<\/em><\/p><p><strong>Smart<\/strong><\/p><p><em>Carpet Detector<\/em><\/p><p><em>Anti Drop & Anti-Collision Sensors<\/em><\/p><p><em>Auto Recharge & Resume <\/em>Cleaning<\/p><p><em>Voice Control: Amazon Alexa \/ Google Home Assistant<\/em><\/p><p><em>App: Scheduling, Area Cleaning, Room Cleaning, Virtual Boundary <\/em><\/p><p><em>Auto Carpet Turbo Mode <\/em><\/p><p><em>Smart Mapping<\/em><\/p><p><\/p><p><strong>Self-Empty<\/strong><\/p><p><em>(Compatible with yeedi Self-Empty Station available in yeedi Store)<\/em><\/p><p><\/p><p><br\/><br\/><\/p>","product4":"yeedi-k650","meta4":"yeedi k650","title4":"Best Pet Vacuum","image4":"shopify:\/\/shop_images\/k650.jpg","price4":"$179","body4":"<p><strong>Clean<\/strong><\/p><p><em>Vacuum: 2000Pa Suction Power<\/em><\/p><p><em>Dustbin Capacity: 800ml <\/em><\/p><p><em>110mins Runtime<\/em><\/p><p><em>Mop: N\/A<\/em><\/p><p><em>Water Tank: N\/A<\/em><\/p><p><em>Tangle-free Brush<\/em><\/p><p><strong>Smart<\/strong><\/p><p><em>Anti Drop & Anti-Collision Sensors<\/em><\/p><p><em>Auto Recharge & Resume Cleaning<\/em><\/p><p><em>Voice Control: Amazon Alexa \/ Google Home Assistant<\/em><\/p>","product5":"yeedi-mop-station-pro","meta5":"yeedi mop station Pro","title5":"Self-Clean Robot Mop","image5":"shopify:\/\/shop_images\/Image_20211215164759.png","price5":"$799","body5":"<p><strong>Clean<\/strong><\/p><p><em>Vocuum: 2500Pa Suction Power<\/em><\/p><p><em>Dustbin Capacity: 300ml <\/em><\/p><p><em>180mins Runtime<\/em><\/p><p><em>Mop: <\/em>Dual-Power Spin Mopping<\/p><p><em>Water Tank: <\/em>3500ml * 2 + 200ml<\/p><p><em>Tangle-Free Brush<\/em><\/p><p><strong>Smart<\/strong><\/p><p><em>Anti Drop & Anti-Collision Sensors<\/em><\/p><p><em>Auto Recharge & Resume Cleaning<\/em><\/p><p><em>Voice Control: Amazon Alexa \/ Google Home Assistant \/yandex Alice<\/em><\/p><p><em>App: Scheduling, Area Cleaning, Room Cleaning, Virtual Boundary <\/em><\/p><p><em>Carpet Detection<\/em><\/p><p><em>Smart Mapping <\/em><\/p><p><strong>Self-Clean<\/strong><\/p><p><em>Mopping Pads Auto Washing<\/em><\/p><p><em>Mopping Pads Auto Drying <\/em><\/p>"}}},"block_order":["22f15d7b-f6c7-439b-8e7c-2626b88c2061"],"settings":{"page_title_enable":false,"page_content_enable":false,"overlaid_header":false}}},"content_for_index":[]},"presets":{"Classic":{"color_borders":"#e8e8e1","color_button":"#111111","color_button_text":"#ffffff","color_drawer_background":"#ffffff","color_drawer_text":"#000000","color_drawer_border":"#e8e8e1","color_drawer_button":"#111111","color_drawer_button_text":"#ffffff","color_footer":"#111111","color_footer_text":"#ffffff","color_image_1":"#000000","color_image_1_opacity":62,"color_image_2":"#000000","color_image_2_opacity":0,"color_small_image_bg":"#ffffff","color_large_image_bg":"#111111","type_header_spacing":"0","type_header_font_family":"itc_avant_garde_gothic_n7","type_header_base_size":35,"type_header_line_height":1.2,"type_header_accent_transform":true,"type_base_font_family":"futura_n4","type_base_spacing":"25","type_base_size":17,"type_base_line_height":1.6,"type_base_accent_transform":true,"icon_weight":"3px","icon_linecaps":"miter","animate_page_transitions":true,"animate_page_transition_style":"page-slow-fade","animate_sections":true,"animate_sections_background_style":"zoom-fade","animate_sections_text_style":"rise-up","animate_images":true,"animate_images_style":"zoom-fade","animate_buttons":true,"animate_underlines":true,"cart_type":"drawer","checkout_header_image":"","checkout_logo_image":"","checkout_logo_position":"left","checkout_logo_size":"medium","checkout_body_background_image":"","checkout_body_background_color":"#ffffff","checkout_input_background_color_mode":"white","checkout_sidebar_background_image":"","checkout_sidebar_background_color":"#fafafa","checkout_heading_font":"Helvetica Neue","checkout_body_font":"Helvetica Neue","checkout_accent_color":"#111111","checkout_button_color":"#111111","checkout_error_color":"#ff6d6d","color_image_bg":"#000000","color_input":"#ffffff","checkout_banner_background_color":"#ffffff","checkout_call_to_action_color":"#a26b25","checkout_use_header_image":false,"sections":{"header":{"type":"header","settings":{"main_menu_link_list":"main-menu","sticky_index":true,"sticky_collection":false,"show_announcement":true}},"footer":{"type":"footer","blocks":{"1494292481350":{"type":"logo_social","settings":{"container_width":20}},"1494292485313":{"type":"menu","settings":{"menu":"main-menu","container_width":20}},"1494292487693":{"type":"newsletter","settings":{"container_width":33}},"1494301487049":{"type":"menu","settings":{"menu":"footer","container_width":20}}},"block_order":["1494301487049","1494292485313","1494292487693","1494292481350"],"settings":{}}}},"Elegant":{"color_borders":"#e8e8e1","color_button":"#353956","color_button_text":"#ffffff","color_footer":"#17172c","color_footer_text":"#ffffff","color_drawer_background":"#ffffff","color_drawer_text":"#17172c","color_drawer_border":"#e8e8e1","color_drawer_button":"#353956","color_drawer_button_text":"#ffffff","color_modal_overlays":"#17172c","color_image_2":"#17172c","color_image_2_opacity":0,"color_image_1":"#17172c","color_image_1_opacity":32,"color_small_image_bg":"#f4f4f4","color_large_image_bg":"#17172c","type_header_spacing":"0","type_header_font_family":"bauer_bodoni_n7","type_header_base_size":42,"type_header_line_height":1.3,"type_base_font_family":"futura_n4","type_base_spacing":"25","type_base_size":17,"type_base_line_height":1.6,"icon_weight":"3px","icon_linecaps":"miter","animate_page_transitions":true,"animate_page_transition_style":"page-slow-fade","animate_sections":true,"animate_sections_background_style":"zoom-fade","animate_sections_text_style":"rise-up","animate_images":true,"animate_images_style":"zoom-fade","animate_buttons":true,"animate_underlines":true,"cart_type":"drawer","checkout_header_image":"","checkout_logo_image":"","checkout_logo_position":"left","checkout_logo_size":"medium","checkout_body_background_image":"","checkout_body_background_color":"#ffffff","checkout_input_background_color_mode":"white","checkout_sidebar_background_image":"","checkout_sidebar_background_color":"#fafafa","checkout_heading_font":"Helvetica Neue","checkout_body_font":"Helvetica Neue","checkout_accent_color":"#111111","checkout_button_color":"#111111","checkout_error_color":"#ff6d6d","color_image_bg":"#000000","color_input":"#ffffff","checkout_banner_background_color":"#ffffff","checkout_call_to_action_color":"#a26b25","checkout_use_header_image":false,"sections":{"header":{"type":"header","settings":{"main_menu_link_list":"main-menu","sticky_index":true,"sticky_collection":false,"show_announcement":true}},"footer":{"type":"footer","blocks":{"1494292481350":{"type":"logo_social","settings":{"container_width":20}},"1494292485313":{"type":"menu","settings":{"menu":"main-menu","container_width":20}},"1494292487693":{"type":"newsletter","settings":{"container_width":33}},"1494301487049":{"type":"menu","settings":{"menu":"footer","container_width":20}}},"block_order":["1494292481350","1494301487049","1494292485313","1494292487693"],"settings":{}}}},"Minimal":{"color_borders":"#f0f1f3","color_button":"#111111","color_button_text":"#ffffff","color_footer":"#f0f1f3","color_footer_text":"#2c2c2c","color_drawer_background":"#ffffff","color_drawer_text":"#000000","color_drawer_border":"#f0f1f3","color_drawer_button":"#111111","color_drawer_button_text":"#ffffff","color_modal_overlays":"#aeb1b8","color_image_2":"#000000","color_image_2_opacity":0,"color_image_1":"#000000","color_image_1_opacity":26,"color_small_image_bg":"#ffffff","color_large_image_bg":"#dedfe1","type_header_spacing":"50","type_header_font_family":"chivo_n7","type_header_base_size":34,"type_header_line_height":1.2,"type_header_accent_transform":true,"type_base_font_family":"neuzeit_office_n4","type_base_spacing":"25","type_base_size":16,"type_base_line_height":1.6,"type_base_accent_transform":true,"icon_weight":"2px","icon_linecaps":"round","animate_page_transitions":true,"animate_page_transition_style":"page-slide-reveal-down","animate_sections":true,"animate_sections_background_style":"zoom-fade","animate_sections_text_style":"rise-up","animate_images":true,"animate_images_style":"fade-in","animate_buttons":true,"animate_underlines":true,"cart_type":"drawer","checkout_header_image":"","checkout_logo_image":"","checkout_logo_position":"left","checkout_logo_size":"medium","checkout_body_background_image":"","checkout_body_background_color":"#ffffff","checkout_input_background_color_mode":"white","checkout_sidebar_background_image":"","checkout_sidebar_background_color":"#fafafa","checkout_heading_font":"Helvetica Neue","checkout_body_font":"Helvetica Neue","checkout_accent_color":"#111111","checkout_button_color":"#111111","checkout_error_color":"#ff6d6d","color_image_bg":"#000000","color_input":"#ffffff","checkout_banner_background_color":"#ffffff","checkout_call_to_action_color":"#a26b25","checkout_use_header_image":false,"sections":{"header":{"type":"header","settings":{"main_menu_link_list":"main-menu","sticky_index":false,"sticky_collection":false,"show_announcement":true}},"footer":{"type":"footer","blocks":{"1494292481350":{"type":"logo_social","settings":{"container_width":20}},"1494292485313":{"type":"menu","settings":{"menu":"main-menu","container_width":20}},"1494292487693":{"type":"newsletter","settings":{"container_width":33}},"1494301487049":{"type":"menu","settings":{"menu":"footer","container_width":20}}},"block_order":["1494292481350","1494301487049","1494292485313","1494292487693"],"settings":{}}}}}}