{"sections":{"1658893264281982bd":{"type":"apps","blocks":{"7abee4fa-1942-4952-a0fc-949eb4875859":{"type":"shopify:\/\/apps\/countdown-timer-bar\/blocks\/ctb-custom-placement\/f7b88b6e-2e87-46bc-87a9-3e3638a24fa9","settings":{}}},"block_order":["7abee4fa-1942-4952-a0fc-949eb4875859"],"settings":{"full_width":false,"space_around":true}},"1658893741cb94b14b":{"type":"Spring-Nav","disabled":true,"settings":{"title":"","subtitle":"","time_cat":"\"2022-07-31\""}},"slideshow":{"type":"slideshow","disabled":true,"blocks":{"slideshow-0":{"type":"image","settings":{"title":"Accessory Store","title_size":60,"subheading":"","link":"","link_text":"","text_align":"vertical-center horizontal-center","image":"shopify:\/\/shop_images\/ig_feed_1_v2.jpg.lin.jpg","overlay_opacity":0,"focal_point":"center center"}}},"block_order":["slideshow-0"],"settings":{"section_height":"450px","mobile_height":"auto","parallax":false,"style":"arrows","style_position":"right","autoplay":false,"autoplay_speed":7}},"main-collection":{"type":"main-collection","disabled":true,"blocks":{"collection_description":{"type":"collection_description","settings":{}},"product_grid":{"type":"product_grid","settings":{"collection_subnav_style":"inline","per_row":3,"mobile_flush_grid":false}}},"block_order":["collection_description","product_grid"],"settings":{"collection_image_enable":false,"collection_image_height":350,"parallax":false,"enable_sidebar":false,"collapsed":false,"enable_color_swatches":false,"enable_sort":false}},"1658901752fd511471":{"type":"featured-product","blocks":{"1658901752c26a17b8-0":{"type":"price","settings":{}},"31364faf-77db-4a51-9c9b-b5190bd03990":{"type":"custom","settings":{"code":"<h4> <span style=\"background:#5AC3DF;color:#ffffff;\">  &nbspExtra $55 Off    <\/span>&nbsp Coupon:<span  style=\"color:#5AC3DF;\"> 3IN150OFF <\/span><\/h4>\n<div>Limited-time Offer: 7.27 - 8.1<\/div>"}},"1658901752c26a17b8-3":{"type":"buy_buttons","settings":{"show_dynamic_checkout":true,"surface_pickup_enable":true}},"1658901752c26a17b8-1":{"type":"separator","settings":{}}},"block_order":["1658901752c26a17b8-0","31364faf-77db-4a51-9c9b-b5190bd03990","1658901752c26a17b8-3","1658901752c26a17b8-1"],"settings":{"featured_product":"yeedi-vac-2-pro-with-self-empty-station-bundle","divider":false,"sku_enable":false,"image_size":"small","product_zoom_enable":true,"thumbnail_position":"beside","thumbnail_arrows":false,"enable_video_looping":true,"product_video_style":"muted"}},"16589065757919dcfe":{"type":"featured-product","blocks":{"1658906575c35b559d-0":{"type":"price","settings":{}},"7aa132ff-d174-455a-9a6d-f9f8e8d9a4c6":{"type":"custom","settings":{"code":"<h4> <span style=\"background:#5AC3DF;color:#ffffff;\">  &nbspSave $165    <\/span>&nbsp Coupon:<span  style=\"color:#5AC3DF;\"> YEEDI22OFF <\/span><\/h4>\n<div>Limited-time Offer: 7.27 - 8.1<\/div>"}},"1658906575c35b559d-3":{"type":"buy_buttons","settings":{"show_dynamic_checkout":true,"surface_pickup_enable":true}},"1658906575c35b559d-1":{"type":"separator","disabled":true,"settings":{}}},"block_order":["1658906575c35b559d-0","7aa132ff-d174-455a-9a6d-f9f8e8d9a4c6","1658906575c35b559d-3","1658906575c35b559d-1"],"settings":{"featured_product":"yeedi-mop-station-pro","divider":false,"sku_enable":false,"image_size":"small","product_zoom_enable":true,"thumbnail_position":"beside","thumbnail_arrows":false,"enable_video_looping":true,"product_video_style":"muted"}},"165933332327ad00f9":{"type":"featured-product","blocks":{"1659333323a6f9428e-0":{"type":"price","settings":{}},"52edae46-e0cf-4624-9b8e-4d9b4dafff77":{"type":"custom","settings":{"code":"<h4> <span style=\"background:#5AC3DF;color:#ffffff;\">  &nbspExtra $22 Off    <\/span>&nbsp Coupon:<span  style=\"color:#5AC3DF;\"> 3IN122OFF <\/span><\/h4>\n<div>Limited-time Offer: 7.27 - 8.1<\/div>"}},"1659333323a6f9428e-3":{"type":"buy_buttons","settings":{"show_dynamic_checkout":true,"surface_pickup_enable":true}},"1659333323a6f9428e-1":{"type":"separator","disabled":true,"settings":{}}},"block_order":["1659333323a6f9428e-0","52edae46-e0cf-4624-9b8e-4d9b4dafff77","1659333323a6f9428e-3","1659333323a6f9428e-1"],"settings":{"featured_product":"yeedi-vac-station","divider":false,"sku_enable":false,"image_size":"small","product_zoom_enable":true,"thumbnail_position":"beside","thumbnail_arrows":false,"enable_video_looping":true,"product_video_style":"muted"}},"1659333459dec17083":{"type":"featured-product","blocks":{"1659333459ea9d23ac-0":{"type":"price","settings":{}},"e626b294-52a2-4782-9b86-545b608db7e7":{"type":"custom","settings":{"code":"<h4> <span style=\"background:#5AC3DF;color:#ffffff;\">  &nbspSave $99    <\/span>&nbsp Coupon:<span  style=\"color:#5AC3DF;\"> YEEDI22OFF <\/span><\/h4>\n<div>Limited-time Offer: 7.27 - 8.1<\/div>"}},"1659333459ea9d23ac-3":{"type":"buy_buttons","settings":{"show_dynamic_checkout":true,"surface_pickup_enable":true}},"1659333459ea9d23ac-1":{"type":"separator","settings":{}}},"block_order":["1659333459ea9d23ac-0","e626b294-52a2-4782-9b86-545b608db7e7","1659333459ea9d23ac-3","1659333459ea9d23ac-1"],"settings":{"featured_product":"yeedi-vac-2-pro","divider":false,"sku_enable":false,"image_size":"small","product_zoom_enable":true,"thumbnail_position":"beside","thumbnail_arrows":false,"enable_video_looping":true,"product_video_style":"muted"}},"1640655317192b163f":{"type":"featured-collections","disabled":true,"blocks":{"1640655317d74af89e-2":{"type":"collection","settings":{"collection":"yeedi-vac-series-1","focal_point":"center center","size":"wide"}},"1640655317d74af89e-1":{"type":"collection","settings":{"collection":"k650","focal_point":"80% 50%","size":"square-small"}}},"block_order":["1640655317d74af89e-2","1640655317d74af89e-1"],"settings":{"title":"Choose your model","divider":false,"enable_gutter":false}},"featured-collection":{"type":"featured-collection","disabled":true,"settings":{"title":"ALL 22% OFF","home_featured_products":"yeedi-flashsale","per_row":3,"rows":1,"view_all":false,"divider":false}},"16541496027f091251":{"type":"featured-collection","disabled":true,"settings":{"title":"yeedi vac 2 series Accessories","home_featured_products":"yeedi-vac-2-series-accessories","per_row":4,"rows":1,"view_all":true,"divider":false}},"featured-collection2":{"type":"featured-collection","disabled":true,"settings":{"title":"yeedi k650 Accessories","home_featured_products":"k650","per_row":4,"rows":1,"view_all":true,"divider":false}},"featured-collection3":{"type":"featured-collection","disabled":true,"settings":{"title":"Check The New Robots","home_featured_products":"all-vacuum","per_row":5,"rows":1,"view_all":true,"divider":false}}},"order":["1658893264281982bd","1658893741cb94b14b","slideshow","main-collection","1658901752fd511471","16589065757919dcfe","165933332327ad00f9","1659333459dec17083","1640655317192b163f","featured-collection","16541496027f091251","featured-collection2","featured-collection3"]}