{"sections":{"165889067087173ec3":{"type":"vac-srobot-banner","settings":{"image":"shopify:\/\/shop_images\/Group_150_0f33828c-3438-4626-a49a-29cd4c8fff6e.png","image_mb":"shopify:\/\/shop_images\/Group_150_1_c5c27b9f-ede4-437c-b011-8fd25ea8f7ae.png","title":"yeedi vac series robot","text":""}},"1658901005ae238fa9":{"type":"vac_srobot_collection","settings":{"title":"","text":"","per_row":3,"collection":"yeedi-vac-series"}},"1658973315e786aca3":{"type":"vac_srobot_video","settings":{"title":"","title_size":80,"subheading":"The yeedi vac 2 pro. Now, all clear!","link_text":"","link":"","text_align":"vertical-center horizontal-center","video_url":"https:\/\/www.youtube.com\/watch?v=WuX-duSip9U","overlay_opacity":0,"section_height":"650px","mobile_height":"auto"}},"1658974468134ad1ce":{"type":"vac_srobot_imgtext","blocks":{"9f30ca8d-20c2-4b42-9ca2-4e3c60065256":{"type":"image","settings":{"image":"shopify:\/\/shop_images\/imgtext01_01ade854-16a7-4327-b0ee-dfca9613e208.png","image_mb":"shopify:\/\/shop_images\/mb-imgtext01_e1b9b90f-3265-41cb-b728-2c9c51182ece.png","title":"One-Click Emptying in 30 Days","text":"yeedi's 2.5L dust bag seals up to 30 days worth of dust in place so you can forget about vacuuming for a whole month.","link":"#"}},"a959a5fa-98bd-446b-8e91-8aa242e9ac3f":{"type":"image","settings":{"image":"shopify:\/\/shop_images\/imgtext02_60b874b3-b02f-4a03-b81f-eb8773a7e4ea.png","image_mb":"shopify:\/\/shop_images\/mb-imgtext02_8c7c12a8-9196-4d69-b099-dce17ddd064b.png","title":"Customizable Settings","text":"Set the self-emptying frequency between Standard, High Frequency, and Do Not Disturb modes as per your needs.","link":""}},"faa44999-64b4-4d5b-bb7d-40dfcbc69453":{"type":"image","settings":{"image":"shopify:\/\/shop_images\/imgtext03_a96e22a9-504f-4921-8d0a-1973b844f6d1.png","image_mb":"shopify:\/\/shop_images\/mb-imgtext03_f5994c18-6203-41b8-8471-ccbe2e25baf6.png","title":"Self-Empties the Dustbin","text":"No more frequent dustbin emptying. yeedi self-empty station automatically cleans the dustbin for a truly hands-free cleaning experience.","link":""}}},"block_order":["9f30ca8d-20c2-4b42-9ca2-4e3c60065256","a959a5fa-98bd-446b-8e91-8aa242e9ac3f","faa44999-64b4-4d5b-bb7d-40dfcbc69453"],"settings":{}},"16593319824cf22a4b":{"type":"vac-srobot_compareform","blocks":{"44c1ef4b-34e6-4852-85de-2acf76c8162a":{"type":"text","settings":{"image":"shopify:\/\/shop_images\/vac2-pro_4479d528-1ce4-4c56-ac40-0abba4b26915.png","title":"yeedi vac 2 pro","featured":"Oscillatiing Mopping & 3D Obstacle Avoidance","suction_power":"3000Pa","dustbin_capacity":"420ml","runtime":"220mins","tangle_freebrush":"no","mop":"Mopping","water_tank":"240ml","carpet_detector":"","anti_drop":"","auto_recharge":"","voice_control":"Amazon Alexa \/ Google Home Assistant","app":"Scheduling, Area Cleaning, Room Cleaning, Virtual Boundary","auto_carpet_turbro":"","smart_mapping":"","obstacle":"","self_empty":"(Compatible with yeedi Self-Empty Station available in yeedi Store)"}},"0b897bcf-c0ad-4a7a-8f63-e2d6bf9aa904":{"type":"text","settings":{"image":"shopify:\/\/shop_images\/vac-station_a50943fe-3a85-4a74-a21a-a2e1b8905626.png","title":"yeedi vac station","featured":"Self-Empty Robot Vacuum & Mop","suction_power":"3000Pa","dustbin_capacity":"450ml + 2.5L Dust Bag","runtime":"200mins","tangle_freebrush":"no","mop":"Long-lasting Mopping","water_tank":"240ml","carpet_detector":"yes","anti_drop":"yes","auto_recharge":"yes","voice_control":"Amazon Alexa \/ Google Home Assistant","app":"Scheduling, Area Cleaning, Room Cleaning, Virtual Boundary","auto_carpet_turbro":"yes","smart_mapping":"yes","obstacle":"no","self_empty":"Automatically Empty the DustbinHold Up to 30 Days of Dirt and Debris"}},"11c38a80-80ba-470a-b75f-7293a52d0941":{"type":"text","settings":{"image":"shopify:\/\/shop_images\/vac-max_b4f145c4-b530-4249-a5b2-953ac7164c64.png","title":"yeedi vac max","featured":"Powerful Vacuum Mop Combo","suction_power":"3000Pa","dustbin_capacity":"420ml","runtime":"200mins","tangle_freebrush":"yes","mop":"Long-lasting Mopping","water_tank":"240ml","carpet_detector":"yes","anti_drop":"yes","auto_recharge":"yes","voice_control":"Amazon Alexa \/ Google Home Assistant","app":"Scheduling, Area Cleaning, Room Cleaning, Virtual Boundary","auto_carpet_turbro":"yes","smart_mapping":"yes","obstacle":"no","self_empty":"(Compatible with yeedi Self-Empty Station available in yeedi Store)"}},"1781e4a2-3244-4468-a164-ca50dff32039":{"type":"text","settings":{"image":"shopify:\/\/shop_images\/vac-hybrid_4cfcab5a-75c7-4168-808d-fb0809f489fd.png","title":"yeedi vac hybrid","featured":"Smart Cleaning for Apartments","suction_power":"2300Pa","dustbin_capacity":"450ml","runtime":"110mins","tangle_freebrush":"no","mop":"Optional (Available in yeedi Store)","water_tank":"Optional (Available in yeedi Store)","carpet_detector":"yes","anti_drop":"yes","auto_recharge":"yes","voice_control":"Amazon Alexa \/ Google Home Assistant \/yandex Alice","app":"Scheduling, Area Cleaning, Room Cleaning, Virtual Boundary","auto_carpet_turbro":"no","smart_mapping":"yes","obstacle":"no","self_empty":"(Compatible with yeedi Self-Empty Station available in yeedi Store)"}}},"block_order":["44c1ef4b-34e6-4852-85de-2acf76c8162a","0b897bcf-c0ad-4a7a-8f63-e2d6bf9aa904","11c38a80-80ba-470a-b75f-7293a52d0941","1781e4a2-3244-4468-a164-ca50dff32039"],"settings":{"title":"Which yeedi Is Right for You"}},"1659065762476324af":{"type":"vac_srobot_titletext-bg","blocks":{"15685ef4-a119-45d3-a0f6-d7b13f0cc341":{"type":"text","settings":{"title":"","text":"Our vacuum mop combos offer a great solution for those in need of a hard floor cleaner, but without the stress of doing much yourself. Why? We make robot vacuum cleaners for your smart home lifestyle. Buy from our award-winning range of vacuum mops below."}},"7719996d-bd74-4d64-b2bf-a8f63faa1ffa":{"type":"text","settings":{"title":"What is a vacuum mop?","text":"<p>Vacuum mops combine the tasks of vacuuming and mopping, saving users hours of cleaning every week. The best vacuum and mops are great for people who like to spend less time cleaning.<\/p>\n<p>Using any of these vacuum and mop combos will make your cleaning life easier.<\/p>\n<p>A vacuum mop is a hard floor cleaner using a moisture mop pad while also hoovering up dust and debris. They are great for solid surfaces such as laminate, hardwood, or amtico. No loft living lifestyle is complete without a robot vacuum mop combo to do the chores. <\/p>"}},"fccedef5-4a7b-4200-80c3-97aa024d2848":{"type":"text","settings":{"title":"How do robot vacuum mops work?","text":"By using a mopping pad with a water tank it works within its operating boundary, the vacuum mop is able to treat and clean the hard floors it touches while at the same time utilizing its motor to suck up debris, dust, and anything else your floors accumulate. The beauty of our vacuum mop combos is they are robotic and therefore don't need much more than being taken care of, fully charged and not attacked by other robots."}}},"block_order":["15685ef4-a119-45d3-a0f6-d7b13f0cc341","7719996d-bd74-4d64-b2bf-a8f63faa1ffa","fccedef5-4a7b-4200-80c3-97aa024d2848"],"settings":{"block_css_name":"special-bg"}},"165897915058fad647":{"type":"vac_srobot_accessories","blocks":{"f9f1d415-b6ac-4a16-9e81-74a270fa9e02":{"type":"image","settings":{"image":"shopify:\/\/shop_images\/accessories01_3c002c12-31b5-4e9e-a2b4-9769cc9bdcb0.png","title":"Self- Empty Station","price":"$179.99","oldprice":"$199.99","link":""}},"d95a5891-4f09-4a9c-9400-3bab74ed2b28":{"type":"image","settings":{"image":"shopify:\/\/shop_images\/washable-mopping-pads-for-yeedi-vac-yeedi-vac-max-yeedi-vac-station-30199078781085_1800x1800_166f8a05-d997-4c3d-881a-b4b77934680a.png","title":"Washable<br class=\"br_pc\"> Mopping Pads","price":"$19.99","oldprice":"","link":""}},"39368ec5-f8d3-491e-b5d1-0f80d0a81091":{"type":"image","settings":{"image":"shopify:\/\/shop_images\/yeedi-vac-station-dust-bag-31862077194397_1800x1800_9aa846a6-89f3-4719-a6eb-c325f49f576b.png","title":"Dust Bag","price":"$16.99","oldprice":"","link":""}},"4eb30d24-0175-4242-9a1e-b88def2b6880":{"type":"image","settings":{"image":"shopify:\/\/shop_images\/accessories-for-yeedi-vac-yeedi-vac-max-yeedi-vac-station-30199077339293_1800x1800_20ca372b-27c7-4fc0-bc2d-71462ec705df.png","title":"Brush &amp; Filter Kit","price":"$29.99","oldprice":"","link":""}},"9eacf4af-5317-4c32-8350-ee35ecfcab45":{"type":"image","settings":{"image":"shopify:\/\/shop_images\/disposable-microfiber-mopping-pads-for-yeedi-vac-yeedi-vac-max-yeedi-vac-station-30199076257949_1800x1800_24554b11-3753-4f4a-947f-c5d2e27116d7.png","title":"Disposable<br class=\"br_pc\"> Mopping Pads","price":"$16.99","oldprice":"","link":""}}},"block_order":["f9f1d415-b6ac-4a16-9e81-74a270fa9e02","d95a5891-4f09-4a9c-9400-3bab74ed2b28","39368ec5-f8d3-491e-b5d1-0f80d0a81091","4eb30d24-0175-4242-9a1e-b88def2b6880","9eacf4af-5317-4c32-8350-ee35ecfcab45"],"settings":{"title":"Accessories","btn":"View More >","link":"#"}},"165900808386c0b50a":{"type":"vac_srobot_bgtext","blocks":{"c82e5689-4f3c-4afb-8b6c-2505aa8f5a39":{"type":"image","settings":{"image":"shopify:\/\/shop_images\/vac_srobot_bg_f1481f7d-ef37-44fe-b56c-f76c441828eb.png","image_mb":"shopify:\/\/shop_images\/mb-vac_srobot_bg_184f43a9-8d82-4e4c-8dbe-ccbb6442aa74.png","title":"Why Choose us","text":"Lorem ipsum dolor sit amet, consectetur adipiscing elit. Congue maecenas eleifend at diam nulla ornare vitae pellentesque.Lorem ipsum dolor sit amet, consectetur adipiscing elit. Congue maecenas eleifend at diam nulla ornare vitae pellentesque.","btn":"Learn More","link":"","text_color":"#ffffff","text_align":"center","content_x_position":50,"content_y_position":80,"content_y_position_mb":88}}},"block_order":["c82e5689-4f3c-4afb-8b6c-2505aa8f5a39"],"settings":{"margin_top":0}},"16590597726d66a07e":{"type":"vac_srobot_reviews","blocks":{"16590597727cd0743b-0":{"type":"reviews","settings":{"title":"Customer reviews","review_image":"shopify:\/\/shop_images\/review-left-img_b7038e83-7390-45ef-be13-7e9c18df68cf.png","icon":"5-stars","review_title":"A great help","testimonial":"<p>It is awesome , took me two days to get it all under control：）We can finally keep our floors clean with 3kids .I give this product two thumbs up! I consider it the best purchase I’ve made in a long, long time. This combined with the floor cleaner with wave in its name have reduced the amount of time I spend cleaning the floors. I was dust mopping twice a day, but now there is no need. <\/p>","author":"Eddie Johnson"}},"377860c5-f639-4621-a090-4ec3eec05abb":{"type":"reviews","settings":{"title":"Customer reviews","review_image":"shopify:\/\/shop_images\/review-left-img_b7038e83-7390-45ef-be13-7e9c18df68cf.png","icon":"4.5-stars","review_title":"A great help Test","testimonial":"<p>It is awesome , took me two days to get it all under control：）We can finally keep our floors clean with 3kids .I give this product two thumbs up! I consider it the best purchase I’ve made in a long, long time. This combined with the floor cleaner with wave in its name have reduced the amount of time I spend cleaning the floors. I was dust mopping twice a day, but now there is no need. <\/p>","author":"Eddie Johnson"}}},"block_order":["16590597727cd0743b-0","377860c5-f639-4621-a090-4ec3eec05abb"],"settings":{}},"1659010981c0c98ad6":{"type":"vac_srobot_titletext","blocks":{"b722a1e2-e9c9-4945-86b7-dfcacbbc6c77":{"type":"text","settings":{"title":"","text":"Our vacuum mop combos offer a great solution for those in need of a hard floor cleaner, but without the stress of doing much yourself. Why? We make robot vacuum cleaners for your smart home lifestyle. Buy from our award-winning range of vacuum mops below."}},"7070fa61-e04c-48d5-ab42-5f066fb3802f":{"type":"text","settings":{"title":"What is a vacuum mop?","text":"<p>Vacuum mops combine the tasks of vacuuming and mopping, saving users hours of cleaning every week. The best vacuum and mops are great for people who like to spend less time cleaning.<\/p>\n<p>Using any of these vacuum and mop combos will make your cleaning life easier.<\/p>\n<p>A vacuum mop is a hard floor cleaner using a moisture mop pad while also hoovering up dust and debris. They are great for solid surfaces such as laminate, hardwood, or amtico. No loft living lifestyle is complete without a robot vacuum mop combo to do the chores. <\/p>"}},"cf2d497e-44fc-41bb-ac5e-7b9dc8958c73":{"type":"text","settings":{"title":"How do robot vacuum mops work?","text":"By using a mopping pad with a water tank it works within its operating boundary, the vacuum mop is able to treat and clean the hard floors it touches while at the same time utilizing its motor to suck up debris, dust, and anything else your floors accumulate. The beauty of our vacuum mop combos is they are robotic and therefore don't need much more than being taken care of, fully charged and not attacked by other robots."}}},"block_order":["b722a1e2-e9c9-4945-86b7-dfcacbbc6c77","7070fa61-e04c-48d5-ab42-5f066fb3802f","cf2d497e-44fc-41bb-ac5e-7b9dc8958c73"],"settings":{"block_css_name":"write-bg"}},"1659948464e4b224e6":{"type":"vac_srobot_featured_product","settings":{"image":"shopify:\/\/shop_images\/productlist-image_ffc1649b-db25-4cff-9dcb-da74ff97b6b2.png","title":"yeedi vac 2 pro","content":"Lorem ipsum dolor sit amet, consectetur adipiscing elit. Condimentum dolor aliquam purus diam condimentum. Quisque sed magna id ullamcorper blandit viverra euismod morbi cursus. Odio justo, quam lectus pharetra hac sagittis. Turpis consequat tristique at eu.","code":"SUMMER2OSAVE","btn01":"<span class=\"old-price\">$499.99<\/span>\n<span class=\"price\">$429.99<\/span>","btn_link01":"#","btn02":"<span class=\"price\">$429.99<\/span>","btn_link02":"#","btn03":"<span class=\"price\">$429.99<\/span>","btn_link03":"#"}},"1659078314eefb07f3":{"type":"vac_srobot_productlist","blocks":{"cab7da25-19ef-4f7e-86c1-5a355bff0497":{"type":"text","settings":{"image":"shopify:\/\/shop_images\/productlist01_f284f36a-edbf-4988-9e24-dda30dd2e2c5.png","title":"yeedi vac 2 pro","content":"Oscillatiing Mopping &amp; 3D Obstacle Avoidance","btn":"$50 off at Target","btn_link":"#"}},"e50e788f-42ab-4464-acc8-8ca0fa5a14d6":{"type":"text","settings":{"image":"shopify:\/\/shop_images\/productlist02_257b79d6-1cdd-46a3-9c10-20ca2e8f377c.png","title":"yeedi vac station","content":"Self-Empty Robot Vacuum &amp; Mop","btn":"$429.99 at Target","btn_link":"#"}},"11b0aa3a-8049-4922-9adc-8237504282e8":{"type":"text","settings":{"image":"shopify:\/\/shop_images\/productlist03_df801574-cc46-4d51-ad7c-c64f5f5d56d1.png","title":"yeedi vac max","content":"Powerful Vacuum Mop Combo","btn":"$299.99 at Amazon","btn_link":"#"}},"ae1eb87d-aece-4624-a72f-3058f67c65e1":{"type":"text","settings":{"image":"shopify:\/\/shop_images\/productlist04_e454c56a-e2bd-4e0f-b4f0-b17717e42263.png","title":"yeedi vac hybrid","content":"Smart Cleaning for Apartments","btn":"$399.99 at yeedi","btn_link":"#"}}},"block_order":["cab7da25-19ef-4f7e-86c1-5a355bff0497","e50e788f-42ab-4464-acc8-8ca0fa5a14d6","11b0aa3a-8049-4922-9adc-8237504282e8","ae1eb87d-aece-4624-a72f-3058f67c65e1"],"settings":{}},"1659058535efee9008":{"type":"vac_srobot_titletext","blocks":{"4c72cceb-33d2-405c-b4cf-5774eb008149":{"type":"text","settings":{"title":"","text":"Our vacuum mop combos offer a great solution for those in need of a hard floor cleaner, but without the stress of doing much yourself. Why? We make robot vacuum cleaners for your smart home lifestyle. Buy from our award-winning range of vacuum mops below."}},"fcf08a58-5a8e-4de1-ab2f-dd3b66b1e173":{"type":"text","settings":{"title":"What is a vacuum mop?","text":"<p>Vacuum mops combine the tasks of vacuuming and mopping, saving users hours of cleaning every week. The best vacuum and mops are great for people who like to spend less time cleaning.<\/p>\n<p>Using any of these vacuum and mop combos will make your cleaning life easier.<\/p>\n<p>A vacuum mop is a hard floor cleaner using a moisture mop pad while also hoovering up dust and debris. They are great for solid surfaces such as laminate, hardwood, or amtico. No loft living lifestyle is complete without a robot vacuum mop combo to do the chores. <\/p>"}},"8faa7fb4-049c-456e-a827-c1d325ca0d30":{"type":"text","settings":{"title":"How do robot vacuum mops work?","text":"By using a mopping pad with a water tank it works within its operating boundary, the vacuum mop is able to treat and clean the hard floors it touches while at the same time utilizing its motor to suck up debris, dust, and anything else your floors accumulate. The beauty of our vacuum mop combos is they are robotic and therefore don't need much more than being taken care of, fully charged and not attacked by other robots."}}},"block_order":["4c72cceb-33d2-405c-b4cf-5774eb008149","fcf08a58-5a8e-4de1-ab2f-dd3b66b1e173","8faa7fb4-049c-456e-a827-c1d325ca0d30"],"settings":{"block_css_name":""}},"16590587226d6d86b0":{"type":"vac_srobot_titletext","blocks":{"f7940ea8-3498-4813-9054-8b2b3cbb2212":{"type":"text","settings":{"title":"","text":"Our vacuum mop combos offer a great solution for those in need of a hard floor cleaner, but without the stress of doing much yourself. Why? We make robot vacuum cleaners for your smart home lifestyle. Buy from our award-winning range of vacuum mops below."}},"044eadc7-cef4-4fe5-a705-0e3d0d955449":{"type":"text","settings":{"title":"What is a vacuum mop?","text":"<p>Vacuum mops combine the tasks of vacuuming and mopping, saving users hours of cleaning every week. The best vacuum and mops are great for people who like to spend less time cleaning.<\/p>\n<p>Using any of these vacuum and mop combos will make your cleaning life easier.<\/p>\n<p>A vacuum mop is a hard floor cleaner using a moisture mop pad while also hoovering up dust and debris. They are great for solid surfaces such as laminate, hardwood, or amtico. No loft living lifestyle is complete without a robot vacuum mop combo to do the chores. <\/p>"}},"1524c71c-9e2f-415d-81ea-9e2b8faff995":{"type":"text","settings":{"title":"How do robot vacuum mops work?","text":"By using a mopping pad with a water tank it works within its operating boundary, the vacuum mop is able to treat and clean the hard floors it touches while at the same time utilizing its motor to suck up debris, dust, and anything else your floors accumulate. The beauty of our vacuum mop combos is they are robotic and therefore don't need much more than being taken care of, fully charged and not attacked by other robots."}}},"block_order":["f7940ea8-3498-4813-9054-8b2b3cbb2212","044eadc7-cef4-4fe5-a705-0e3d0d955449","1524c71c-9e2f-415d-81ea-9e2b8faff995"],"settings":{"block_css_name":"border-green"}}},"order":["165889067087173ec3","1658901005ae238fa9","1658973315e786aca3","1658974468134ad1ce","16593319824cf22a4b","1659065762476324af","165897915058fad647","165900808386c0b50a","16590597726d66a07e","1659010981c0c98ad6","1659948464e4b224e6","1659078314eefb07f3","1659058535efee9008","16590587226d6d86b0"]}