{"sections":{"main-collection":{"type":"main-collection","blocks":{"product_grid":{"type":"product_grid","settings":{"collection_subnav_style":"none","per_row":4,"mobile_flush_grid":true}},"collection_description":{"type":"collection_description","settings":{}}},"block_order":["product_grid","collection_description"],"settings":{"collection_image_enable":false,"collection_image_height":750,"parallax":false,"enable_sidebar":true,"collapsed":false,"enable_color_swatches":false,"enable_sort":true}}},"order":["main-collection"]}