{"sections":{"slideshow":{"type":"slideshow","blocks":{"slideshow-0":{"type":"image","settings":{"title":"Accessory Store","title_size":60,"subheading":"","link":"","link_text":"","text_align":"vertical-center horizontal-center","image":"shopify:\/\/shop_images\/ig_feed_1_v2.jpg.lin.jpg","overlay_opacity":0,"focal_point":"center center"}}},"block_order":["slideshow-0"],"settings":{"section_height":"450px","mobile_height":"auto","parallax":false,"style":"arrows","style_position":"right","autoplay":false,"autoplay_speed":7}},"main-collection":{"type":"main-collection","disabled":true,"blocks":{"collection_description":{"type":"collection_description","disabled":true,"settings":{}},"product_grid":{"type":"product_grid","disabled":true,"settings":{"collection_subnav_style":"inline","per_row":4,"mobile_flush_grid":false}}},"block_order":["collection_description","product_grid"],"settings":{"collection_image_enable":false,"collection_image_height":350,"parallax":false,"enable_sidebar":false,"collapsed":false,"enable_color_swatches":false,"enable_sort":false}},"1640655317192b163f":{"type":"featured-collections","disabled":true,"blocks":{"1640655317d74af89e-2":{"type":"collection","settings":{"collection":"yeedi-vac-series-1","focal_point":"center center","size":"wide"}},"1640655317d74af89e-0":{"type":"collection","settings":{"collection":"k600","focal_point":"80% 50%","size":"square-small"}},"1640655317d74af89e-1":{"type":"collection","settings":{"collection":"k650","focal_point":"80% 50%","size":"square-small"}}},"block_order":["1640655317d74af89e-2","1640655317d74af89e-0","1640655317d74af89e-1"],"settings":{"title":"Choose your model","divider":false,"enable_gutter":false}},"featured-collection":{"type":"featured-collection","settings":{"title":"yeedi vac series Accessories","home_featured_products":"yeedi-vac-series-1","per_row":4,"rows":1,"view_all":true,"divider":false}},"16541496027f091251":{"type":"featured-collection","settings":{"title":"yeedi vac 2 series Accessories","home_featured_products":"yeedi-vac-2-series-accessories","per_row":4,"rows":1,"view_all":true,"divider":false}},"featured-collection2":{"type":"featured-collection","settings":{"title":"yeedi k650 Accessories","home_featured_products":"k650","per_row":4,"rows":1,"view_all":true,"divider":false}},"16396263212fd77582":{"type":"featured-collection","settings":{"title":"yeedi k600 Accessories","home_featured_products":"k600","per_row":4,"rows":1,"view_all":true,"divider":false}},"1639626313c30636ae":{"type":"featured-collection","settings":{"title":"yeedi k700 Accessories","home_featured_products":"k700-accessories","per_row":4,"rows":1,"view_all":true,"divider":false}},"featured-collection3":{"type":"featured-collection","settings":{"title":"Check The New Robots","home_featured_products":"all-vacuum","per_row":5,"rows":1,"view_all":true,"divider":false}}},"order":["slideshow","main-collection","1640655317192b163f","featured-collection","16541496027f091251","featured-collection2","16396263212fd77582","1639626313c30636ae","featured-collection3"]}