{"sections":{"hero-video":{"type":"hero-video","disabled":true,"settings":{"title":"yeedi vac 2 pro","title_size":60,"subheading":"Clear up the mess, clear of obstacle.","link_text":"Learn More","link":"shopify:\/\/products\/yeedi-vac-2-pro","text_align":"vertical-center horizontal-center","video_url":"https:\/\/cdn.shopify.com\/s\/files\/1\/0524\/3643\/5101\/files\/vac-2-pro-video-PC.mp4?v=1652665955","overlay_opacity":0,"section_height":"100vh","mobile_height":"500px"}},"165828159282677513":{"type":"hero-video","disabled":true,"settings":{"title":"yeedi mop station pro","title_size":60,"subheading":"Built-in “Washing Machine” for Your Mops","link_text":"Learn More","link":"https:\/\/www.yeedi.com\/products\/yeedi-mop-station-pro?utm_source=homepage&utm_medium=videohero","text_align":"vertical-center horizontal-center","video_url":"https:\/\/cdn.shopify.com\/videos\/c\/o\/v\/e132fec9139e4011b8cc312ac117c3ff.mp4","overlay_opacity":0,"section_height":"100vh","mobile_height":"500px"}},"1639550037e7e18e2e":{"type":"slideshow","blocks":{"163955003710ae0a5c-1":{"type":"image","settings":{"title":"","title_size":48,"subheading":"","link":"https:\/\/www.yeedi.com\/products\/yeedi-vac-2-pro-with-self-empty-station-bundle?utm_source=homepage&utm_medium=banner","link_text":"","text_align":"vertical-bottom horizontal-right","image":"shopify:\/\/shop_images\/Banner-PC-K950Bundle-01-22.08.03.jpg","image_mobile":"shopify:\/\/shop_images\/Banner-mobile-K950Bundle-01-22.08.03.jpg","overlay_opacity":0,"focal_point":"top center"}},"07065ef0-d830-45fc-b522-02cd114ff452":{"type":"image","disabled":true,"settings":{"title":"yeedi mop station pro","title_size":55,"subheading":"|NEW| Pro Mop Made Possible","link":"shopify:\/\/products\/yeedi-mop-station-pro","link_text":"Shop Now","text_align":"vertical-bottom horizontal-right","image":"shopify:\/\/shop_images\/pc.jpg","image_mobile":"shopify:\/\/shop_images\/APP_e23040ba-30d9-4034-80ab-35876725b94f.jpg","overlay_opacity":0,"focal_point":"center center"}},"163955003710ae0a5c-0":{"type":"image","disabled":true,"settings":{"title":"yeedi vac 2 pro","title_size":55,"subheading":"Clear up the mess, clear of obstacles.","link":"shopify:\/\/products\/yeedi-vac-2-pro","link_text":"Shop Now","text_align":"vertical-bottom horizontal-right","image":"shopify:\/\/shop_images\/vac-2-pro-banner-us-pc.jpg","image_mobile":"shopify:\/\/shop_images\/vac-2-pro-banner-us-mobile.webp","overlay_opacity":0,"focal_point":"20% 50%"}}},"block_order":["163955003710ae0a5c-1","07065ef0-d830-45fc-b522-02cd114ff452","163955003710ae0a5c-0"],"settings":{"section_height":"natural","mobile_height":"auto","parallax":false,"style":"dots","style_position":"center","autoplay":false,"autoplay_speed":9}},"featured-collections":{"type":"featured-collections","blocks":{"1499789718857-1":{"type":"collection","settings":{"collection":"vacuum-and-mop-combos","focal_point":"center center","size":"wide"}},"1499789718857-0":{"type":"collection","settings":{"collection":"smart-vacuums","focal_point":"center center","size":"wide"}},"81769412-591c-4ae0-8526-d8588e745f37":{"type":"collection","settings":{"collection":"yeedi-vac-series","focal_point":"center center","size":"wide"}},"1499789718857-2":{"type":"collection","settings":{"collection":"vacuums-for-pet-hair","focal_point":"center center","size":"wide"}}},"block_order":["1499789718857-1","1499789718857-0","81769412-591c-4ae0-8526-d8588e745f37","1499789718857-2"],"settings":{"title":"","divider":false,"enable_gutter":true}},"featured-collection-switcher":{"type":"featured-collection-switcher","settings":{"title":"Most popular","collection1":"vacuum-and-mop-combos","collection2":"vacuums-for-pet-hair","per_row":3,"view_all":true,"divider":false}},"16397200402059e58e":{"type":"logo-list","disabled":true,"blocks":{"16397200405212a84a-2":{"type":"logo_image","settings":{"image":"shopify:\/\/shop_images\/31jrwui2AFL.jpg","link":""}},"16397200405212a84a-3":{"type":"logo_image","settings":{"image":"shopify:\/\/shop_images\/Digital_Trends.png","link":""}},"f97dbd6b-bd37-4875-879f-af6a732b378d":{"type":"logo_image","settings":{"image":"shopify:\/\/shop_images\/download_becf5931-03ea-4617-b07f-72a222304402.png","link":""}},"16397200405212a84a-1":{"type":"logo_image","settings":{"image":"shopify:\/\/shop_images\/PCMag_d36cb99b-4213-4558-857a-0f674a25b455.png","link":""}},"df0b0abd-590c-45f9-a1ba-a912c9af1dba":{"type":"logo_image","settings":{"image":"shopify:\/\/shop_images\/download.png","link":""}}},"block_order":["16397200405212a84a-2","16397200405212a84a-3","f97dbd6b-bd37-4875-879f-af6a732b378d","16397200405212a84a-1","df0b0abd-590c-45f9-a1ba-a912c9af1dba"],"settings":{"title":"Featured by","logo_opacity":90,"divider":false}},"16395502741389b141":{"type":"text-and-image","settings":{"image":"shopify:\/\/shop_images\/Multi_Polaroid_Template_Instagram_Story_4_x_5_in.png","image_width":500,"subtitle":"WHY YEEDI","title":"Choice of Modern Family","text":"<p>In a world of overpriced robot vacuums that don’t meet your needs, yeedi is here to bring ease and fun into your cleaning routine through advanced robotic vacuum technology.<\/p><p>Our vac series offers a range of options for modern homeowners who want an easier way to clean their living spaces. From <a href=\"https:\/\/www.yeedi.com\/products\/yeedi-vac-station\" title=\"yeedi vac station\">self emptying robot vacuums<\/a> to <a href=\"https:\/\/www.yeedi.com\/collections\/vacuum-and-mop-combos\" title=\"Vacuum Mop Combos\">hard floor cleaner vacuum mops<\/a>, down to solutions for a hairy cat with our <a href=\"https:\/\/www.yeedi.com\/collections\/vacuums-for-pet-hair\" title=\"Robot Vacuums For Pet Hair\">pet hair vacuum cleaners<\/a>.<\/p>","button_label":"Shop the Best Seller","button_link":"shopify:\/\/products\/yeedi-vac-station","button_style":"primary","align_text":"left","layout":"right","divider":false}},"16395507764da0f5a7":{"type":"text-and-image","settings":{"image":"shopify:\/\/shop_images\/yeedi_reddot.jpg","image_width":500,"subtitle":"ABOUT yeedi","title":"yeedi Robot Vacuums and Mops","text":"<p>yeedi is an up and coming robot vacuums brand founded in 2019.<\/p><p>In 2020, <a href=\"https:\/\/www.yeedi.com\/products\/yeedi-k650\" target=\"_blank\" title=\"yeedi k650\"><strong>yeedi k650<\/strong><\/a> was awarded as \"<strong>the best robotic vacuum cleaner for pet hair\"<\/strong><em><strong> <\/strong><\/em>by <strong>Digital Trends, Wired and PCMag.<\/strong> In 2021, yeedi’s self-empty robot vacuum & mop,<a href=\"https:\/\/www.yeedi.com\/products\/yeedi-vac-station\" target=\"_blank\" title=\"yeedi vac station\"> <strong>yeedi vac station<\/strong><\/a><strong> <\/strong>won the prestigious<strong> Reddot Design Award<\/strong> and ranked <strong>No. 1 on Amazon’s Best New Release<\/strong> on the launch day.<\/p>","button_label":"Read More","button_link":"shopify:\/\/pages\/brand-story","button_style":"primary","align_text":"left","layout":"left","divider":false}},"1640607937ef41f4c6":{"type":"apps","blocks":{"418a553a-893d-48b9-b902-b1dba7efecce":{"type":"shopify:\/\/apps\/instafeed-instagram-feed\/blocks\/app-block\/c447db20-095d-4a10-9725-b5977662c9d5","settings":{"heading_size":18,"feed_width":100,"html_area":""}}},"block_order":["418a553a-893d-48b9-b902-b1dba7efecce"],"settings":{"full_width":false,"space_around":true}}},"order":["hero-video","165828159282677513","1639550037e7e18e2e","featured-collections","featured-collection-switcher","16397200402059e58e","16395502741389b141","16395507764da0f5a7","1640607937ef41f4c6"]}