{"sections":{"1640610834a5fcdc08":{"type":"slideshow","blocks":{"1640610833e9aa9cc8-0":{"type":"image","settings":{"title":"yeedi Accessory Store","title_size":80,"subheading":"","link":"","link_text":"","text_align":"vertical-center horizontal-center","image":"shopify:\/\/shop_images\/ig_feed_1_v2.jpg.lin.jpg","overlay_opacity":0,"focal_point":"80% 100%"}}},"block_order":["1640610833e9aa9cc8-0"],"settings":{"section_height":"650px","mobile_height":"auto","parallax":true,"style":"arrows","autoplay":true,"autoplay_speed":5}},"164061096527dba9be":{"type":"featured-collection-switcher","settings":{"title":"Best Sellers","collection1":"yeedi-vac-series-1","collection2":"k650","per_row":4,"view_all":true,"divider":false}},"164061084689dd5bba":{"type":"featured-collection-switcher","settings":{"title":"More","collection1":"k600","collection2":"k700-accessories","per_row":5,"view_all":true,"divider":false}},"16406109012ff32706":{"type":"featured-collections","disabled":true,"blocks":{"1640610901423b96cf-5":{"type":"collection","settings":{"collection":"yeedi-vac-series-1","focal_point":"center center","size":"wide"}},"1640610901423b96cf-0":{"type":"collection","settings":{"collection":"k650","focal_point":"center center","size":"wide"}},"1640610901423b96cf-1":{"type":"collection","settings":{"collection":"k600","focal_point":"center center","size":"wide"}}},"block_order":["1640610901423b96cf-5","1640610901423b96cf-0","1640610901423b96cf-1"],"settings":{"title":"","divider":false,"enable_gutter":false}},"main":{"type":"list-collections-template","disabled":true,"blocks":{"ddfbac4e-c66d-4044-8a38-b6439a53dce0":{"type":"collection","disabled":true,"settings":{"collection":"all-vacuum"}}},"block_order":["ddfbac4e-c66d-4044-8a38-b6439a53dce0"],"settings":{"title_enable":true,"display_type":"all","sort":"alphabetical","grid":"3"}}},"order":["1640610834a5fcdc08","164061096527dba9be","164061084689dd5bba","16406109012ff32706","main"]}