{"sections":{"16559638809622f9fc":{"type":"Landingpage_image","blocks":{"bb112292-563a-4e12-a1ce-10f6244c0c42":{"type":"block","settings":{"banner":"shopify:\/\/shop_images\/1_2x_5bc3eb7e-27e1-4020-9f4f-7f8d688aa9a0.png","banner_mobile":"shopify:\/\/shop_images\/1_2x_a8c09f19-635b-4293-be46-2b053a4cb336.png","img_url":"shopify:\/\/collections\/all","btn_text":"Mehr erfahren","code":""}},"8a3e3830-dbda-49e8-b062-0c83ba641972":{"type":"block","settings":{"banner":"shopify:\/\/shop_images\/TXT_2x_a51ce862-3977-45c2-afcf-b27601100bb5.png","banner_mobile":"shopify:\/\/shop_images\/2x_ac47b4ed-c4d2-4241-b29f-37f5e15a7639.png","img_url":"\/","btn_text":"In den Einkaufswagen","code":"LTRJHNCV"}},"b503c8bb-5871-4dd2-b052-94cc0d037716":{"type":"block","settings":{"banner":"shopify:\/\/shop_images\/3_2x_cf95622a-ac4e-4ffc-951e-9178e13f6f39.png","banner_mobile":"shopify:\/\/shop_images\/3_2x_95c26efe-b7c5-4705-8486-390f227feb83.png","img_url":"\/","btn_text":"","code":""}},"8f8a6c51-05d6-441a-bbd6-49d18d0e97c5":{"type":"block","settings":{"banner":"shopify:\/\/shop_images\/82bc0ddb349b1f3f982e008a23f6ef68e673d4771c085-UY3jEr_2x_cccdee25-3dee-4690-93c7-ef0fd16fe209.png","banner_mobile":"shopify:\/\/shop_images\/13_2x_c344ef53-2d3d-42f9-bd25-b347d1bb9ac2.png","img_url":"\/","btn_text":"In den Einkaufswagen","code":"LTRJHNCV"}},"e046b2a6-dea9-450a-a19c-b9855a2a62c6":{"type":"block","settings":{"banner":"shopify:\/\/shop_images\/5_2x_f67ef26b-1a8c-45f4-ab1e-52bf5e453474.png","banner_mobile":"shopify:\/\/shop_images\/5_2x_bf6a99e8-88ac-453d-b48e-3c9c559b2988.png","img_url":"\/","btn_text":"","code":""}},"8a4dbad8-284c-4cd1-a436-2d901636919f":{"type":"block","settings":{"banner":"shopify:\/\/shop_images\/1_2x_fa6b28f4-0d71-4e9c-bccd-38adc39af020.jpg","banner_mobile":"shopify:\/\/shop_images\/3_2x_4c655509-b7d7-499c-bc57-1981226537b6.png","img_url":"\/","btn_text":"In den Einkaufswagen","code":""}},"4bc6fe4d-c498-46ab-85a9-c8738397c608":{"type":"block","settings":{"banner":"shopify:\/\/shop_images\/2_2x_5a76292a-c23c-4c64-9680-4f600b517d5b.png","banner_mobile":"shopify:\/\/shop_images\/2_2x_7f083341-0c14-4b61-86f3-ee5a515184b6.png","img_url":"\/","btn_text":"In den Einkaufswagen","code":""}},"fb164ca0-8d4a-474f-8d78-08fd678968a7":{"type":"block","settings":{"banner":"shopify:\/\/shop_images\/82bc0ddb349b1f3f982e008a23f6ef68e673d4771c085-UY3jEr_2x_f8054e8f-23ab-4f50-a9fb-3b68b2ea5c80.png","banner_mobile":"shopify:\/\/shop_images\/1_2x_d519d9f9-663c-443d-9f29-c5d1fbac2ad5.png","img_url":"\/","btn_text":"In den Einkaufswagen","code":""}}},"block_order":["bb112292-563a-4e12-a1ce-10f6244c0c42","8a3e3830-dbda-49e8-b062-0c83ba641972","b503c8bb-5871-4dd2-b052-94cc0d037716","8f8a6c51-05d6-441a-bbd6-49d18d0e97c5","e046b2a6-dea9-450a-a19c-b9855a2a62c6","8a4dbad8-284c-4cd1-a436-2d901636919f","4bc6fe4d-c498-46ab-85a9-c8738397c608","fb164ca0-8d4a-474f-8d78-08fd678968a7"],"settings":{}}},"order":["16559638809622f9fc"]}