{"sections":{"16551039235c90c568":{"type":"company-text-bg","settings":{"image":"shopify:\/\/shop_images\/1_77911906-3075-41ea-81a3-59e279f3f2fb.png","image_mb":"shopify:\/\/shop_images\/banner01.png","title":"The Story Behind yeedi","content":"Born in 2019, yeedi focuses on how to utilize technology to make life easier instead of pursing the ultimate technology breakthrough.<br>\nWe found the predicament in the robot vacuum industry: The more advanced the robot vacuum is, the higher its price becomes. In the belief that everyone deserves to enjoy the benefits of technological improvement, we bridge the gap between advancement and price to bring smart home cleaning products to more homes. <br>"}},"165510665398b9ba09":{"type":"company-text-bg02","settings":{"image":"shopify:\/\/shop_images\/1_524adb31-2add-44dc-a760-7e76c720c991.png","image_mb":"shopify:\/\/shop_images\/MSP.png","title":"Our <span class=\"blue\">Mission<\/span>","content":"Help global customers maintain a clean and healthy home by creating reliable and easy-to-use smart cleaning products."}},"165517417718ea546a":{"type":"company-text-bg03","settings":{"image":"shopify:\/\/shop_images\/2_dd9663d6-2e21-4b0e-88eb-2ef4298e8741.png","image_mb":"shopify:\/\/shop_images\/2_11179a23-c3e0-4d8c-810f-b4c0c3db9ea6.png","title":"Live Smart, <span class=\"blue\">Live Simple<\/span>","content":"We offer fully functional, easy-to-use and reasonably-priced smart cleaning products for every customer searching for a solution to free them from tedious floor cleaning chores. So they can focus on what matters most."}},"1655176790c73386e9":{"type":"company-text-image","settings":{"image":"shopify:\/\/shop_images\/new-map.jpg","image_mb":"shopify:\/\/shop_images\/4fc61083b6a9d4a73a03acc90182de10.png","image_mb02":"shopify:\/\/shop_images\/23.png","title":"yeedi Is Around You All Over the World","content":"yeedi is available in over 20 countries. You can get it over top e-commerce platforms, retailers and distributors."}},"16551865319c38872e":{"type":"company-product-item","blocks":{"07c5ddbd-bde4-4a66-b2ca-408c0772edff":{"type":"text","settings":{"title":"yeedi k650","image":"shopify:\/\/shop_images\/product01.png","content":"\"The best pet vacuum!\""}},"83b03a16-9a7b-4cbc-be54-76b5b4c32985":{"type":"text","settings":{"title":"yeedi vac station","image":"shopify:\/\/shop_images\/product02.png","content":"\"The most comprehensive and cost-effective robot with self-empty station.\""}},"9b20b2b6-8c52-4cf6-8718-230dc470a834":{"type":"text","settings":{"title":"yeedi mop station","image":"shopify:\/\/shop_images\/product03.png","content":"\"The very first robot vac &amp; mop cleans its own mop in Europe!\""}},"d0b81ddf-1d23-4dd2-a700-3671f9cdfbf1":{"type":"text","settings":{"title":"yeedi vac 2 pro","image":"shopify:\/\/shop_images\/product04.png","content":"\"The yeedi vac 2 has all of the Best Robot Vacuum Features in One Package\"."}}},"block_order":["07c5ddbd-bde4-4a66-b2ca-408c0772edff","83b03a16-9a7b-4cbc-be54-76b5b4c32985","9b20b2b6-8c52-4cf6-8718-230dc470a834","d0b81ddf-1d23-4dd2-a700-3671f9cdfbf1"],"settings":{"title":"The Buzz on yeedi","content":""}}},"order":["16551039235c90c568","165510665398b9ba09","165517417718ea546a","1655176790c73386e9","16551865319c38872e"]}