{"sections":{"1648637368310caf73":{"type":"Spring-Nav","blocks":{"90ebf23f-1e89-4dee-ad7e-fca0159818a2":{"type":"image","settings":{"image":"shopify:\/\/shop_images\/but-1.png","tittle":"Buy More, Save More"}},"ed20aa6a-da83-4a55-9cfc-bf9fcf3cafe9":{"type":"image","settings":{"image":"shopify:\/\/shop_images\/but-2.png","tittle":"Save Big On Robots"}},"55609006-a0c2-43ed-ab95-657a01fed8e9":{"type":"image","settings":{"image":"shopify:\/\/shop_images\/but-3.png","tittle":"10% Off on Accessories"}},"c1a2b540-283e-4065-9e21-faee5faa5ae1":{"type":"image","settings":{"image":"shopify:\/\/shop_images\/but-4.png","tittle":"Enjoy yeedi"}}},"block_order":["90ebf23f-1e89-4dee-ad7e-fca0159818a2","ed20aa6a-da83-4a55-9cfc-bf9fcf3cafe9","55609006-a0c2-43ed-ab95-657a01fed8e9","c1a2b540-283e-4065-9e21-faee5faa5ae1"],"settings":{"banner":"shopify:\/\/shop_images\/summer-sale-banner-final.png","banner_mobile":"shopify:\/\/shop_images\/summer-sale-banner-final-mobile-us.png","banner_over":"shopify:\/\/shop_images\/summer-savings-title-us.png","image":"shopify:\/\/shop_images\/Group_61.png","title":"Buy vac 2 pro and Save Extra $60 on Self-empty Station!","subtitle":"Ends In","time_cat":"\"2022\/06\/27 15:00:00\""}},"16487081518d3857a1":{"type":"Spring-lunpan","settings":{"image":"shopify:\/\/shop_images\/extra-25-off-us_b9caa26c-61b5-4087-8891-bbb9b59c15be.png","title":"Share the yeedi with your loved ones!","content":"<p>Buy any <strong>2 <\/strong>or More items<\/p><p>from yeedi vac station\/vac max\/vac 2\/vac\/k650<\/p><p>and Get <strong>Extra $25 OFF<\/strong>!<\/p><p><em>*Discount will auto-applied at checkout.<\/em><\/p><p><\/p>","note":"","start_text":"","start_url":"","check_text":"","check_url":""}},"164863427446875d5f":{"type":"Spring-Sale","blocks":{"d18a8f51-3e5c-4c93-b1a2-c6c52600617b":{"type":"image","settings":{"product":"yeedi-mop-station-pro","position":"left","image":"shopify:\/\/shop_images\/summer-sale-mop-station-pro.png","title":"mop station pro","oldprice":"$749.99","price":"$579.99","content":"<ul>Use Code: <strong>JUNE170<\/strong>\n<li>\nRobot Vacuum Mop with Built-in Washing Station<\/li>\n<li>\nAuto wash, moisten or dry the wipes like a washing machine<\/li>\n<li>\nAllow wipes to always stay moist when cleaning<\/li>\n<\/ul>","image_tag":"shopify:\/\/shop_images\/sales-tag-170.png","buy_text":"Add to Cart","more_text":"Learn More"}},"09904f7b-48a4-4d7c-be26-ddf83882f5a8":{"type":"image","settings":{"product":"yeedi-vac-2-pro","position":"right","image":"shopify:\/\/shop_images\/summersale-vac-2-pro-png.png","title":"yeedi vac 2 pro","oldprice":"$449.99","price":"$379.99","content":"<ul>\nUse Code: JUNE70\n<li>Mannul-Wipping-Like mopping system<\/li>\n<li>\nObstacle Avoidance-No need to pick up clutter before you clean<\/li>\n<li>Unbeatable 3100 PA suction power ensures strong dirt absorption<\/li>\n<li>\nWorks with self-empty station<\/li>\n\n<\/ul>","image_tag":"shopify:\/\/shop_images\/tag-70.png","buy_text":"Buy Now","more_text":"Learn More"}},"d975c448-305a-46ee-89e7-f103fc9ac84e":{"type":"image","settings":{"product":"yeedi-vac-2-pro-with-self-empty-station-bundle","position":"left","image":"shopify:\/\/shop_images\/vac-2-pro-bundle-main-png.png","title":"vac 2 pro Bundle","oldprice":"$649.98","price":"$539.98","content":"<ul>Get Extra 60€ OFF on Self-empty Station\n<li>Upgrade vac 2 pro to 3-in-1 self-empty Robot Mop Vacuum<\/li>\n<li>Hands-free cleaning for up to 30 days<\/li>\n<\/ul>","image_tag":"shopify:\/\/shop_images\/sales-tag-109.png","buy_text":"Buy Now","more_text":"Learn More"}},"33c65024-c026-434c-9e64-5e9388df00fa":{"type":"image","settings":{"product":"yeedi-vac-station","position":"right","image":"shopify:\/\/shop_images\/yeedi-vac-station-31717828395165_1800x1800_b0284e98-d54a-4051-8673-7dc8ce591141.png","title":"yeedi vac station","oldprice":"$499.99","price":"$369.99","content":"<ul>yeedi vac max with slef-empty station\n<li>\nVacuum and mop at the same time<\/li>\n<li>30 days hands-free cleaning<\/li>\n\n\n\n<\/ul>","image_tag":"shopify:\/\/shop_images\/sales-tag-130.png","buy_text":"Add to Cart","more_text":"Learn More"}},"a9e5f0a7-6158-44d3-8e72-c0334d0a1ac3":{"type":"image","settings":{"product":"yeedi-vac-max","position":"left","image":"shopify:\/\/shop_images\/yeedi-vac-max-31717839929501_1800x1800_6c956c20-3c96-4a2a-933d-613cbbbb9ee1.png","title":"yeedi vac max","oldprice":"$369.99","price":"$259.99","content":"<ul>\n<li>2-in-1 vacuum robot mop <\/li>Differences between vac 2 pro:\n<li>Only Long Lasting Mopping<\/li>\n<li>No built-in obstacle avoidance system<\/li>\n<\/ul>","image_tag":"shopify:\/\/shop_images\/sales-tag-110.png","buy_text":"Add to Cart","more_text":"Learn More"}},"b1b355ea-6134-4970-9f9b-486878460d9e":{"type":"image","settings":{"product":"yeedi-k650","position":"right","image":"shopify:\/\/shop_images\/yeedi-k650-31645810032797_1800x1800_3a2e63e2-c831-418f-91fe-5e579d79b3a2.png","title":"yeedi k650","oldprice":"$199.99","price":"$124.99","content":"<ul>\nBest vacuum for pet hair\n<li>The biggest dustbin around<\/li>\n<li>No tangled hair<\/li>\n\n<\/ul>","image_tag":"shopify:\/\/shop_images\/sales-tag-75.png","buy_text":"Buy Now","more_text":"Learn More"}}},"block_order":["d18a8f51-3e5c-4c93-b1a2-c6c52600617b","09904f7b-48a4-4d7c-be26-ddf83882f5a8","d975c448-305a-46ee-89e7-f103fc9ac84e","33c65024-c026-434c-9e64-5e9388df00fa","a9e5f0a7-6158-44d3-8e72-c0334d0a1ac3","b1b355ea-6134-4970-9f9b-486878460d9e"],"settings":{"title":"Robots On Sale"}},"1648628082ff11dfe2":{"type":"Spring-accessories","blocks":{"ced48837-a926-4f8d-b364-c4531c63abf2":{"type":"image","settings":{"toplable":"10","product":"accessories-yeedi-vac-station-dust-bag","image":"shopify:\/\/shop_images\/yeedi-vac-station-dust-bag-31862080929949_360x_e0757711-c8c2-4f1e-908f-6e223554f10c.png","price":"$15.29","old_price":"$16.99"}},"e162e244-9fb3-4c55-acd8-e6d157fe4023":{"type":"image","settings":{"toplable":"10","product":"accessories-yeedi-vac-series-washable-mopping-pads","image":"shopify:\/\/shop_images\/washable-mopping-pads-for-yeedi-vac-yeedi-vac-max-yeedi-vac-station-30199078781085_360x_53475a29-385a-4912-8ce8-619aab91d35c.png","price":"$17.99","old_price":"$19.99"}},"29e2bf19-d158-40fe-adbf-e87a9916785a":{"type":"image","settings":{"toplable":"10","product":"yeedi-washable-oscillating-mopping-pads-for-yeedi-vac-2-pro","image":"shopify:\/\/shop_images\/washable-mopping-pads-vac-2-pro.png","price":"17.99","old_price":"19.99"}},"42308024-b849-43bb-9883-d96b2b7c69c1":{"type":"image","settings":{"toplable":"10","product":"accessories-yeedi-vac-series-self-empty-station","image":"shopify:\/\/shop_images\/yeedi-vac-series-self-empty-station-31850833477789_360x_9c7198ba-22a5-4c14-ae3b-a09b1d1c3761.png","price":"$179.99","old_price":"$199.99"}}},"block_order":["ced48837-a926-4f8d-b364-c4531c63abf2","e162e244-9fb3-4c55-acd8-e6d157fe4023","29e2bf19-d158-40fe-adbf-e87a9916785a","42308024-b849-43bb-9883-d96b2b7c69c1"],"settings":{"title":"Buy 2 or More Accessories Get 10% Off<br>Use Code: ACCOFF","button":"View All","button_url":"shopify:\/\/collections\/accessories"}},"16486230993b171b76":{"type":"Spring-joinyeedi","blocks":{"30d816cc-b65b-4729-8ad2-12b4438a195f":{"type":"block","settings":{"image":"shopify:\/\/shop_images\/mop-station--pro-post.png","title":"Make everyday life so much easier","content":"You should not only be able to free your own four walls from dust and coarse dirt. A practical wiping function should also ensure a perfect result and hygienic cleanlines.","btn_text":"yeedi mop station pro","btn_url":"shopify:\/\/products\/yeedi-mop-station-pro"}},"c86fe005-3efe-4ff4-8f9d-91b3efec9377":{"type":"block","settings":{"image":"shopify:\/\/shop_images\/vac-station-post.png","title":"Have less thing to worry about","content":"3 out of 5 of my boys.. And now that I’m saying that out loud, that’s a LOT of boys in one house 😳 boys = messes. Well… I guess kids and dogs and construction all around us and just living makes plenty of mess as it is so let me introduce you to my new best friend: our vacuuming + mopping robot who does it all while I sleep!","btn_text":"yeedi vac station","btn_url":"shopify:\/\/products\/yeedi-vac-station"}},"b8d88327-47a0-4436-af1d-3ab540b876ec":{"type":"block","settings":{"image":"shopify:\/\/shop_images\/vac-2-pro-post.png","title":"yeedi elevates my cleaning!","content":"Thanks to yeedi vac 2 pro robot vacuum and mop combo that’s here to make our lives easier. If you know me you know that I am all about slowing down and family time. With yeedi vac 2 pro I can customize my cleaning routine and everything can be done on the app! Now here’s to more me time and less chore time","btn_text":"yeedi vac 2 pro","btn_url":"shopify:\/\/products\/yeedi-vac-2-pro"}}},"block_order":["30d816cc-b65b-4729-8ad2-12b4438a195f","c86fe005-3efe-4ff4-8f9d-91b3efec9377","b8d88327-47a0-4436-af1d-3ab540b876ec"],"settings":{"background_color":"#f5fae9","title":"Enjoy yeedi"}},"164854441501e98339":{"type":"Spring-video","blocks":{"f9b8ad2f-3ad6-4a4a-9786-beec9d3e3ad7":{"type":"Block","settings":{"position":"right","image":"shopify:\/\/shop_images\/Refer-image.png","title":"Refer yeedi to Friend","content":"Share coupon, earn money back.","url_text":"Get it now","url_link":"https:\/\/yeedi.referralcandy.com\/"}},"94462d21-b001-40c6-a056-bb083525a841":{"type":"Block","settings":{"position":"left","image":"shopify:\/\/shop_images\/Compare-image.png","title":"Turn the Old in Something Brand New","content":"Exclusive Coupon on yeedi vac 2 pro for Returning Customers","url_text":"Save Now","url_link":"shopify:\/\/pages\/yeedi-trade-in"}}},"block_order":["f9b8ad2f-3ad6-4a4a-9786-beec9d3e3ad7","94462d21-b001-40c6-a056-bb083525a841"],"settings":{"sec_title":"More to Explore","image":"shopify:\/\/shop_images\/mop-station-pro-navi.jpg","image_mobile":"shopify:\/\/shop_images\/mop-station-pro-navi.jpg","video_url":"","video_youtubeurl":"https:\/\/www.youtube.com\/watch?v=9lSBzNerJSU&t=83s","image_play":"shopify:\/\/shop_images\/button.png","bottombtn_text":"yeedi vac 2 pro","bottombtn_url":"shopify:\/\/products\/yeedi-vac-2-pro"}},"165573490840d58105":{"type":"faq","blocks":{"1655734908f17121cb-0":{"type":"question","settings":{"title":"How many coupon can be applied at one checkout?","text":"<p>Only a maximum of <strong>ONE <\/strong>coupon code can be used for one order. Please spilt the items in separate order if you want to apply more than 1 coupon code.<\/p>"}},"1655734908f17121cb-1":{"type":"question","settings":{"title":"Got a problem?","text":"<p>Please contact us via support@yeedi.com if you have any question about this promotion.<\/p>"}}},"block_order":["1655734908f17121cb-0","1655734908f17121cb-1"],"settings":{"title":"FAQs"}},"1648550874229df2e2":{"type":"Spring-subscribe","settings":{"show_block":true,"bgcolor":"#e2f4e9","title":"Want more upate from our club?","image01":"shopify:\/\/shop_images\/1_480d8251-8e7e-4299-91ae-38eead2fc098.png","image02":"shopify:\/\/shop_images\/2_8659ca7e-beff-4461-8dba-86831c021d9e.png","image03":"shopify:\/\/shop_images\/3_a7bfd748-38ba-4b4b-9bc3-c0c3c7e635a7.png","image04":"shopify:\/\/shop_images\/4_80b39506-10c6-4b54-a0e0-b775421592b5.png"}}},"order":["1648637368310caf73","16487081518d3857a1","164863427446875d5f","1648628082ff11dfe2","16486230993b171b76","164854441501e98339","165573490840d58105","1648550874229df2e2"]}