{"sections":{"affliate-banner":{"type":"affliate-banner","settings":{"show_section":true,"pc_image":"shopify:\/\/shop_images\/pc-affliate-banner.png","mb_image":"shopify:\/\/shop_images\/mb-affliate-banner.png","title":"Become a <br class=\"pc-br\"><span>yeedi Affiliate<\/span> Today.","desc":"Promote yeedi and earn more from <br class=\"mb-br\">your <br class=\"pc-br\">traffic and audience.","button_text":"Join Now","button_link":"http:\/\/app.impact.com\/campaign-campaign-info-v2\/yeedi.brand?io=7ci%2FCUlDZzfqPurzVuc3iD%2FysgYNcsUE5DwyZlf%2B9gq4Pev2TWW7L46ZWNsuSDhl"}},"1658461957f69059fe":{"type":"affliate-what-get","blocks":{"93e15e62-acbf-4533-b056-4a4ab6f8c80d":{"type":"image_block","settings":{"image":"shopify:\/\/shop_images\/icon1_15985eef-0ec8-4205-911e-4d0ae83b240c.png","title":"Benefits","desc":"<ul>\n<li>\nAt least<span> 5% Commission<\/span> For Every Conversion<\/li>\n<li>First-Hand Product Launches and Promotion Updates<\/li>\n<li>\n<span>30-Day<\/span>  Cookies<\/li>\n<\/ul>","image_one":"shopify:\/\/shop_images\/group1.png","image_two":"shopify:\/\/shop_images\/group2.png","image_three":"shopify:\/\/shop_images\/group3.png"}},"3635b49d-5ddf-49b8-9082-04dad8ea235f":{"type":"text_block","settings":{"image":"shopify:\/\/shop_images\/icon2_f39e03dd-cec6-45a8-819c-dc45b6dc86e4.png","title":"Worry-Free Service","desc":"<ul>\n<li>Monthly Commission Payouts<\/li>\n<li>Real-Time Reporting and Sales \nTracking<\/li>\n<li>Creative Promotional Resources<\/li>\n<li>Exclusive Coupon<\/li>\n<\/ul>"}},"41f4ed09-0734-422a-8336-3280d02e09b5":{"type":"text_block","settings":{"image":"shopify:\/\/shop_images\/icon3_c3aa2685-9efd-4f28-b2f3-f89e0fc917c3.png","title":"Your Referrals Will Get","desc":"<ul>\n<li>Discounts on Robot Purchase<\/li>\n<li>Free Shipping<\/li>\n<li>30 Days Home-Trial<\/li>\n<li>One-Year Warranty<\/li>\n<\/ul>"}}},"block_order":["93e15e62-acbf-4533-b056-4a4ab6f8c80d","3635b49d-5ddf-49b8-9082-04dad8ea235f","41f4ed09-0734-422a-8336-3280d02e09b5"],"settings":{"show_section":true,"bg_color":"#ffffff","title":"What I'll Get?"}},"165839591979a206d7":{"type":"affliate-registration","blocks":{"71fca72a-5863-4b1c-8f97-a561d31e52b1":{"type":"text","settings":{"image":"shopify:\/\/shop_images\/US.png","title":"U.S.","link_label":"Register Now","link_url":"http:\/\/app.impact.com\/campaign-campaign-info-v2\/yeedi.brand?io=7ci%2FCUlDZzfqPurzVuc3iD%2FysgYNcsUE5DwyZlf%2B9gq4Pev2TWW7L46ZWNsuSDhl"}},"810e4569-1011-4016-b855-359456691b5c":{"type":"text","disabled":true,"settings":{"image":"shopify:\/\/shop_images\/Germany.png","title":"Germany","link_label":"Register Now","link_url":"\/"}},"432541e6-f49d-4e28-9a42-ed664afdcc86":{"type":"text","disabled":true,"settings":{"image":"shopify:\/\/shop_images\/France.png","title":"France","link_label":"Register Now","link_url":"\/"}}},"block_order":["71fca72a-5863-4b1c-8f97-a561d31e52b1","810e4569-1011-4016-b855-359456691b5c","432541e6-f49d-4e28-9a42-ed664afdcc86"],"settings":{"show_section":true,"bg_color":"#f5fafc","title":"Easy and Quick <br>Registration"}},"1658375703e359751a":{"type":"affliate-how-works","blocks":{"6a488983-c4fc-4acd-8544-ffcf58d8518f":{"type":"text","settings":{"title":"Sign Up for Free","desc":"Apply on <a href=\"http:\/\/app.impact.com\/campaign-campaign-info-v2\/yeedi.brand?io=7ci%2FCUlDZzfqPurzVuc3iD%2FysgYNcsUE5DwyZlf%2B9gq4Pev2TWW7L46ZWNsuSDhl\">Impact.com<\/a>. We'll confirm your <br>\napplication within 48 hours."}},"debf7f45-00bd-40ae-9c01-604efa7bb874":{"type":"text","settings":{"title":"Drive Vistors to Purchase","desc":"Direct your visitors to great promos\/deals to <br>place orders."}},"880d34cc-a1f9-4783-80f9-e4e1afb53d4f":{"type":"text","settings":{"title":"Wait for the Confirmation of\n<br>Your Referred Orders","desc":"It will be confirmed if they are not canceled \n<br>or refunded within 30 days of placing."}},"6906a72a-7ffb-4a71-83f1-0b331801463a":{"type":"text","settings":{"title":"Get Paid","desc":"Receive commission for every sale\n<br>you generate for yeedi."}}},"block_order":["6a488983-c4fc-4acd-8544-ffcf58d8518f","debf7f45-00bd-40ae-9c01-604efa7bb874","880d34cc-a1f9-4783-80f9-e4e1afb53d4f","6906a72a-7ffb-4a71-83f1-0b331801463a"],"settings":{"show_section":true,"bg_color":"#ffffff","title":"How It Works?"}},"165830858882a2e124":{"type":"affliate-banner-with-text","settings":{"show_section":true,"pc_image":"shopify:\/\/shop_images\/pc-banner-text.png","mb_image":"shopify:\/\/shop_images\/mb-banner-text.png","title":"Why Join?","desc":"We have partnered with Impact and Awin platform to provide you with a market \n<br class=\"pc-br\">leading performance-advertising campaign. Performance advertising is simple; \n<br class=\"pc-br\">you receive large earnings for promoting high quality, \n<br class=\"pc-br\">unique products or services to your audience."}},"1658373523266d5adb":{"type":"affliate-logo","disabled":true,"settings":{"show_section":true,"bg_color":"#f5fafc","pc_image":"shopify:\/\/shop_images\/pc-logo-image.png","mb_image":"shopify:\/\/shop_images\/mb-logo-image.png"}},"16583109295c96d113":{"type":"affliate-how-become","settings":{"show_section":true,"pc_image":"shopify:\/\/shop_images\/pc-how-become.png","mb_image":"shopify:\/\/shop_images\/mb-how-become.png","title":"How Do I <br class=\"mb-br\">Become a Partner?","desc":"<p>yeedi has been the go-to home cleaning solution for thousands of homes worldwide. <br class=\"pc-br\">Drive your visitors to yeedi and earn big. If your site was not approved, it may be\n<br class=\"pc-br\">in regards to the content on your site or your site is not currently operational. \n<br class=\"pc-br\">If you believe this is a mistake, please feel free to reach out.<\/p>\n<p>Require more information or have any questions? Please contact us at <a href=\"mailto:affiliate@yeedi.com\">affiliate@yeedi.com<\/a><\/p>"}}},"order":["affliate-banner","1658461957f69059fe","165839591979a206d7","1658375703e359751a","165830858882a2e124","1658373523266d5adb","16583109295c96d113"]}