{"sections":{"16395631798b11b5b8":{"type":"fading-images","blocks":{"16395631794b068202-0":{"type":"image","settings":{"image":"shopify:\/\/shop_images\/houseofkeene_01.jpeg.lin.jpg","focal_point":"20% 100%","slide_title1":"","slide_title2":"Less Chores, More Fun"}}},"block_order":["16395631794b068202-0"],"settings":{"title_lines":"2","title_font":"body","title_size":58,"title_color":"#ffffff","title_bg_color":"rgba(0,0,0,0)","text_align":"vertical-center horizontal-center","link":"","slide_speed":10,"color_overlay":"#000000","color_overlay_opacity":10,"desktop_height":"450px","mobile_height":"250px"}},"1639634695853fffa4":{"type":"text-and-image","settings":{"image":"shopify:\/\/shop_images\/shot-10.jpg","image_width":700,"subtitle":"","title":"About yeedi","text":"<p>Headquartered in China’s<br\/>Silicon Valley, Shenzhen, yeedi is an up-and-coming robot vacuums brand founded in 2019. Developed by a group of robotic and housekeeping experts who are passionate about life and keen on innovations, our robot vacuums with modern design and practical features work seamlessly in different homes to save you from arduous floor cleaning chores. <\/p>","button_label":"","button_link":"","button_style":"primary","align_text":"left","layout":"right","divider":false}},"163962612117d5a0ca":{"type":"rich-text","blocks":{"163962612187691e37-0":{"type":"heading","settings":{"title":"Who We Are"}}},"block_order":["163962612187691e37-0"],"settings":{"align_text":"center","narrow_column":true,"divider":false}},"1639563890fabe5f10":{"type":"text-and-image","settings":{"image":"shopify:\/\/shop_images\/086f2399223481.5eedef641b928.jpg","image_width":700,"subtitle":"","title":"Our Team","text":"<p>yeedi is a company with strong background of R&D, design, production, manufacturing and sales. With more than 20 years of experience in smart home robotics, our team knows what it takes to make a reliable robot vacuum and keeps perfecting it so you can get more time focusing on what really matters.<\/p>","button_label":"","button_link":"","button_style":"primary","align_text":"left","layout":"right","divider":false}},"163961694504773e2f":{"type":"text-and-image","settings":{"image":"shopify:\/\/shop_images\/Untitled_design_2.png","image_width":700,"subtitle":"Design That Speaks for Itself","title":"Our Design Concept","text":"<p>Believing function and aesthetics can coexist, we break the stereotype of robot vacuums with a simple but modern design. Now your reliable floor cleaning buddy can also be an exquisite piece of art that brings your home décor up a notch. <\/p>","button_label":"","button_link":"","button_style":"primary","align_text":"left","layout":"left","divider":false}},"1639633228cb8c88d6":{"type":"background-image-text","settings":{"subtitle":"","title":"","text":"","button_label":"","button_link":"","image":"shopify:\/\/shop_images\/8f561099223481.5eedef641d47d_1.jpg","focal_point":"center","layout":"left","height":550,"parallax":false}},"163956405852ad4941":{"type":"text-and-image","settings":{"image":"shopify:\/\/shop_images\/Untitled_design_3.png","image_width":700,"subtitle":"","title":"Rapid Growth","text":"<p>yeedi expands rapidly into global markets and has been the go-to floor cleaning solution of thousands of families in 14 countries, including the United States, Canada, Germany, France, Italy, Spain, Poland, Turkey, Russia, Indonesia, Singapore, alaysia, Japan, China<\/p>","button_label":"","button_link":"","button_style":"primary","align_text":"left","layout":"right","divider":false}},"16396198935597a5c2":{"type":"text-columns","blocks":{"16396198936df77d00-0":{"type":"text_block","settings":{"enable_image":true,"image":"shopify:\/\/shop_images\/Digital_Trends.png","image_width":100,"title":"","text":"<p>\"Best RVC for Pet Hair\"<\/p>","button_label":"","button_link":""}},"16396198936df77d00-1":{"type":"text_block","settings":{"enable_image":true,"image":"shopify:\/\/shop_images\/Android_center.png","image_width":100,"title":"","text":"<p>\"Top Pick for Large Homes\"<\/p>","button_label":"","button_link":""}},"16396198936df77d00-2":{"type":"text_block","settings":{"enable_image":true,"image":"shopify:\/\/shop_images\/download_c635c9e1-2bee-444f-8f28-d24313725bcb.png","image_width":100,"title":"","text":"<p>\"Best Bargain RVC\"<\/p>","button_label":"","button_link":""}},"af738a90-561d-412f-8c26-4bf5195e6c73":{"type":"text_block","settings":{"enable_image":true,"image":"shopify:\/\/shop_images\/download_1_a06b72d0-986e-4425-87a7-2645375660ba.png","image_width":100,"title":"","text":"<p>\"Best Affordable RVC\"<\/p>","button_label":"","button_link":""}}},"block_order":["16396198936df77d00-0","16396198936df77d00-1","16396198936df77d00-2","af738a90-561d-412f-8c26-4bf5195e6c73"],"settings":{"title":"Awards & Accolades","align_text":"center","divider":false,"height":true}},"1639621512f008ab58":{"type":"rich-text","blocks":{"1639621512da07bc01-0":{"type":"heading","settings":{"title":"yeedi's Milestones"}},"1639621512da07bc01-1":{"type":"text","settings":{"enlarge_text":true,"text":"<p><strong>Oct, 2019<\/strong><\/p><p>yeedi is established by a team with over 20 years of experience in smart home robotics.<\/p><p> <\/p><p><strong>Feb, 2020<\/strong><\/p><p>yeedi launched its first robot vacuum, <strong>yeedi k600<\/strong>. This mode instantly became the best-selling robot vacuum on Amazon and was featured as the best budget RVC in Reviewed, SPY, Digital Trends, TechHive and more.<\/p><p> <\/p><p><strong>Mar, 2020<\/strong><\/p><p>yeedi expanded to US market growing into the top 10 brands on Amazon within 4 months.<\/p><p> <\/p><p><strong>Sept, 2020<\/strong><\/p><p>yeedi launched another of its best-selling robot vacuum, <strong>yeedi k650<\/strong>. It is awarded as <em><strong>the best RVC for pet hair<\/strong><\/em> by Digital Trends, Wired, PCMag and more. <\/p><p> <\/p><p><strong>Oct, 2020<\/strong><\/p><p>yeedi is available in EMEA market and ranked top 6 during Black Friday promotion in Germany in 2020.<\/p><p> <\/p><p><strong>Apr. 2021<\/strong><\/p><p>yeedi’s self-empty robot vacuum & mop, <strong>yeedi vac station <\/strong>won the prestigious<em><strong> reddot design award<\/strong><\/em>.<\/p><p> <\/p><p><strong>July, 2021<\/strong><\/p><p>yeedi’s self-empty robot vacuum & mop, yeedi vac station went viral on social and ranked <strong>No. 1 on Amazon’s new release list on its launch day<\/strong>.<\/p>"}}},"block_order":["1639621512da07bc01-0","1639621512da07bc01-1"],"settings":{"align_text":"center","narrow_column":true,"divider":false}},"main":{"type":"main-page","disabled":true,"settings":{}},"16395637601299aca9":{"type":"instafeed","settings":{"heading_font":"helvetica_n4","heading_size":20,"feed_width":100,"html_area":""}},"1639563727a366a254":{"type":"contact-form","settings":{"title":"Contact us","text":"","show_phone":false,"narrow_column":true}},"1639621595f9f21f41":{"type":"featured-collection","settings":{"title":"yeedi Robot Vacuum and Mop","home_featured_products":"all-vacuum","per_row":4,"rows":1,"view_all":true,"divider":false}}},"order":["16395631798b11b5b8","1639634695853fffa4","163962612117d5a0ca","1639563890fabe5f10","163961694504773e2f","1639633228cb8c88d6","163956405852ad4941","16396198935597a5c2","1639621512f008ab58","main","16395637601299aca9","1639563727a366a254","1639621595f9f21f41"]}