{"sections":{"1654047727ef53c62b":{"type":"pi_topbar","settings":{"title":"Self-empty station","button_label":"Shop Now","button_link":"https:\/\/www.yeedi.com\/collections\/yeedi-vac-series-1\/products\/accessories-yeedi-vac-series-self-empty-station"}},"16540463527e653dcc":{"type":"pi_textoverimage","settings":{"image":"shopify:\/\/shop_images\/27_2_2x_6622ca9d-010e-4826-b3b3-b347b5ae63ce.png","image_mb":"shopify:\/\/shop_images\/27_2_2x_8860b2e4-82f4-4ce6-9c67-281c898dc00b.png","title":"Auto Dustbin Cleaning<br>\nfor True Automation","content":"Compatible with:<br>\nyeedi vac series (vac \/ vac max \/ vac station)<br> \nyeedi vac 2 series (vac 2 \/ vac 2 pro)","position":"center","button_label":"yeedi self-empty station","button_link":"https:\/\/www.yeedi.com\/collections\/yeedi-vac-series-1\/products\/accessories-yeedi-vac-series-self-empty-station"}},"16540553775c009131":{"type":"pi_textoverimage","settings":{"image":"shopify:\/\/shop_images\/3_2x_e61b4dc5-af71-4b55-a355-81f46cb9e545.png","image_mb":"shopify:\/\/shop_images\/7_2x_9a719814-8ebe-46c1-a470-e75d900b9950.png","title":"Self-Empties the Dustbin","content":"No more frequent dustbin emptying. <br>\nyeedi self-empty station automatically cleans the dustbin<br class=\"br_pc\">\nfor a truly <span>hands-free cleaning<\/span>  experience.","position":"left","button_label":"","button_link":""}},"165406717425ea8fdd":{"type":"pi_textoverimage02","settings":{"image":"shopify:\/\/shop_images\/40_2x_114bd203-8938-4436-9c7c-3a9b1d0f23f4.png","image_mb":"shopify:\/\/shop_images\/3_2x_85b8c10c-b47e-4280-9539-751bd9114d11.png","title":"Effective Pollutants<br>\nCapturing","content":"Triple-layer structured dust bag with sub-high<br> \nefficiency filter material captures pollutants<br> \nas small as <span>0.3 microns<\/span> to keep your home<br> clean and fresh.","appimage01":"shopify:\/\/shop_images\/41_2x_f7b5e40b-686c-4083-af23-4a60c42535d1.png","position":"left"}},"16540728713e262714":{"type":"pi_leftimg_righttext","settings":{"image":"shopify:\/\/shop_images\/1_2x_70ff1f40-abf0-4654-88fd-cbb5045e165c.png","image_mb":"shopify:\/\/shop_images\/42_2x_79588cae-2bb8-4d7d-a82c-280c7146c176.png","title":"Sealing Design","content":"The dust bag with an extra rubber ring<br> <span>automatically seals <\/span> when reomoved from<br> \nthe station to avoid leakage.","right_small_img":"shopify:\/\/shop_images\/1_2x_1.png","right_small_img_mb":"shopify:\/\/shop_images\/1_2x_0835a7bd-39e1-4e54-9079-0b3b72da158d.png"}},"1654076870933e6a8e":{"type":"pi_textoverimage_mb","settings":{"image":"shopify:\/\/shop_images\/2_2x_9d468529-f305-4ec2-a945-a6abb96e975e.png","image_mb":"shopify:\/\/shop_images\/2x_02d06358-9a51-4d3b-a62b-e7d8305f473b.png","title":"One-Click Emptying<br>\nin <span>30 Days<\/span>","content":"yeedi's 2.5L dust bag seals up to 30 days worth of dust<br class=\"br_pc\">\nin place so you can forget about vacuuming<br class=\"br_pc\">\nfor a whole month.","position":"left","button_label":"","button_link":""}},"1654138373b6718ca9":{"type":"pi_lefttext","settings":{"title":"Devour Dirt in <span>20s<\/span>","content":"With 27,000Pa suction power, yeedi self-empty station<br class=\"br_pc\">\neasily sucks up the dirt from the dustbin<br class=\"br_pc\">\ninto the dust bag in merely 20s.","left_title01":"27000 Pa","left_content01":"suction power","left_title02":"20 s","left_content02":"sucks up the dirt","video_url":"https:\/\/cdn.shopify.com\/s\/files\/1\/0524\/3643\/5101\/files\/product_introduction_pc.mp4?v=1654138553","video_mburl":"https:\/\/cdn.shopify.com\/s\/files\/1\/0524\/3643\/5101\/files\/product_introduction_mb.mp4?v=1654138553"}},"165415153328c5a01f":{"type":"pi_toptextbottomimg","settings":{"title":"Dust Bag Detection","content":"Equipped with high accuracy sensors, yeedi self-empty station will remind you<br class=\"br_pc\">\nto replace the dust bag once it's full to prevent leaks.","image":"shopify:\/\/shop_images\/42_2x_06b752e0-1c2e-40ae-aae6-779f617e7801.png","image_mb01":"shopify:\/\/shop_images\/43_2x_8fb64c87-df37-4b4d-8e57-569fd3d77735.png","image_mb02":"shopify:\/\/shop_images\/44_2x_c07b1b77-6d89-4664-afa5-45bff3803970.png"}},"165415272264fab9af":{"type":"pi_toptextbottomimg02","settings":{"title":"<span>Customizable<\/span> Settings","content":"Set the self-emptying frequency between Standard,<br class=\"br_pc\"> \nHigh Frequency, and Do Not Disturb modes<br class=\"br_pc\">\nas per your needs.","image":"shopify:\/\/shop_images\/33_2x_3e1ef183-c292-4920-bf37-b6b4c7840941.png","image_mb":"shopify:\/\/shop_images\/35_2x_ea3d0ddb-4108-4c68-aaf5-669a3cac7138.png"}}},"order":["1654047727ef53c62b","16540463527e653dcc","16540553775c009131","165406717425ea8fdd","16540728713e262714","1654076870933e6a8e","1654138373b6718ca9","165415153328c5a01f","165415272264fab9af"]}