{"sections":{"1647765599f4ec2195":{"type":"slideshow","blocks":{"1647765599e1018463-0":{"type":"image","settings":{"title":"Less Chore. More Fun.","title_size":60,"subheading":"","link":"","link_text":"","text_align":"vertical-center horizontal-center","image":"shopify:\/\/shop_images\/houseofkeene_01.jpeg.lin.jpg","overlay_opacity":0,"focal_point":"bottom center"}}},"block_order":["1647765599e1018463-0"],"settings":{"section_height":"550px","mobile_height":"auto","parallax":false,"style":"arrows","style_position":"right","autoplay":false,"autoplay_speed":5}},"main":{"type":"main-page","disabled":true,"settings":{}},"1644462171b9c55ba4":{"type":"rich-text","blocks":{"16444621711c3e35e0-0":{"type":"heading","settings":{"title":"About Us"}},"16444621711c3e35e0-1":{"type":"text","settings":{"enlarge_text":false,"text":"<p>Headquartered in China’s Silicon Valley, Shenzhen, yeedi is an up-and-coming robot vacuums brand founded in 2019. <\/p><p>Developed by a group of robotic and housekeeping experts who are passionate about life and keen on innovations, our robot vacuums with modern design and practical features work seamlessly in different homes to save you from arduous floor cleaning chores. <\/p>"}}},"block_order":["16444621711c3e35e0-0","16444621711c3e35e0-1"],"settings":{"align_text":"center","narrow_column":true,"divider":false}},"164446249399eb38d3":{"type":"text-and-image","settings":{"image":"shopify:\/\/shop_images\/086f2399223481.5eedef641b928.jpg","image_width":700,"subtitle":"","title":"Our Team","text":"<p>yeedi is a company with strong background of R&D, design, production, manufacturing and sales. With more than 20 years of experience in smart home robotics, our team knows what it takes to make a reliable robot vacuum and keeps perfecting it so you can get more time focusing on what really matters.<\/p>","button_label":"","button_link":"","button_style":"primary","align_text":"left","layout":"right","divider":false}},"1644462144879bbda0":{"type":"background-image-text","settings":{"subtitle":"","title":"","text":"","button_label":"","button_link":"","image":"shopify:\/\/shop_images\/8f561099223481.5eedef641d47d_1.jpg","focal_point":"center","layout":"right","height":750,"parallax":false}},"1644463040165b767a":{"type":"rich-text","blocks":{"164446304068ab828e-0":{"type":"heading","settings":{"title":"Where Aesthetics meet Functionality"}},"164446304068ab828e-1":{"type":"text","settings":{"enlarge_text":false,"text":"<p>Believing function and aesthetics can coexist, we break the stereotype of robot vacuums with a simple but modern design.Now your reliable floor cleaning buddy can also be an exquisite piece of art that brings your home décor up a notch.     <\/p>"}}},"block_order":["164446304068ab828e-0","164446304068ab828e-1"],"settings":{"align_text":"center","narrow_column":true,"divider":false}},"1644462189ce870134":{"type":"text-and-image","settings":{"image":"shopify:\/\/shop_images\/Untitled_design_3_6797c9de-5256-477a-947a-718e8ebf3ed0.png","image_width":700,"subtitle":"","title":"We are GLOBAL","text":"<p>yeedi expands rapidly into global markets and has been the go-to floor cleaning solution of thousands of families in 14 countries, including the United States, Canada, Germany, France, Italy, Spain, Poland, Turkey, Russia, Indonesia, Singapore, Malaysia, Japan, China.<\/p>","button_label":"","button_link":"","button_style":"primary","align_text":"left","layout":"left","divider":false}},"16444621638f687c87":{"type":"logo-list","blocks":{"3c3c2d37-7a89-4d92-acc1-ed413702fb30":{"type":"logo_image","settings":{"image":"shopify:\/\/shop_images\/download.png","link":""}},"1644462163a8cbb887-3":{"type":"logo_image","settings":{"image":"shopify:\/\/shop_images\/31jrwui2AFL.jpg","link":""}},"b6bb1537-04c3-4c30-b1b3-42f33acdbd12":{"type":"logo_image","settings":{"image":"shopify:\/\/shop_images\/cosmopolitan-logo-font-free-download-1200x679.jpg","link":""}},"5c3c692e-eb27-4e95-9692-6e92935aba9b":{"type":"logo_image","settings":{"image":"shopify:\/\/shop_images\/download_becf5931-03ea-4617-b07f-72a222304402.png","link":""}},"1644462163a8cbb887-2":{"type":"logo_image","settings":{"image":"shopify:\/\/shop_images\/PCMag_d36cb99b-4213-4558-857a-0f674a25b455.png","link":""}},"1644462163a8cbb887-0":{"type":"logo_image","settings":{"image":"shopify:\/\/shop_images\/download_c635c9e1-2bee-444f-8f28-d24313725bcb.png","link":""}},"1644462163a8cbb887-1":{"type":"logo_image","settings":{"image":"shopify:\/\/shop_images\/download_1_a06b72d0-986e-4425-87a7-2645375660ba.png","link":""}},"4aac0ae7-45f4-48b1-bc9b-355324aefcaa":{"type":"logo_image","settings":{"image":"shopify:\/\/shop_images\/Digital_Trends.png","link":""}}},"block_order":["3c3c2d37-7a89-4d92-acc1-ed413702fb30","1644462163a8cbb887-3","b6bb1537-04c3-4c30-b1b3-42f33acdbd12","5c3c692e-eb27-4e95-9692-6e92935aba9b","1644462163a8cbb887-2","1644462163a8cbb887-0","1644462163a8cbb887-1","4aac0ae7-45f4-48b1-bc9b-355324aefcaa"],"settings":{"title":"Media Endorsement","logo_opacity":76,"divider":false}},"featured-collection":{"type":"featured-collection","settings":{"title":"Top Picks","home_featured_products":"all-vacuum","per_row":4,"rows":1,"view_all":true,"divider":false}}},"order":["1647765599f4ec2195","main","1644462171b9c55ba4","164446249399eb38d3","1644462144879bbda0","1644463040165b767a","1644462189ce870134","16444621638f687c87","featured-collection"]}