{"sections":{"main":{"type":"main-product","blocks":{"2c48e062-72fe-4f50-9cf9-8561723dc9bb":{"type":"custom","disabled":true,"settings":{"code":"<h4>Bundle Offer: <span style=\"color:#F2806F;\">$100 OFF<\/span><\/h4>"}},"price":{"type":"price","settings":{}},"separator":{"type":"separator","settings":{}},"3b28c179-c02b-452e-bdbe-02d4f4ea5db2":{"type":"custom","settings":{"code":"<h4> <span style=\"background:#5AC3DF;color:#ffffff;\">  &nbspSave Extra $50 <\/span>&nbsp Coupon:<span  style=\"color:#5AC3DF;\"> 3IN150OFF <\/span><\/h4>"}},"buy_buttons":{"type":"buy_buttons","settings":{"show_dynamic_checkout":true,"surface_pickup_enable":false,"add_to_cart_text":"Add to cart","sold_out_text":"Currently Unavailable","button_link_text":"","button_link":""}},"sales_point":{"type":"sales_point","settings":{"icon":"truck","text":"Free US shipping"}},"4bb02be2-5602-4468-ac80-6b9fa50d3aa5":{"type":"sales_point","settings":{"icon":"package","text":"30 days free return"}},"c794f476-368f-4ce1-987f-ddbb7920cae1":{"type":"sales_point","settings":{"icon":"checkmark","text":"One year worry-free warranty"}}},"block_order":["2c48e062-72fe-4f50-9cf9-8561723dc9bb","price","separator","3b28c179-c02b-452e-bdbe-02d4f4ea5db2","buy_buttons","sales_point","4bb02be2-5602-4468-ac80-6b9fa50d3aa5","c794f476-368f-4ce1-987f-ddbb7920cae1"],"settings":{"sku_enable":false,"image_size":"medium","product_zoom_enable":true,"thumbnail_position":"beside","thumbnail_arrows":true,"enable_video_looping":true,"product_video_style":"unmuted"}},"sub":{"type":"product-full-width","blocks":{"caeaa0ad-2b9e-4dde-a8e9-a5d6ac80dde2":{"type":"tab","settings":{"title":"What's Upgraded","content":"<p><strong>Oscillating Mopping System:<\/strong><br\/>Perfected mopping system moves back and forth to imitate the manual mopping pattern, but 5x faster for a more thorough cleaning result.<\/p><p><strong>3D Obstacle Avoidance: <br\/><\/strong>Structured light technology pairing the 3D imaging algorithm senses objects in its way and reacts timely to avoid daily clutters on your floor.<\/p><p><strong>Carpet Detection:<\/strong><br\/>Steer away from your carpet in mopping mode and automatically increase suction power in vacuuming mode to get the best clean.<\/p><p><strong>Smart Visual Mapping & Navigation:<\/strong><br\/>Identifies your rooms to rebuild your home layout and plans an efficient cleaning path for whole-floor coverage without missing any spots.<\/p><p><strong>Auto-Dustbin Empty:<br\/><\/strong>Compatible with yeedi self-empty station. With a 2.5L dust bag, yeedi locks 30 days of dirt in place so you can forget about vacuuming and focus on what matters most.<\/p><p><strong>Customizable Cleaning:<\/strong><\/p><p>yeedi app lets you set vacuuming and waterflow levels for different messes, choose cleaning sequence, clean specific room\/area and more with a simple tap of the editable home map.<\/p>","page":""}},"8ad03144-0d68-4780-b82d-0a4c977ca306":{"type":"tab","settings":{"title":"Specs","content":"<p><strong>Model <\/strong>yeedi vac 2 pro\/ yeedi k950 with self-empty station<\/p><p><strong>Navigation<\/strong> Visual SLAM<\/p><p><strong>Suction Power<\/strong> 200 to 3000 Pa<\/p><p><strong>Dust Bag Capacity<\/strong> 2.5 Liter<\/p><p><\/p><p><strong>Mop <\/strong>Oscillating Mopping<\/p><p><strong>3D Obstacle Avoidance <\/strong>Yes<\/p><p><strong>Obstacle Crossing Ability <\/strong>9-16 mm<\/p><p><strong>Carpet Detection<\/strong> Yes<\/p><p><strong>Auto-Boost Suction<\/strong> Yes<\/p><p><\/p><p><strong>Dimensions<\/strong> 350*350*77 mm<\/p><p><strong>Battery Capacity <\/strong>5200 mAh<\/p><p><strong>Working Time<\/strong> 220 mins<\/p><p><strong>Charging Time<\/strong> 6.5 Hours<\/p><p><\/p><p><strong>App\/Voice Control <\/strong>Amazon Alexa \/ Google Home \/ yeedi app<\/p>","page":""}},"18d99559-eda3-40d5-a04e-b7d6a6fd1f0d":{"type":"tab","settings":{"title":"Shipping information","content":"<p>yeedi offers free shipping and 30 days worry-free return.<\/p><p>Please check our <a href=\"https:\/\/www.yeedi.com\/policies\/shipping-policy\" target=\"_blank\" title=\"Shipping Policy\">Shipping Policies <\/a>and Return and <a href=\"https:\/\/www.yeedi.com\/policies\/refund-policy\" target=\"_blank\" title=\"Refund Policy\">Refund Policies<\/a> for more information.<\/p>","page":""}},"8ca5dff7-185c-492c-ba18-61bda8139556":{"type":"tab","settings":{"title":"Warranty","content":"<p>yeedi robot has automatic one year worry-free warranty from purchase date. Click to see more <a href=\"\/pages\/warranty\" title=\"yeedi One Year Worry-free Robot Vacuum and Mop Warranty\">warranty policies.<\/a><\/p>","page":""}},"93ecad75-3e98-4ecc-85de-baf5ff3b0d5c":{"type":"description","settings":{"is_tab":false}}},"block_order":["caeaa0ad-2b9e-4dde-a8e9-a5d6ac80dde2","8ad03144-0d68-4780-b82d-0a4c977ca306","18d99559-eda3-40d5-a04e-b7d6a6fd1f0d","8ca5dff7-185c-492c-ba18-61bda8139556","93ecad75-3e98-4ecc-85de-baf5ff3b0d5c"],"settings":{"max_width":true}},"165000615024423316":{"type":"vac2-banner","settings":{"show_block":true,"image":"shopify:\/\/shop_images\/2_2x_1aa1f01a-0691-4711-a75d-7e11223c9bc2.png","image_mb":"shopify:\/\/shop_images\/40_2x_d91910db-b6fd-4a8d-a313-f3d13fd2ec12.png","title":"<span>New<\/span>yeedi vac 2 pro","title02":"Now,<br> All Clear","subtitle":"Clear up the mess, clear of obstacles","btntext":"","btnurl":""}},"165001008615612c82":{"type":"vac2-video","disabled":true,"settings":{"image":"shopify:\/\/shop_images\/vac-2-pro-video.png","image_mobile":"shopify:\/\/shop_images\/vac-2-pro-video.png","video_url":"","video_youtubeurl":"https:\/\/www.youtube.com\/watch?v=yev0BlVCLYY","image_play":"shopify:\/\/shop_images\/1_2x_dce1f778-ccb2-435c-9e49-bc1192c067e1.png"}},"1650246331f76cd8f5":{"type":"vac2-logo","disabled":true,"blocks":{"6ebf80e5-77b4-43e0-8e77-56a2531ab3dc":{"type":"block","settings":{"image":"shopify:\/\/shop_images\/1200px-Wired_logo.svg_2x_90459039-2613-459e-9bb2-23440397f586.png"}},"f9849387-d792-4ee0-807d-622480d5b7e9":{"type":"block","settings":{"image":"shopify:\/\/shop_images\/Forbes-logo_3840x_2x_f4061a14-8f67-468a-9a1c-528fd08cd02b.png"}},"98f1def0-9217-4527-97c7-b4c6592f8d94":{"type":"block","settings":{"image":"shopify:\/\/shop_images\/224_2x_8e40ea21-8117-4692-ba69-1b666bb6783c.png"}},"cf71bdda-9535-4b3d-91f6-b2c7cffb974d":{"type":"block","settings":{"image":"shopify:\/\/shop_images\/225_2x_1894e088-c8f1-4837-ace9-b236993ce3dd.png"}},"384868c5-c62f-4227-b6bb-eb6a03d5be8b":{"type":"block","settings":{"image":"shopify:\/\/shop_images\/BBC_News.svg_2x_70d576eb-d055-4797-bab4-ae7c00ed4e33.png"}},"829f1b5f-9d37-49fe-83fa-d13f9147442f":{"type":"block","settings":{"image":"shopify:\/\/shop_images\/223_2x_842a1be3-2afa-4a2c-b941-1344b380a396.png"}}},"block_order":["6ebf80e5-77b4-43e0-8e77-56a2531ab3dc","f9849387-d792-4ee0-807d-622480d5b7e9","98f1def0-9217-4527-97c7-b4c6592f8d94","cf71bdda-9535-4b3d-91f6-b2c7cffb974d","384868c5-c62f-4227-b6bb-eb6a03d5be8b","829f1b5f-9d37-49fe-83fa-d13f9147442f"],"settings":{"title":"The Buzz on yeedi"}},"1650247351e3e7700a":{"type":"vac2-lefttext","settings":{"video_url":"https:\/\/cdn.shopifycdn.net\/s\/files\/1\/0524\/3643\/5101\/files\/PC_video.mp4?v=1650332996","video_mburl":"https:\/\/cdn.shopifycdn.net\/s\/files\/1\/0524\/3643\/5101\/files\/mobile_video.mp4?v=1650333006","title":"Follow the Pattern, <span>Break the Speed<\/span>","content":"<p>Inspired by manual mopping motion pattern, yeedi <br\/>perfects the mopping function with its unique <br\/>oscillating mopping system. It moves back and forth <br\/>but <em>5x faster* <\/em>to deliver equivalently incredible <br\/>stain removal results. <br\/><\/p><p><strong>*Data from yeedi lab.  <\/strong><\/p>","logoimg01":"shopify:\/\/shop_images\/209_2x_c851c2f4-381e-4ee2-969d-4b6d1ca38fd6.png","logotitle01":"manual mopping","logoimg02":"shopify:\/\/shop_images\/26_2x_64d11837-fcbd-4fbb-8862-7d7d544fb6df.png","logoimg03":"shopify:\/\/shop_images\/25_2x_4f2127e7-ed61-4f00-b843-88186e85f05d.png","logotitle03":"yeedi vac 2 pro"}},"1650248898f333d4d5":{"type":"vac2-textoverimage","settings":{"image":"shopify:\/\/shop_images\/239_2x_218ebf43-5a06-4969-ab24-5b1d5350dd1a.png","image_mb":"shopify:\/\/shop_images\/230.png","title":"Sense It, <span>Dodge It<\/span>","content":"<p>Guided by 3D obstacle avoidance technology, yeedi, <br\/>with 10x obstacle avoidance precision*, intelligently senses objects<br\/>in its way and reacts in time to cleverly dodge them. No need to <br\/>pick up daily clutters, pet bowls, kids toys, shoes, <br\/>on the floor before you clean. <\/p><p><strong>*Compared to yeedi vac series.<\/strong><\/p>","content_mobile":"<p>Guided by <em>3D obstacle avoidance technology<\/em>, yeedi, <br\/>with <em>10x obstacle avoidance precision*<\/em>, intelligently senses objects<br\/>in its way and reacts in time to cleverly dodge them. No need to <br\/>pick up daily clutters, pet bowls, kids toys, shoes, <br\/>on the floor before you clean. <\/p><p><strong>*Compared to yeedi vac series.<\/strong><\/p>"}},"16502609570c8f8355":{"type":"vac2-textoverimage02","settings":{"image":"shopify:\/\/shop_images\/3000Pa_2x_cd4a7f50-9718-40d9-b7ac-d305d4e98f2b.png","image_mb":"shopify:\/\/shop_images\/230_1.png","title":"Invincible Power for \nIncredible Pick Up","content":"<p>3000Pa suction power picks up crumbles, dirt and fine dust from both carpet and hard floor for another level of cleaning. <\/p>","content_mobile":"<p><em>3000Pa<\/em> suction power picks up crumbles, dirt and fine dust from both <em>carpet<\/em> and <em>hard floor<\/em> for another level of cleaning. <\/p>","fontcolor":"#ffffff","classname":""}},"1650262063b18688eb":{"type":"vac2-twoimage","blocks":{"170610d5-df80-4e34-a0ba-a99bf3a1af6c":{"type":"block","settings":{"title":"Spare No Dirt","image":"shopify:\/\/shop_images\/6_2x_eea1f52c-81e8-4e4e-b840-b470ae219c18.png","title_mb":"Steer away from carpet in mopping mode","image_mb":"shopify:\/\/shop_images\/230_2.png"}},"d0ba2129-dce5-49fd-9975-6b8b797535b3":{"type":"block","settings":{"title":"Wet No Carpet","image":"shopify:\/\/shop_images\/2x.png","title_mb":"Automatically increase suction power in vacuuming mode","image_mb":"shopify:\/\/shop_images\/230_3.png"}}},"block_order":["170610d5-df80-4e34-a0ba-a99bf3a1af6c","d0ba2129-dce5-49fd-9975-6b8b797535b3"],"settings":{"bottomtitle":"Carpet detection sensor intelligently identifies your carpet. It'll steer away from it in mopping mode and automatically increase suction power in vacuuming mode to get the best clean.","title_mb":"Spare No Dirt, <br>Wet No Carpet","subtitle_mb":"<span>Carpet detection<\/span> sensor intelligently identifies \nyour carpet."}},"1650260998dc07bbf3":{"type":"vac2-textoverimage02","settings":{"image":"shopify:\/\/shop_images\/237_2x_cf6486c5-3da0-423b-9598-b451ecc69623.png","image_mb":"shopify:\/\/shop_images\/230_4.png","title":"<span>30 Days<\/span> of<br> Hands-Free Cleaning","content":"<p>Works with yeedi self-empty station* for auto dustbin cleaning. With a 2.5L dust bag in a sealing design, yeedi locks 30 days of dirt in place. So you can clear up the mess without touching any mess. <\/p><p><strong>*Sold separately. <\/strong><\/p>","content_mobile":"<p>Works with yeedi self-empty station* for <em>auto dustbin cleaning<\/em>. With a <em>2.5L<\/em> dust bag in a sealing design, yeedi locks <em>30 days<\/em> of dirt in place. So you can clear up the mess without touching any mess. <\/p><p><strong>*Sold separately. <\/strong><\/p>","fontcolor":"#101820","classname":"extendwidth"}},"1650263628557df8f0":{"type":"vac2-textoverimage03","settings":{"image":"shopify:\/\/shop_images\/236_2x_dd8e1ff6-ad70-448b-9b2e-541aab9782fe.png","image_mb":"shopify:\/\/shop_images\/230_5.png","title":"Your Clean, <span>Your Call<\/span>","content":"<p>Intuitive yeedi app with grandma-friendly design lets you <br\/>customize your cleaning with fingertips. <\/p>","content_mb":"Intuitive <span>yeedi app<\/span> with grandma-friendly design lets you <span>customize<\/span> your cleaning with fingertips.","appimage01":"shopify:\/\/shop_images\/4_2x_548288f1-1515-4042-b42c-4ff135f033e8.png","appimagetitle01":"Customize Your Settings","appimage02":"shopify:\/\/shop_images\/4_2x_1.png","appimagetitle02":"Set Cleaning Sequence","appimage03":"shopify:\/\/shop_images\/4_2x_2.png","appimagetitle03":"Clean Specific Area"}},"1650265173892df4fe":{"type":"vac2-photo","blocks":{"e6cb9528-e6cd-4151-a8fc-ee47b909182c":{"type":"block","settings":{"image":"shopify:\/\/shop_images\/KV-_-_-_2x_772267a0-5427-40bf-a10e-bdebdbee6eda.png","image_mb":"shopify:\/\/shop_images\/230_6.png","title":"Oscillating\nMopping System"}},"3eaf7b61-27dd-40c1-ad42-36b0b9863eb6":{"type":"block","settings":{"image":"shopify:\/\/shop_images\/8_7_2x_69e04ccb-7e16-45eb-955f-bcd6e047e521.png","image_mb":"shopify:\/\/shop_images\/230_1_5476de9e-b0d0-4840-8c63-54ae5cba8cbd.png","title":"Smart Visual Mapping"}},"9288f946-8034-4706-82b5-2df8f7485fd0":{"type":"block","settings":{"image":"shopify:\/\/shop_images\/8_11_2x_276312f2-28f6-4278-b069-8a9f4b35e2af.png","image_mb":"shopify:\/\/shop_images\/230_4_c09ca6af-e038-4ec2-a1ee-7aa22225ebc4.png","title":"App Control"}},"bd064b67-65cf-4793-92a8-c18e4706f799":{"type":"block","settings":{"image":"shopify:\/\/shop_images\/8_9_2x_9b8b44e1-5ecd-4123-8124-ade23e38ca42.png","image_mb":"shopify:\/\/shop_images\/230_2_f7fd8f9a-73b6-4098-abe9-19b5c99afafd.png","title":"Carpet Detection"}},"f75882c4-a71a-48d1-8f68-973bcbdd1eef":{"type":"block","settings":{"image":"shopify:\/\/shop_images\/8_12_2x_8951113f-9efb-4218-9389-ae2a3d61cf2b.png","image_mb":"shopify:\/\/shop_images\/230_5_9afebe85-517d-4e76-b9f8-b11b496f0750.png","title":"240mins Runtime"}},"eb269c73-bf71-4877-b2f5-5f0ec140ad57":{"type":"block","settings":{"image":"shopify:\/\/shop_images\/8_10_2x_ee4bec2d-79d6-4582-b039-619db6e2a2c4.png","image_mb":"shopify:\/\/shop_images\/230_acf0cc52-1ee3-4fec-b1c0-8edce92c04f8.png","title":"Work with Self-Empty Station"}},"dcb8e554-2966-4b07-ad5e-827fb4bff167":{"type":"block","settings":{"image":"shopify:\/\/shop_images\/8_13_2x_86ade476-d903-427a-bd84-325f4f0da3f9.png","image_mb":"shopify:\/\/shop_images\/230_6_dcda8bcf-ab42-4672-8f00-9fb048329420.png","title":"Auto Recharge and Resume Cleaning"}},"4e990bb0-49c3-4510-a6db-b7393861cd34":{"type":"block","settings":{"image":"shopify:\/\/shop_images\/8_14_2x_bf4fc01c-5b38-4512-b5ca-5c936e84cf3f.png","image_mb":"shopify:\/\/shop_images\/230_7.png","title":"3D Obstacle Avoidance"}},"630f4738-6fef-4edb-8b7b-0bb0a21231de":{"type":"block","settings":{"image":"shopify:\/\/shop_images\/8_15_2x_be6f942f-15fc-4513-8459-fd0f723f14a6.png","image_mb":"shopify:\/\/shop_images\/230_8.png","title":"3000Pa Suction Power"}}},"block_order":["e6cb9528-e6cd-4151-a8fc-ee47b909182c","3eaf7b61-27dd-40c1-ad42-36b0b9863eb6","9288f946-8034-4706-82b5-2df8f7485fd0","bd064b67-65cf-4793-92a8-c18e4706f799","f75882c4-a71a-48d1-8f68-973bcbdd1eef","eb269c73-bf71-4877-b2f5-5f0ec140ad57","dcb8e554-2966-4b07-ad5e-827fb4bff167","4e990bb0-49c3-4510-a6db-b7393861cd34","630f4738-6fef-4edb-8b7b-0bb0a21231de"],"settings":{}},"1650267405d8952431":{"type":"vac2-probox","blocks":{"7fb3fa96-d3d3-4504-b3f3-180b9fdc68a1":{"type":"block","settings":{"image":"shopify:\/\/shop_images\/DSC05500_2_2x_15da20f8-bb5e-408b-bd59-0a27830dd4b5.png","title":"Side Brush"}},"21a4514f-f2fd-4e3d-9001-3749812f62c3":{"type":"block","settings":{"image":"shopify:\/\/shop_images\/vac-2-_-_2x_e3d6ca9f-0878-4d05-b847-a50e60b1237b.png","title":"yeedi vac 2 pro"}},"9d6e67b8-ad17-48bb-b69e-53603f2969ca":{"type":"block","settings":{"image":"shopify:\/\/shop_images\/DSC05499_2x_b91d9387-ed49-4d2d-a26c-e552f5d18b5c.png","title":"Power Cord"}},"549ea328-cc1c-4c07-a9fc-bd9c8d085f92":{"type":"block","settings":{"image":"shopify:\/\/shop_images\/238_2x_ba0f6609-eae3-42af-9a4f-a1b3cbca036a.png","title":"Charging Dock"}},"05b5e5a4-cc40-4c55-9885-70d8832cda8a":{"type":"block","settings":{"image":"shopify:\/\/shop_images\/2x_40500bb2-0841-46a2-ac92-d36d96dd0365.png","title":"Oscillating Mopping System"}},"0713f752-6f9b-4d84-827b-39baa24ba84a":{"type":"block","settings":{"image":"shopify:\/\/shop_images\/DSC05507_3_2x_494b302c-7d52-4d40-aeee-86c9e19b14c6.png","title":"User Guide"}},"f8bde428-f42f-4ec0-9a4f-c954c85934b6":{"type":"block","settings":{"image":"shopify:\/\/shop_images\/yeedi-self-clean-station-in-box.png","title":"self-empty station"}}},"block_order":["7fb3fa96-d3d3-4504-b3f3-180b9fdc68a1","21a4514f-f2fd-4e3d-9001-3749812f62c3","9d6e67b8-ad17-48bb-b69e-53603f2969ca","549ea328-cc1c-4c07-a9fc-bd9c8d085f92","05b5e5a4-cc40-4c55-9885-70d8832cda8a","0713f752-6f9b-4d84-827b-39baa24ba84a","f8bde428-f42f-4ec0-9a4f-c954c85934b6"],"settings":{"title":"What's in the Box"}}},"order":["main","sub","165000615024423316","165001008615612c82","1650246331f76cd8f5","1650247351e3e7700a","1650248898f333d4d5","16502609570c8f8355","1650262063b18688eb","1650260998dc07bbf3","1650263628557df8f0","1650265173892df4fe","1650267405d8952431"]}