{"sections":{"main":{"type":"main-product","blocks":{"e04137e3-26ee-48fc-9e89-33341cd38f20":{"type":"text","disabled":true,"settings":{"text":"Self-cleaning Robot Mop & Vacuum"}},"b0df32b9-0fc9-4e4a-8fd1-1deca26d50f3":{"type":"sales_point","disabled":true,"settings":{"icon":"checkmark","text":"Summer Offer:＄170 OFF | Valid until June 29"}},"44e055b4-7d34-4b2d-ab42-8443afa7fd3f":{"type":"sales_point","disabled":true,"settings":{"icon":"checkmark","text":"Use Code：MOPRO240"}},"f960d376-cb4f-45cc-86f5-a4ce2b9d60b2":{"type":"custom","disabled":true,"settings":{"code":"<h4>Save <span style=\"color:#5AC3DF;\"> $150<\/span> | Use Code：MOPRO150 <\/h4>"}},"price":{"type":"price","settings":{}},"separator":{"type":"separator","settings":{}},"0d1e9d29-6252-4fdf-be66-c379b81dd500":{"type":"custom","settings":{"code":"<h4> <span style=\"background:#5AC3DF;color:#ffffff;\">  &nbspSave $150    <\/span>&nbsp Coupon:<span  style=\"color:#5AC3DF;\"> MOPRO150 <\/span><\/h4>"}},"buy_buttons":{"type":"buy_buttons","settings":{"show_dynamic_checkout":true,"surface_pickup_enable":false,"add_to_cart_text":"Add to cart","sold_out_text":"Currently Unavailable","button_link_text":"","button_link":""}},"sales_point":{"type":"sales_point","settings":{"icon":"package","text":"Free US shipping"}},"4bb02be2-5602-4468-ac80-6b9fa50d3aa5":{"type":"sales_point","settings":{"icon":"checkmark","text":"30 days free return"}},"c794f476-368f-4ce1-987f-ddbb7920cae1":{"type":"sales_point","settings":{"icon":"lock","text":"One year worry-free warranty"}}},"block_order":["e04137e3-26ee-48fc-9e89-33341cd38f20","b0df32b9-0fc9-4e4a-8fd1-1deca26d50f3","44e055b4-7d34-4b2d-ab42-8443afa7fd3f","f960d376-cb4f-45cc-86f5-a4ce2b9d60b2","price","separator","0d1e9d29-6252-4fdf-be66-c379b81dd500","buy_buttons","sales_point","4bb02be2-5602-4468-ac80-6b9fa50d3aa5","c794f476-368f-4ce1-987f-ddbb7920cae1"],"settings":{"sku_enable":false,"image_size":"medium","product_zoom_enable":true,"thumbnail_position":"beside","thumbnail_arrows":false,"enable_video_looping":true,"product_video_style":"muted"}},"sub":{"type":"product-full-width","blocks":{"caeaa0ad-2b9e-4dde-a8e9-a5d6ac80dde2":{"type":"tab","settings":{"title":"Features","content":"<p><span style=\"text-decoration:underline\"><strong>Dual-Power Spin Mopping<\/strong><\/span><br\/>Two mopping pads with 10N force to the floor cling to the ground and spin 180 times per minute to loosen and wipe off the most annoying stains with ease.<\/p><p><span style=\"text-decoration:underline\"><strong>Washing Machine for Your Mops<\/strong><\/span><\/p><p>The mops are always clean to perform. Two 3.5L water tanks store clean and wastewater separately to avoid cross-contamination. yeedi even dries the washed mops to avoid odor generation when clean completes.<\/p><p><span style=\"text-decoration:underline\"><strong>3000Pa Suction Power<\/strong><\/span><\/p><p>Boast up to 3000Pa strong suction power to suck up dirt hidden deep in the crevices. A 750ml capacious swapping dustbin bigger than that of most robot vacuums on the market stores more dust for less emptying.<\/p><p><span style=\"text-decoration:underline\"><strong>Carpet Caring<\/strong><\/span><\/p><p>With an ultrasonic carpet sensor, yeedi recognizes your carpet and cleans it cleverly. In mopping mode, it steers away to avoid wetting it, while in vacuuming mode, it increases the suction to MAX for deep carpet cleaning.<\/p><p><span style=\"text-decoration:underline\"><strong>180mins Runtime & Auto Recharge<\/strong><\/span><\/p><p>The built-in 5200mAh battery fuels up 180mins of runtime on a single charge.  Automatically recharges and resumes cleaning.<\/p><p><span style=\"text-decoration:underline\"><strong>App & Voice Control<\/strong><\/span><\/p><p>yeedi app lets you set cleaning sequence, schedule cleaning, set up a no-go zone, and more anywhere, anytime, and integration with Alexa and Google Home allows you to clean with your voice.<\/p>","page":""}},"8ad03144-0d68-4780-b82d-0a4c977ca306":{"type":"tab","disabled":true,"settings":{"title":"Specs","content":"<p><strong>Model <\/strong>yeedi mop station pro\/ yeedi k850+<\/p><p><strong>Navigation<\/strong> Visual SLAM<\/p><p><strong>Suction Power<\/strong> 600\/1500\/3000 Pa<\/p><p><strong>Water Tank Capacity<\/strong> 240 ml<\/p><p><strong>Water Flow Levels <\/strong>3<\/p><p><strong>Dustbin Capacity <\/strong>450 ml<\/p><p><strong>Dust Bag Capacity<\/strong> 2.5 L<\/p><p><strong>Dimensions<\/strong> 350 x 350 x 77 mm (Robot)<\/p><p>300 x 420 x 430 mm (Self-Empty Station)<\/p><p><strong>Battery Capacity <\/strong>5200 mAh<\/p><p><strong>Working Time<\/strong> 200 mins<\/p><p><strong>Charging Time<\/strong> 6 Hours<\/p><p><strong>Carpet Detection<\/strong> Yes<\/p><p><strong>Auto-Boost Suction<\/strong> Yes<\/p><p><strong>Obstacle Crossing Ability <\/strong>9 mm<\/p><p><strong>Control <\/strong>yeedi App\/Alexa<\/p>","page":""}},"18d99559-eda3-40d5-a04e-b7d6a6fd1f0d":{"type":"tab","settings":{"title":"Shipping information","content":"<p>yeedi offers free shipping and 30 days worry-free return.<\/p><p>Please check our <a href=\"https:\/\/www.yeedi.com\/policies\/shipping-policy\" target=\"_blank\" title=\"Shipping Policy\">Shipping Policies <\/a>and Return and <a href=\"https:\/\/www.yeedi.com\/policies\/refund-policy\" target=\"_blank\" title=\"Refund Policy\">Refund Policies<\/a> for more information.<\/p>","page":""}},"8ca5dff7-185c-492c-ba18-61bda8139556":{"type":"tab","settings":{"title":"Warranty","content":"<p>yeedi robot has automatic one year worry-free warranty from purchase date. Click to see more <a href=\"\/pages\/warranty\" title=\"yeedi One Year Worry-free Robot Vacuum and Mop Warranty\">warranty policies.<\/a><\/p>","page":""}}},"block_order":["caeaa0ad-2b9e-4dde-a8e9-a5d6ac80dde2","8ad03144-0d68-4780-b82d-0a4c977ca306","18d99559-eda3-40d5-a04e-b7d6a6fd1f0d","8ca5dff7-185c-492c-ba18-61bda8139556"],"settings":{"max_width":true}},"165000615024423316":{"type":"vac2-banner","settings":{"show_block":true,"image":"shopify:\/\/shop_images\/240.png","image_mb":"shopify:\/\/shop_images\/239.png","title":"<span>New<\/span>mop station pro","title02":"Pro Cleaning \nMade Possible","subtitle":"","btntext":"","btnurl":""}},"165001008615612c82":{"type":"vac2-video","disabled":true,"settings":{"image":"shopify:\/\/shop_images\/3_a1bbb5bf-a260-4e6b-9c5b-2fc4c326b5a7.png","image_mobile":"shopify:\/\/shop_images\/3_8847fffc-6b65-4bda-97f6-22113b0fca7e.png","video_url":"https:\/\/cdn.shopify.com\/s\/files\/1\/0524\/3643\/5101\/files\/us-mop-station-pro-pc.mp4?v=1654794484","video_youtubeurl":"","image_play":"shopify:\/\/shop_images\/1_2x_dce1f778-ccb2-435c-9e49-bc1192c067e1.png"}},"16547681793a1e3f57":{"type":"moppro-video","settings":{"image":"shopify:\/\/shop_images\/3_a1bbb5bf-a260-4e6b-9c5b-2fc4c326b5a7.png","image_mobile":"shopify:\/\/shop_images\/3_8847fffc-6b65-4bda-97f6-22113b0fca7e.png","video_url":"","video_youtubeurl":"https:\/\/www.youtube.com\/watch?v=mHDViITRHBk","image_play":"shopify:\/\/shop_images\/1_2x_dce1f778-ccb2-435c-9e49-bc1192c067e1.png"}},"165467045201b4a4d6":{"type":"moppro-multicon","disabled":true,"blocks":{"bd0e6139-b792-47e5-8ce4-1fbaf0a9c943":{"type":"block","settings":{"title":"“ The brand with its mop \nstation offers more of \nan extremely convincing \nfloor scrubber than a \nsimple vacuum cleaner.”","image":"shopify:\/\/shop_images\/clubic.png"}},"7e25077b-dcf1-49dd-b7ad-aff663dcd84e":{"type":"block","settings":{"title":"“ With its cleaning station, \npads, the yeedi mop \nstation is undoubtedly a \nwell-equipped floor \nmopping robot.”","image":"shopify:\/\/shop_images\/NUMERIQUES.png"}},"abb30502-1abd-45c9-82ac-236b1ff5acac":{"type":"block","settings":{"title":"“ yeedi mop station 2 in \n1 is a complete and easy \nto use robot , with good \nsuction power and \nminimal noise.”","image":"shopify:\/\/shop_images\/668.png"}},"2def1202-f7fd-48f4-a391-8b3fd7301582":{"type":"block","settings":{"title":"“ It turns out to be a tool \nof great practical help in \nthe management of house \ncleaning.”","image":"shopify:\/\/shop_images\/669.png"}}},"block_order":["bd0e6139-b792-47e5-8ce4-1fbaf0a9c943","7e25077b-dcf1-49dd-b7ad-aff663dcd84e","abb30502-1abd-45c9-82ac-236b1ff5acac","2def1202-f7fd-48f4-a391-8b3fd7301582"],"settings":{"title":"The Buzz on yeedi","bg_color":"#f6fafd"}},"163816769528ea50c8":{"type":"hero-video","settings":{"title":"<span>Mop<\/span> Like a Pro","title_size":80,"subheading":"Some robot mop sprays water onto the floor and drags a mopping pad around leaving wet trucks all over the place. But yeedi’s two mopping pads are pressed tightly against the floor by a 10N force and they spin 180r\/min to loosen and wipe off stubborn stains.","link_text":"","link":"","text_align":"vertical-center horizontal-center","video_url":"https:\/\/cdn.shopify.com\/s\/files\/1\/0524\/3643\/5101\/files\/us-mop-like-a-pro-pc.mp4?v=1655101245","overlay_opacity":0,"section_height":"16-9","mobile_height":"auto"}},"165466856116b27a07":{"type":"hero-video","settings":{"title":"Built-in <span>“Washing Machine”<\/span> for Your Mops","title_size":80,"subheading":"The self-cleaning system with 3.5L separate water tanks scrubs and rinses the mopping pads automatically and dries them when cleaning completes to keep them clean and fresh.","link_text":"","link":"","text_align":"vertical-center horizontal-center","video_url":"https:\/\/cdn.shopify.com\/s\/files\/1\/0524\/3643\/5101\/files\/us-mop-washing-pc.mp4?v=1655101245","overlay_opacity":0,"section_height":"16-9","mobile_height":"auto"}},"16546713788fd1f494":{"type":"moppro-rightovertext","settings":{"image":"shopify:\/\/shop_images\/mop-station-pro-water-tank.png","image_mb":"shopify:\/\/shop_images\/mop-station-pro-water-tank-mobile.png","title":"Generous Water Supply","content":"<span>3.5L*2 water tanks<\/span> store clean and wastewater \nseparately to keep your mopping pads clean \nand moist. Cover more space with less water \nreplenishing.","content_mb":"<span>3.5L*2 water tanks<\/span> store clean and wastewater \nseparately to keep your mopping pads clean \nand moist. Cover more space with less water","rightimage":"shopify:\/\/shop_images\/2_d2261c33-6421-4d19-8672-1cb3864a95ff.png"}},"1650260998dc07bbf3":{"type":"vac2-textoverimage02","settings":{"image":"shopify:\/\/shop_images\/750ml.png","image_mb":"shopify:\/\/shop_images\/750ml_defad74f-8412-412d-836c-6efc18ad10c2.png","title":"You Don’t Need a Team to Clean","content":"<p>No need to buy another robot vacuum. yeedi vacuums and mops simultaneously with <strong>3000Pa<\/strong> strong suction. A <strong>750ml<\/strong> swapping dustbin stores more for less emptying.<\/p>","content_mobile":"<p><strong>3000pa<\/strong> suction is powerful enough to pick up any dirt and a <strong>750ml <\/strong>swapping dustbin stores more for less emptying. <\/p>","fontcolor":"#101820","classname":"extendwidth"}},"1650262063b18688eb":{"type":"vac2-twoimage","blocks":{"170610d5-df80-4e34-a0ba-a99bf3a1af6c":{"type":"block","settings":{"title":"Spare No Dirt","image":"shopify:\/\/shop_images\/be70b1fe7d12e7f7fb54117b4d581b1e.png","title_mb":"Steer away from carpet in mopping mode","image_mb":"shopify:\/\/shop_images\/be70b1fe7d12e7f7fb54117b4d581b1e_be8b2fcb-29f3-4052-83bb-9daeb8dd9d46.png"}},"d0ba2129-dce5-49fd-9975-6b8b797535b3":{"type":"block","settings":{"title":"Wet No Carpet","image":"shopify:\/\/shop_images\/b33ed70b6d4d1c468a447ec1d601fa95.png","title_mb":"Automatically increase suction power in vacuuming mode","image_mb":"shopify:\/\/shop_images\/b33ed70b6d4d1c468a447ec1d601fa95_45eee9fc-aeef-4d45-a308-ec7a7632502c.png"}}},"block_order":["170610d5-df80-4e34-a0ba-a99bf3a1af6c","d0ba2129-dce5-49fd-9975-6b8b797535b3"],"settings":{"bottomtitle":"Carpet detection sensor intelligently identifies your carpet. It'll steer away from it in mopping mode and automatically increase suction power in vacuuming mode to get the best clean.","title_mb":"Spare No Dirt, <br>Wet No Carpet","subtitle_mb":"<span>Carpet detection<\/span> sensor intelligently identifies \nyour carpet."}},"16546719020b899c8e":{"type":"moppro-textoverimage","settings":{"image":"shopify:\/\/shop_images\/b8e7997ac2ff19757a56a72f282abc28.png","image_mb":"shopify:\/\/shop_images\/b8e7997ac2ff19757a56a72f282abc28_584f341b-9549-40e1-9e87-c95509b2771b.png","title":"<span>Clean<\/span> in Neat Rows No Spots Missed","content":"<p>Learn your home layout and plan neat cleaning paths without missing any spots thanks to the Visual SLAM technology and floor tracking sensor.<\/p>","content_mobile":"<p>Learn your home layout and plan neat cleaning paths without missing any spots thanks to the Visual SLAM  technology and floor tracking sensor.<\/p>"}},"1650263628557df8f0":{"type":"vac2-textoverimage03","settings":{"image":"shopify:\/\/shop_images\/248.png","image_mb":"shopify:\/\/shop_images\/APP_4d996012-7c84-4221-b70a-92b11e98c98b.png","title":"Clean in a <span>New Way<\/span>","content":"<p>The intuitive yeedi app lets you schedule cleaning, set up <br\/>no-go zones, spot clean an area, and more even when you <br\/>are not around. Compatible with Alexa and Google Home <br\/>for voice control. <\/p>","content_mb":"The intuitive yeedi app lets you schedule \ncleaning, set up no-go zones, spot clean an \narea, and more even when you are not \naround. Compatible with Alexa and Google \nHome for voice control.","appimage01":"shopify:\/\/shop_images\/4_2x_548288f1-1515-4042-b42c-4ff135f033e8.png","appimagetitle01":"Customize Your Settings","appimage02":"shopify:\/\/shop_images\/4_2x_1.png","appimagetitle02":"Set Cleaning Sequence","appimage03":"shopify:\/\/shop_images\/4_2x_2.png","appimagetitle03":"Clean Specific Area"}},"1650267405d8952431":{"type":"vac2-probox","blocks":{"21a4514f-f2fd-4e3d-9001-3749812f62c3":{"type":"block","settings":{"image":"shopify:\/\/shop_images\/bbc48b6a6548e09a7f7a9262f6c0895a.png","title":"Robot x 1"}},"7fb3fa96-d3d3-4504-b3f3-180b9fdc68a1":{"type":"block","settings":{"image":"shopify:\/\/shop_images\/666.png","title":"Main Brush x 1"}},"9d6e67b8-ad17-48bb-b69e-53603f2969ca":{"type":"block","settings":{"image":"shopify:\/\/shop_images\/DEEBOT_N9.png","title":"Edge Brush x 1"}},"549ea328-cc1c-4c07-a9fc-bd9c8d085f92":{"type":"block","settings":{"image":"shopify:\/\/shop_images\/DEEBOT_N9_OZMO_Turbo_02.png","title":"Reservoir  x 1"}},"05b5e5a4-cc40-4c55-9885-70d8832cda8a":{"type":"block","settings":{"image":"shopify:\/\/shop_images\/DEEBOT_N9__Top.png","title":"Clean Water Tank x 1\nWaste Water Tank x 1"}},"0713f752-6f9b-4d84-827b-39baa24ba84a":{"type":"block","settings":{"image":"shopify:\/\/shop_images\/DEEBOT_N9_3306b6d2-9f93-4b8b-849a-05181a1c1107.png","title":"Cleaning Cloth x 4"}},"21616f0b-9bbc-4f6b-a5e2-dacadc96c132":{"type":"block","settings":{"image":"shopify:\/\/shop_images\/665.png","title":"Swapping Dustbin x 1"}},"5450dd9f-5123-428b-9a23-abf9fe9037c6":{"type":"block","settings":{"image":"shopify:\/\/shop_images\/667.png","title":"Self-Cleaning Station x 1"}},"977dc3cf-2518-428c-b115-696f6f82137e":{"type":"block","settings":{"image":"shopify:\/\/shop_images\/DEEBOT_N9_2c7b0e22-fe5a-4498-93b0-d7efcc189c2d.png","title":"Cleaning Tool x 2"}},"dbb29167-95f1-4824-b101-48941dd88021":{"type":"block","settings":{"image":"shopify:\/\/shop_images\/664.png","title":"HEPA Filter Sponge Filter x 2"}},"c61a3c11-f524-4a2c-b578-16edcf0e6199":{"type":"block","settings":{"image":"shopify:\/\/shop_images\/DEEBOT_N9_f08ff239-2449-4888-965c-d56846a203de.png","title":"Power Cord x 1"}}},"block_order":["21a4514f-f2fd-4e3d-9001-3749812f62c3","7fb3fa96-d3d3-4504-b3f3-180b9fdc68a1","9d6e67b8-ad17-48bb-b69e-53603f2969ca","549ea328-cc1c-4c07-a9fc-bd9c8d085f92","05b5e5a4-cc40-4c55-9885-70d8832cda8a","0713f752-6f9b-4d84-827b-39baa24ba84a","21616f0b-9bbc-4f6b-a5e2-dacadc96c132","5450dd9f-5123-428b-9a23-abf9fe9037c6","977dc3cf-2518-428c-b115-696f6f82137e","dbb29167-95f1-4824-b101-48941dd88021","c61a3c11-f524-4a2c-b578-16edcf0e6199"],"settings":{"title":"What's in the Box"}},"1654741695a09ff1e1":{"type":"moppro-includebox","disabled":true,"settings":{"title":"What's in the Box"}},"1653031448aabf5387":{"type":"apps","blocks":{"33771e43-a06d-4cb1-9617-9bf75659d2d8":{"type":"shopify:\/\/apps\/rivyo-product-reviews-qa\/blocks\/wc-testimonial-section\/f1860e84-309f-40ca-a2df-188435a622f3","disabled":true,"settings":{}},"e99ea029-5d1f-4a34-830e-4249c1fdaae1":{"type":"shopify:\/\/apps\/rivyo-product-reviews-qa\/blocks\/wc-review-section\/f1860e84-309f-40ca-a2df-188435a622f3","disabled":true,"settings":{}}},"block_order":["33771e43-a06d-4cb1-9617-9bf75659d2d8","e99ea029-5d1f-4a34-830e-4249c1fdaae1"],"settings":{"full_width":false,"space_around":true}}},"order":["main","sub","165000615024423316","165001008615612c82","16547681793a1e3f57","165467045201b4a4d6","163816769528ea50c8","165466856116b27a07","16546713788fd1f494","1650260998dc07bbf3","1650262063b18688eb","16546719020b899c8e","1650263628557df8f0","1650267405d8952431","1654741695a09ff1e1","1653031448aabf5387"]}