{"sections":{"main":{"type":"main-product","blocks":{"price":{"type":"price","settings":{}},"d0d01995-611f-4f42-bd49-ee018471925b":{"type":"shopify:\/\/apps\/rivyo-product-reviews-qa\/blocks\/wc-product-review-badge\/f1860e84-309f-40ca-a2df-188435a622f3","settings":{}},"buy_buttons":{"type":"buy_buttons","settings":{"show_dynamic_checkout":true,"surface_pickup_enable":false,"add_to_cart_text":"Add to cart","sold_out_text":"Currently Unvailable","button_link_text":"","button_link":""}},"separator":{"type":"separator","settings":{}},"variant_picker":{"type":"variant_picker","settings":{"variant_labels":true,"picker_type":"button","color_swatches":false}},"sales_point":{"type":"sales_point","settings":{"icon":"truck","text":"Free US shipping"}},"4bb02be2-5602-4468-ac80-6b9fa50d3aa5":{"type":"sales_point","settings":{"icon":"package","text":"30 days free return"}},"c794f476-368f-4ce1-987f-ddbb7920cae1":{"type":"sales_point","settings":{"icon":"checkmark","text":"One year worry-free warranty"}}},"block_order":["price","d0d01995-611f-4f42-bd49-ee018471925b","buy_buttons","separator","variant_picker","sales_point","4bb02be2-5602-4468-ac80-6b9fa50d3aa5","c794f476-368f-4ce1-987f-ddbb7920cae1"],"settings":{"sku_enable":false,"image_size":"large","product_zoom_enable":true,"thumbnail_position":"beside","thumbnail_arrows":true,"enable_video_looping":true,"product_video_style":"unmuted"}},"sub":{"type":"product-full-width","blocks":{"caeaa0ad-2b9e-4dde-a8e9-a5d6ac80dde2":{"type":"tab","settings":{"title":"Features","content":"<p><strong>True Deep Cleaning for Your Hard Floor<\/strong>:<br\/>2 spin mopping pads with 10N downward pressure stick close to the floor to capture all dirt and debris.<\/p><p><strong>Self-cleaning and Moisting Mopping Pads: <br\/><\/strong>The self-cleaning station featuring 3500ml separate water tanks washes the dirty mops automatically like a washing machine.<\/p><p><strong>Vacuum and Mop at the Same Time:<\/strong><br\/>Boast up to 2500Pa strong suction power to suck up dirt hidden deep in the crevices.<\/p><p><strong>Navigate Its Way Smartly<\/strong>:<br\/>The Visual SLAM technology combined with the floor tracking sensor learns your home layout precisely and plans a neat and efficient cleaning path.<\/p><p><strong>Keep Your Carpet Safe:<br\/><\/strong>Powered by ultrasonic technology, yeedi’s advanced carpet detection make sure the robot avoid carpet smartly.<\/p>","page":""}},"8ad03144-0d68-4780-b82d-0a4c977ca306":{"type":"tab","settings":{"title":"Specs","content":"<p><strong>Model <\/strong>yeedi vac station\/ yeedi k781+<\/p><p><strong>Navigation<\/strong> Visual SLAM<\/p><p><strong>Suction Power<\/strong> 600\/1500\/3000 Pa<\/p><p><strong>Water Tank Capacity<\/strong> 240 ml<\/p><p><strong>Water Flow Levels <\/strong>3<\/p><p><strong>Dustbin Capacity <\/strong>450 ml<\/p><p><strong>Dust Bag Capacity<\/strong> 2.5 L<\/p><p><strong>Dimensions<\/strong> 350 x 350 x 77 mm (Robot)<\/p><p>300 x 420 x 430 mm (Self-Empty Station)<\/p><p><strong>Battery Capacity <\/strong>5200 mAh<\/p><p><strong>Working Time<\/strong> 200 mins<\/p><p><strong>Charging Time<\/strong> 6 Hours<\/p><p><strong>Carpet Detection<\/strong> Yes<\/p><p><strong>Auto-Boost Suction<\/strong> Yes<\/p><p><strong>Obstacle Crossing Ability <\/strong>9 mm<\/p><p><strong>Control <\/strong>yeedi App\/Alexa<\/p>","page":""}},"18d99559-eda3-40d5-a04e-b7d6a6fd1f0d":{"type":"tab","settings":{"title":"Shipping information","content":"<p>yeedi offers free shipping and 30 days worry-free return.<\/p><p>Please check our <a href=\"https:\/\/www.yeedi.com\/policies\/shipping-policy\" target=\"_blank\" title=\"Shipping Policy\">Shipping Policies <\/a>and Return and <a href=\"https:\/\/www.yeedi.com\/policies\/refund-policy\" target=\"_blank\" title=\"Refund Policy\">Refund Policies<\/a> for more information.<\/p>","page":""}},"8ca5dff7-185c-492c-ba18-61bda8139556":{"type":"tab","settings":{"title":"Warranty","content":"<p>yeedi robot has automatic one year worry-free warranty from purchase date. Click to see more <a href=\"\/pages\/warranty\" title=\"yeedi One Year Worry-free Robot Vacuum and Mop Warranty\">warranty policies.<\/a><\/p>","page":""}},"93ecad75-3e98-4ecc-85de-baf5ff3b0d5c":{"type":"description","settings":{"is_tab":false}}},"block_order":["caeaa0ad-2b9e-4dde-a8e9-a5d6ac80dde2","8ad03144-0d68-4780-b82d-0a4c977ca306","18d99559-eda3-40d5-a04e-b7d6a6fd1f0d","8ca5dff7-185c-492c-ba18-61bda8139556","93ecad75-3e98-4ecc-85de-baf5ff3b0d5c"],"settings":{"max_width":true}},"background-image-text":{"type":"background-image-text","settings":{"subtitle":"yeedi mop station","title":"Grandma Approve Mopping Robot","text":"","button_label":"","button_link":"","image":"shopify:\/\/shop_images\/KV_.jpg.lin_f18d0103-7566-462f-8ac1-9a3305e1b2dd.jpg","focal_point":"center","layout":"right","height":550,"parallax":false}},"text-and-image":{"type":"text-and-image","settings":{"image":"shopify:\/\/shop_images\/vac-max-pc__05_1.jpg","image_width":700,"subtitle":"One Use Double Clean","title":"Vacuum and Mop at the Same Time","text":"<p>yeedi vac station is a multi-tasker that vacuums and mops at the same time with 3000Pa strong suction power and a smart mopping system. Leaving your floor twice clean with a single use.<\/p>","button_label":"","button_link":"","button_style":"primary","align_text":"left","layout":"right","divider":false}},"1639553772b6112ba6":{"type":"text-and-image","settings":{"image":"shopify:\/\/shop_images\/Landing_Page_APP_2.png","image_width":700,"subtitle":"holds up to 30 days of dust","title":"True Automatic Cleaning","text":"<p>Self-sufficient device with self-empty station liberate your hands for 30 days of hassle-free cleaning <\/p>","button_label":"","button_link":"","button_style":"primary","align_text":"left","layout":"left","divider":false}},"1639553357edc82f73":{"type":"text-and-image","settings":{"image":"shopify:\/\/shop_images\/03_2.jpg","image_width":700,"subtitle":"Ultrasonic Carpet Sensor","title":"Get Along Well with Your Carpet","text":"<p>Powered by ultrasonic technology, yeedi’s advanced carpet detection sensor smartly identifies your floor type to plan the cleaning method accordingly. It’ll crank suction power and avoid mopping when on the carpet.<\/p>","button_label":"","button_link":"","button_style":"primary","align_text":"left","layout":"right","divider":false}},"1639468887afc8eafd":{"type":"text-and-image","settings":{"image":"shopify:\/\/shop_images\/Landing_Page_APP_3.png","image_width":700,"subtitle":"The Cleaner with GPS","title":"No Corner of Your Home Goes Untouched","text":"<p>The <strong>visual mapping <\/strong>technology works seamlessly with the advanced <strong>floor tracking sensor<\/strong> to map out your pace like a GPS. No more haphazard bumping or missing spots.<\/p>","button_label":"","button_link":"","button_style":"primary","align_text":"left","layout":"left","divider":false}},"1639464777822560ba":{"type":"apps","blocks":{"cde4a3e6-a54c-4233-97c3-868384e5d76c":{"type":"shopify:\/\/apps\/rivyo-product-reviews-qa\/blocks\/wc-review-section\/f1860e84-309f-40ca-a2df-188435a622f3","settings":{}}},"block_order":["cde4a3e6-a54c-4233-97c3-868384e5d76c"],"settings":{"full_width":false,"space_around":true}},"1639552714be6a0f11":{"type":"logo-list","disabled":true,"blocks":{"1639552714bd399d47-0":{"type":"logo_image","settings":{"image":"shopify:\/\/shop_images\/Forbes-logo.png","link":""}},"1639552714bd399d47-1":{"type":"logo_image","settings":{"image":"shopify:\/\/shop_images\/download_becf5931-03ea-4617-b07f-72a222304402.png","link":""}},"1639552714bd399d47-2":{"type":"logo_image","settings":{"image":"shopify:\/\/shop_images\/cosmopolitan-logo-font-free-download-1200x679.jpg","link":""}},"1639552714bd399d47-3":{"type":"logo_image","settings":{"image":"shopify:\/\/shop_images\/Yahoo-logo.png","link":""}}},"block_order":["1639552714bd399d47-0","1639552714bd399d47-1","1639552714bd399d47-2","1639552714bd399d47-3"],"settings":{"title":"","logo_opacity":76,"divider":false}},"163816769528ea50c8":{"type":"hero-video","settings":{"title":"","title_size":80,"subheading":"","link_text":"","link":"","text_align":"vertical-center horizontal-center","video_url":"https:\/\/www.youtube.com\/watch?v=LtYTGmk6v6Q","overlay_opacity":0,"section_height":"650px","mobile_height":"auto"}},"16381676612630e74b":{"type":"apps","blocks":{"8a8a2412-a46c-4266-9303-d014a56dc7fb":{"type":"shopify:\/\/apps\/instafeed-instagram-feed\/blocks\/app-block\/c447db20-095d-4a10-9725-b5977662c9d5","settings":{"heading_size":20,"feed_width":100,"html_area":""}}},"block_order":["8a8a2412-a46c-4266-9303-d014a56dc7fb"],"settings":{"full_width":true,"space_around":true}},"product-recommendations":{"type":"product-recommendations","settings":{"show_product_recommendations":true,"product_recommendations_heading":"You may also like","related_count":5}},"collection-return":{"type":"collection-return","settings":{}}},"order":["main","sub","background-image-text","text-and-image","1639553772b6112ba6","1639553357edc82f73","1639468887afc8eafd","1639464777822560ba","1639552714be6a0f11","163816769528ea50c8","16381676612630e74b","product-recommendations","collection-return"]}