{"sections":{"main":{"type":"main-product","blocks":{"variant_picker":{"type":"variant_picker","settings":{"variant_labels":true,"picker_type":"button","color_swatches":false}},"price":{"type":"price","settings":{}},"sales_point":{"type":"sales_point","settings":{"icon":"truck","text":"Free US shipping"}},"inventory_status":{"type":"inventory_status","disabled":true,"settings":{"inventory_threshold":10,"inventory_transfers_enable":true}},"quantity_selector":{"type":"quantity_selector","settings":{}},"buy_buttons":{"type":"buy_buttons","settings":{"show_dynamic_checkout":true,"surface_pickup_enable":true}},"eb9e0856-7003-4dde-b137-be4fbbe49bfg":{"type":"bundle_individual","settings":{"bundle_title":"Order togher and save more $","bundle_discount":"10","bundle_discount_code":"YEEDI K650 BUNDLE","bundle_product1":"accessories-yeedi-k650-side-brush","bundle_product2":"accessories-yeedi-k650-main-brush","bundle_product3":"accessories-yeedi-k650-filter","bundle_product4":"","bundle_product5":""}},"eb9e0856-7003-4dde-b137-be4fbbe49bff":{"type":"bundle","settings":{"bundle_title":"Order togher and save more $","bundle_discount":"10","bundle_discount_code":"YEEDI K650 BUNDLE","bundle_product1":"accessories-yeedi-k650-side-brush","bundle_product2":"accessories-yeedi-k650-main-brush","bundle_product3":"accessories-yeedi-k650-filter","bundle_product4":"","bundle_product5":"","bundle_main":false,"bundle_tag":"Most Popular"}},"separator":{"type":"separator","settings":{}},"description":{"type":"description","settings":{"is_tab":false}},"tab":{"type":"tab","settings":{"title":"Shipping information","content":"<p>Use collapsible tabs for more detailed information that will help customers make a purchasing decision.<\/p><p>Ex: Shipping and return policies, size guides, and other common questions.<\/p>","page":""}},"contact":{"type":"contact","settings":{"title":"Ask a question","phone":false}},"text":{"type":"text","settings":{"text":"Text block"}},"share":{"type":"share","settings":{}}},"block_order":["variant_picker","price","sales_point","inventory_status","quantity_selector","buy_buttons","eb9e0856-7003-4dde-b137-be4fbbe49bfg","eb9e0856-7003-4dde-b137-be4fbbe49bff","separator","description","tab","contact","text","share"],"settings":{"sku_enable":false,"image_size":"medium","product_zoom_enable":true,"thumbnail_position":"beside","thumbnail_arrows":false,"enable_video_looping":true,"product_video_style":"muted"}},"sub":{"type":"product-full-width","settings":{"max_width":true}},"product-recommendations":{"type":"product-recommendations","settings":{"show_product_recommendations":true,"product_recommendations_heading":"You may also like","related_count":5}},"collection-return":{"type":"collection-return","settings":{}}},"order":["main","sub","product-recommendations","collection-return"]}