{"sections":{"main":{"type":"main-product","blocks":{"5955a56f-161e-4287-b014-9b64a212c536":{"type":"text","disabled":true,"settings":{"text":"-Apply to yeedi vac\/ vac max\/ vac station. <br>-Replacement frequency : Every 3 months"}},"price":{"type":"price","settings":{}},"00b667a5-1c5e-4c10-bf67-2183673691ac":{"type":"shopify:\/\/apps\/ongoing-subscriptions\/blocks\/subscription-plans-block\/2b8a98b6-05bf-4085-9c6f-f6cfbc2091e1","settings":{"auto_purchase_type":"one_time","enable_inner_border":true,"enable_purchase_type_emphasis":true,"purchase_options_label":"Frequency","purchase_type_one_time_label":"One Time Purchase","enable_purchase_type_one_time_price":true,"purchase_type_subscription_label":"Subscribe & Save","enable_purchase_type_subscription_percentage_discount":true,"enable_purchase_type_subscription_price":true,"purchase_type_subscription_label_secondary":"","subscription_plans_label":"Deliver Every","enable_original_price":true,"enable_subscription_price":true,"plan_selection_type":"dropdown"}},"4a0e45ce-eab8-421e-b06f-ed48e729e3de":{"type":"tab","settings":{"title":"Can accessory be returned and refunded? (Please Read)","content":"<p>Sorry. Once accessory item is shipped, returns or refunds of accessories will not be accepted for any reason other than Quality Problem.<\/p><p>Please make sure to order the correct item for your need, and contact <a href=\"\/pages\/contacts\" target=\"_blank\" title=\"Contacts\">support@yeedi.com<\/a> with any questions regarding the purchase of accessories and inquiries prior to purchase.<\/p>","page":""}},"buy_buttons":{"type":"buy_buttons","settings":{"show_dynamic_checkout":true,"surface_pickup_enable":false,"add_to_cart_text":"Add to cart","sold_out_text":"Currently Unvailable","button_link_text":"","button_link":""}},"variant_picker":{"type":"variant_picker","settings":{"variant_labels":true,"picker_type":"button","color_swatches":false}},"sales_point":{"type":"sales_point","settings":{"icon":"truck","text":"Free US shipping"}}},"block_order":["5955a56f-161e-4287-b014-9b64a212c536","price","00b667a5-1c5e-4c10-bf67-2183673691ac","4a0e45ce-eab8-421e-b06f-ed48e729e3de","buy_buttons","variant_picker","sales_point"],"settings":{"sku_enable":false,"image_size":"medium","product_zoom_enable":true,"thumbnail_position":"beside","thumbnail_arrows":true,"enable_video_looping":true,"product_video_style":"unmuted"}},"sub":{"type":"product-full-width","blocks":{"527fe2d1-4d0a-47d6-8d44-4fbdeba7120c":{"type":"description","settings":{"is_tab":false}},"18d99559-eda3-40d5-a04e-b7d6a6fd1f0d":{"type":"tab","settings":{"title":"Shipping information","content":"<p>Products are typically shipped in 3-7 weekdays after receiving an order. If you haven't received the item purchsed within 14 days of placing an order, please contact <a href=\"\/pages\/contacts\" target=\"_blank\" title=\"Contacts\">support@yeedi.com<\/a>. <\/p><p>Please check our <a href=\"https:\/\/www.yeedi.com\/policies\/shipping-policy\" target=\"_blank\" title=\"Shipping Policy\">Shipping Policies <\/a>and <a href=\"https:\/\/www.yeedi.com\/policies\/refund-policy\" target=\"_blank\" title=\"Refund Policy\">Return and Refund Policies<\/a> for more information.<\/p>","page":""}}},"block_order":["527fe2d1-4d0a-47d6-8d44-4fbdeba7120c","18d99559-eda3-40d5-a04e-b7d6a6fd1f0d"],"settings":{"max_width":true}},"1639464777822560ba":{"type":"apps","disabled":true,"blocks":{"cde4a3e6-a54c-4233-97c3-868384e5d76c":{"type":"shopify:\/\/apps\/rivyo-product-reviews-qa\/blocks\/wc-review-section\/f1860e84-309f-40ca-a2df-188435a622f3","settings":{}}},"block_order":["cde4a3e6-a54c-4233-97c3-868384e5d76c"],"settings":{"full_width":false,"space_around":true}},"16381676612630e74b":{"type":"apps","blocks":{"8a8a2412-a46c-4266-9303-d014a56dc7fb":{"type":"shopify:\/\/apps\/instafeed-instagram-feed\/blocks\/app-block\/c447db20-095d-4a10-9725-b5977662c9d5","settings":{"heading_size":20,"feed_width":100,"html_area":""}}},"block_order":["8a8a2412-a46c-4266-9303-d014a56dc7fb"],"settings":{"full_width":true,"space_around":true}},"product-recommendations":{"type":"product-recommendations","settings":{"show_product_recommendations":true,"product_recommendations_heading":"You may also like","related_count":4}},"collection-return":{"type":"collection-return","settings":{}}},"order":["main","sub","1639464777822560ba","16381676612630e74b","product-recommendations","collection-return"]}