{"sections":{"background-image-text":{"type":"background-image-text","disabled":true,"settings":{"subtitle":"yeedi mop station pro","title":"Every Detail Screams for Clean","text":"<p>Automatically quench your mops' thirst to keep your floor clean and fresh<\/p><p><\/p>","button_label":"","button_link":"","image":"shopify:\/\/shop_images\/KV_.jpg.lin_f18d0103-7566-462f-8ac1-9a3305e1b2dd.jpg","focal_point":"center","layout":"right","height":550,"parallax":false}},"163816769528ea50c8":{"type":"hero-video","settings":{"title":"","title_size":80,"subheading":"","link_text":"","link":"","text_align":"vertical-center horizontal-center","video_url":"https:\/\/www.youtube.com\/watch?v=U7TERmFc9p4","overlay_opacity":0,"section_height":"750px","mobile_height":"auto"}},"main":{"type":"main-product","blocks":{"f067f6f2-d2b7-4092-98ef-6d9f61a58626":{"type":"shopify:\/\/apps\/back-in-stock-customer-alerts\/blocks\/app-block\/bfa6a8c4-24e2-411a-9396-e35031b33f34","disabled":true,"settings":{"caption":"Email when available","font_size":23,"color":"#ffffff","background_color":"#5ac3df","margin_top":10,"margin_bottom":18,"classes":"button button--full-width","style":"text-decoration:none"}},"price":{"type":"price","settings":{}},"d0d01995-611f-4f42-bd49-ee018471925b":{"type":"shopify:\/\/apps\/rivyo-product-reviews-qa\/blocks\/wc-product-review-badge\/f1860e84-309f-40ca-a2df-188435a622f3","disabled":true,"settings":{}},"buy_buttons":{"type":"buy_buttons","settings":{"show_dynamic_checkout":true,"surface_pickup_enable":false,"add_to_cart_text":"Add to cart","sold_out_text":"Currently Unavailable","button_link_text":"","button_link":""}},"separator":{"type":"separator","settings":{}},"sales_point":{"type":"sales_point","settings":{"icon":"package","text":"Free US shipping"}},"4bb02be2-5602-4468-ac80-6b9fa50d3aa5":{"type":"sales_point","settings":{"icon":"checkmark","text":"30 days free return"}},"inventory_status":{"type":"inventory_status","settings":{"inventory_threshold":10,"inventory_transfers_enable":true}},"c794f476-368f-4ce1-987f-ddbb7920cae1":{"type":"sales_point","settings":{"icon":"lock","text":"One year worry-free warranty"}}},"block_order":["f067f6f2-d2b7-4092-98ef-6d9f61a58626","price","d0d01995-611f-4f42-bd49-ee018471925b","buy_buttons","separator","sales_point","4bb02be2-5602-4468-ac80-6b9fa50d3aa5","inventory_status","c794f476-368f-4ce1-987f-ddbb7920cae1"],"settings":{"sku_enable":false,"image_size":"medium","product_zoom_enable":true,"thumbnail_position":"beside","thumbnail_arrows":false,"enable_video_looping":true,"product_video_style":"muted"}},"1640845539997aa6b2":{"type":"newsletter","disabled":true,"blocks":{"1640845539dc40eb5b-0":{"type":"title","settings":{"title":"Email me when avilable","icon_enable":true}},"1640845539dc40eb5b-1":{"type":"text","settings":{"text":"<p>Subscribe to get special offers, free giveaways, and once-in-a-lifetime deals.<\/p>"}},"1640845539dc40eb5b-2":{"type":"form","settings":{}}},"block_order":["1640845539dc40eb5b-0","1640845539dc40eb5b-1","1640845539dc40eb5b-2"],"settings":{"color_background":"#f9f9f9","color_text":"#1c1d1d"}},"sub":{"type":"product-full-width","blocks":{"caeaa0ad-2b9e-4dde-a8e9-a5d6ac80dde2":{"type":"tab","settings":{"title":"Features","content":"<p><strong>2 Spin and Pressurized Mops<\/strong>:<br\/>2 spin mopping pads with 10N downward pressure stick close to the floor to capture all dirt and debris.<\/p><p><strong>Washing Machine for Your Mops: <br\/><\/strong>The self-cleaning station featuring 3500ml separate water tanks washes the dirty mops automatically like a washing machine.<\/p><p><strong>2500Pa Suction Power<\/strong>:<br\/>Boast up to 2500Pa strong suction power to suck up dirt hidden deep in the crevices.<\/p><p><strong>Navigate Smartly<\/strong>:<br\/>The Visual SLAM technology combined with the floor tracking sensor learns your home layout precisely and plans a neat and efficient cleaning path.<\/p><p><strong>180mins Runtime & Auto Recharge:<br\/><\/strong>The built-in 5200mAh battery fuels up 180mins of runtime on a single charge.  Automatically recharges and resumes cleaning.<\/p>","page":""}},"8ad03144-0d68-4780-b82d-0a4c977ca306":{"type":"tab","disabled":true,"settings":{"title":"Specs","content":"<p><strong>Model <\/strong>yeedi mop station pro\/ yeedi k850+<\/p><p><strong>Navigation<\/strong> Visual SLAM<\/p><p><strong>Suction Power<\/strong> 600\/1500\/3000 Pa<\/p><p><strong>Water Tank Capacity<\/strong> 240 ml<\/p><p><strong>Water Flow Levels <\/strong>3<\/p><p><strong>Dustbin Capacity <\/strong>450 ml<\/p><p><strong>Dust Bag Capacity<\/strong> 2.5 L<\/p><p><strong>Dimensions<\/strong> 350 x 350 x 77 mm (Robot)<\/p><p>300 x 420 x 430 mm (Self-Empty Station)<\/p><p><strong>Battery Capacity <\/strong>5200 mAh<\/p><p><strong>Working Time<\/strong> 200 mins<\/p><p><strong>Charging Time<\/strong> 6 Hours<\/p><p><strong>Carpet Detection<\/strong> Yes<\/p><p><strong>Auto-Boost Suction<\/strong> Yes<\/p><p><strong>Obstacle Crossing Ability <\/strong>9 mm<\/p><p><strong>Control <\/strong>yeedi App\/Alexa<\/p>","page":""}},"18d99559-eda3-40d5-a04e-b7d6a6fd1f0d":{"type":"tab","settings":{"title":"Shipping information","content":"<p>yeedi offers free shipping and 30 days worry-free return.<\/p><p>Please check our <a href=\"https:\/\/www.yeedi.com\/policies\/shipping-policy\" target=\"_blank\" title=\"Shipping Policy\">Shipping Policies <\/a>and Return and <a href=\"https:\/\/www.yeedi.com\/policies\/refund-policy\" target=\"_blank\" title=\"Refund Policy\">Refund Policies<\/a> for more information.<\/p>","page":""}},"8ca5dff7-185c-492c-ba18-61bda8139556":{"type":"tab","settings":{"title":"Warranty","content":"<p>yeedi robot has automatic one year worry-free warranty from purchase date. Click to see more <a href=\"\/pages\/warranty\" title=\"yeedi One Year Worry-free Robot Vacuum and Mop Warranty\">warranty policies.<\/a><\/p>","page":""}}},"block_order":["caeaa0ad-2b9e-4dde-a8e9-a5d6ac80dde2","8ad03144-0d68-4780-b82d-0a4c977ca306","18d99559-eda3-40d5-a04e-b7d6a6fd1f0d","8ca5dff7-185c-492c-ba18-61bda8139556"],"settings":{"max_width":true}},"1645610200b46b31b9":{"type":"background-image-text","settings":{"subtitle":"YEEDI MOP STATION","title":"No More Hands-On Mop Washing","text":"<p>Automatically quench your mops' thirst to keep your floor clean and fresh<\/p>","button_label":"","button_link":"","image":"shopify:\/\/shop_images\/04_24d6a098-e9b2-4506-b052-b31f677af4e9.jpg","focal_point":"center","layout":"left","height":550,"parallax":true}},"text-and-image":{"type":"text-and-image","settings":{"image":"shopify:\/\/shop_images\/mops-video-01.gif","image_width":700,"subtitle":"","title":"Mop Like a House Cleaning Expert","text":"<p>yeedi’s two spin mopping pads are pressed tightly against the floor by a<strong>10N<\/strong>downward pressure to\u0003imitate manual mopping.<\/p>","button_label":"","button_link":"","button_style":"primary","align_text":"left","layout":"right","divider":false}},"1639468887afc8eafd":{"type":"text-and-image","settings":{"image":"shopify:\/\/shop_images\/mops-Video_01_750x_2397968d-7f35-4b3c-80a4-7bdbfd1978ee.gif","image_width":700,"subtitle":"NO CROSS CONTAMINATION","title":"Built-In “Washing Machine” for Your Mops","text":"<p>yeedi’s self-cleaning station is like the washing machine<br\/>for your mops. It automatically scrubs the filthy mops repeatedly<br\/>and wash the dirt off every 10 minutes.<\/p>","button_label":"","button_link":"","button_style":"primary","align_text":"left","layout":"left","divider":false}},"1639646211cdcc8fb3":{"type":"text-and-image","settings":{"image":"shopify:\/\/shop_images\/mops-pro-Video_03_750x_f966d473-df9e-42d6-8a7d-7bdf02afd743.gif","image_width":700,"subtitle":"ultrasonic carpet sensor","title":"Care Your Carpet","text":"<p>The built-in carpet sensor intelligently recognizes your carpet. yeedi will avoid reaching it when mopping and crank up suction when vacuuming to sweep up the embedded dirt. <\/p>","button_label":"","button_link":"","button_style":"primary","align_text":"left","layout":"right","divider":false}},"1639645952606cfa2a":{"type":"text-and-image","settings":{"image":"shopify:\/\/shop_images\/mops-pro-PC__04_750x_e9a6c64b-5dab-4113-8cbe-746b5d874b28.jpg","image_width":700,"subtitle":"Mop with Pressure","title":"Press Harder, Mop Better","text":"<p>yeedi’s two spin mopping pads are pressed tightly against the floor by a <strong>10N<\/strong> downward pressure to imitate manual mopping.<\/p>","button_label":"","button_link":"","button_style":"primary","align_text":"left","layout":"left","divider":false}},"1639646244a960d2a8":{"type":"text-and-image","settings":{"image":"shopify:\/\/shop_images\/mop-AE_-app_08_1.jpg","image_width":700,"subtitle":"Mop and vacuum simultaneously","title":"Zero Tolerance for Debris","text":"<p>Up to<strong>2500Pa<\/strong>suction power and a tangle-free silicone brush tackle crumbles, pet hair and dirt with ease.<\/p>","button_label":"","button_link":"","button_style":"primary","align_text":"left","layout":"right","divider":false}},"16456665370f320248":{"type":"text-and-image","settings":{"image":"shopify:\/\/shop_images\/mops-pro-PC__06_750x_18952a49-4e17-40db-9369-94fdca8d56bc.jpg","image_width":700,"subtitle":"no cross contamination","title":"Separate Water Tanks","text":"<p>Features 2 water tanks, yeedi mop station sprays clean water to wash your mops and pumps the dirty water into the dirty water tank for<strong>systematic water disposal<\/strong>.<\/p>","button_label":"","button_link":"","button_style":"primary","align_text":"left","layout":"left","divider":false}},"1639725821972e79cd":{"type":"text-and-image","settings":{"image":"shopify:\/\/shop_images\/mop-AE_-app_02_2.jpg","image_width":700,"subtitle":"Gigantic Water Tank","title":"Clean in One Fill","text":"<p>The gigantic clean water tank with a capacity of 3500ml keeps your mopping pads clean and wet. Get your whole floor cleaned with merely one fill. <\/p>","button_label":"","button_link":"","button_style":"primary","align_text":"left","layout":"right","divider":false}},"16456678183d3e3d5c":{"type":"text-columns","blocks":{"16456678186a157a3d-0":{"type":"text_block","settings":{"enable_image":true,"image":"shopify:\/\/shop_images\/mops-pro-PC__08_750x_64de6d38-8a82-4509-8190-b101b2c78ed8.jpg","image_width":650,"title":"Clean in Neat Paths No Spots Missed","text":"<p>Learn your home layout and plan neat cleaning paths without missing any spots thanks to the Visual<strong>SLAM<\/strong>technology and<strong>floor tracking sensor<\/strong>.<\/p>","button_label":"","button_link":""}},"16456678186a157a3d-1":{"type":"text_block","settings":{"enable_image":true,"image":"shopify:\/\/shop_images\/mops-pro-PC__09_750x_4e3c8e37-0050-4129-a3d6-ebe29a35ff83.jpg","image_width":650,"title":"Revolutionize the Way You Clean","text":"<p>Clean anywhere at any time with our convenient<strong>yeedi app<\/strong>. Compatible with<strong>Amazon Alexa<\/strong>,<strong>Google Home Assistant<\/strong>and<strong>yandex Alice<\/strong>for voice control.<\/p>","button_label":"","button_link":""}}},"block_order":["16456678186a157a3d-0","16456678186a157a3d-1"],"settings":{"title":"","align_text":"center","divider":false,"height":false}},"1639464777822560ba":{"type":"apps","blocks":{"cde4a3e6-a54c-4233-97c3-868384e5d76c":{"type":"shopify:\/\/apps\/rivyo-product-reviews-qa\/blocks\/wc-review-section\/f1860e84-309f-40ca-a2df-188435a622f3","settings":{}}},"block_order":["cde4a3e6-a54c-4233-97c3-868384e5d76c"],"settings":{"full_width":false,"space_around":true}},"16381676612630e74b":{"type":"apps","blocks":{"8a8a2412-a46c-4266-9303-d014a56dc7fb":{"type":"shopify:\/\/apps\/instafeed-instagram-feed\/blocks\/app-block\/c447db20-095d-4a10-9725-b5977662c9d5","settings":{"heading_size":20,"feed_width":100,"html_area":""}}},"block_order":["8a8a2412-a46c-4266-9303-d014a56dc7fb"],"settings":{"full_width":false,"space_around":true}},"collection-return":{"type":"collection-return","settings":{}},"product-recommendations":{"type":"product-recommendations","settings":{"show_product_recommendations":true,"product_recommendations_heading":"You may also like","related_count":5}}},"order":["background-image-text","163816769528ea50c8","main","1640845539997aa6b2","sub","1645610200b46b31b9","text-and-image","1639468887afc8eafd","1639646211cdcc8fb3","1639645952606cfa2a","1639646244a960d2a8","16456665370f320248","1639725821972e79cd","16456678183d3e3d5c","1639464777822560ba","16381676612630e74b","collection-return","product-recommendations"]}