{"sections":{"main":{"type":"main-product","blocks":{"d0d01995-611f-4f42-bd49-ee018471925b":{"type":"shopify:\/\/apps\/rivyo-product-reviews-qa\/blocks\/wc-product-review-badge\/f1860e84-309f-40ca-a2df-188435a622f3","disabled":true,"settings":{}},"f5fdf3c6-27d7-49e9-9fa1-284db4d333e3":{"type":"text","settings":{"text":"Super Easy to Control"}},"price":{"type":"price","settings":{}},"buy_buttons":{"type":"buy_buttons","settings":{"show_dynamic_checkout":true,"surface_pickup_enable":false,"add_to_cart_text":"Add to cart","sold_out_text":"Currently Unvailable","button_link_text":"","button_link":""}},"separator":{"type":"separator","disabled":true,"settings":{}},"variant_picker":{"type":"variant_picker","settings":{"variant_labels":true,"picker_type":"button","color_swatches":false}},"912235b1-e4f9-40e9-b470-4b6795045733":{"type":"custom","settings":{"code":"<h4>Please Note<\/h4><p>This is an officially <strong>refurbished item<\/strong>.<br\/>\n- You will get an automatic 6-month Warranty.<br\/>\n- Return or exchange for any reason other than quality issues will not be accepted.<\/p>"}},"sales_point":{"type":"sales_point","disabled":true,"settings":{"icon":"truck","text":"Free US shipping"}},"c794f476-368f-4ce1-987f-ddbb7920cae1":{"type":"sales_point","disabled":true,"settings":{"icon":"checkmark","text":"6 Months Warranty"}},"4bb02be2-5602-4468-ac80-6b9fa50d3aa5":{"type":"sales_point","disabled":true,"settings":{"icon":"package","text":"Not Applied to Free Return"}}},"block_order":["d0d01995-611f-4f42-bd49-ee018471925b","f5fdf3c6-27d7-49e9-9fa1-284db4d333e3","price","buy_buttons","separator","variant_picker","912235b1-e4f9-40e9-b470-4b6795045733","sales_point","c794f476-368f-4ce1-987f-ddbb7920cae1","4bb02be2-5602-4468-ac80-6b9fa50d3aa5"],"settings":{"sku_enable":false,"image_size":"medium","product_zoom_enable":true,"thumbnail_position":"beside","thumbnail_arrows":true,"enable_video_looping":true,"product_video_style":"unmuted"}},"16575181805de1d797":{"type":"vac2-banner","settings":{"show_block":true,"image":"shopify:\/\/shop_images\/yeedi-k600-banner.jpg","image_mb":"shopify:\/\/shop_images\/yeedi-k600-banner.jpg","title":"","title02":"","subtitle":"","btntext":"","btnurl":""}},"1657518367b340ce43":{"type":"vac2-banner","settings":{"show_block":true,"image":"shopify:\/\/shop_images\/yeedi-k600-banner-01.jpg","image_mb":"shopify:\/\/shop_images\/yeedi-k600-banner-01.jpg","title":"","title02":"","subtitle":"","btntext":"","btnurl":""}},"sub":{"type":"product-full-width","blocks":{"caeaa0ad-2b9e-4dde-a8e9-a5d6ac80dde2":{"type":"tab","settings":{"title":"Features","content":"<p><strong>4 Cleaning Modes<\/strong><\/p><p>Including Auto cleaning mode, Spot cleaning mode, Edge cleaning mode and two suction modes to meet different cleaning needs.<\/p><p><strong>Three Brushes for Deep Cleaning<\/strong><\/p><p>yeedi K600 features a dual side brushes which work seamlessly with a V-shaped nylon & rubber rolling brush to pick up dust, dirt and large debris from wider areas especially suitable to remove stubborn dirt on the carpet and hard floors.<\/p><p><strong>Clean Hard to Reach Places<\/strong><\/p><p>The low profile design gets under sofas, beds, and furniture where dirt hides and works on wood, tile, and carpet to clean your entire home.<\/p><p><strong>Easy to Control<\/strong><\/p><p>Super easy to use with one button control even for the elderly. You can also use remote to start, stop and change the cleaning modes. It can be the best gift for your parents or family without WiFi.<\/p><p><\/p>","page":""}},"8ad03144-0d68-4780-b82d-0a4c977ca306":{"type":"tab","disabled":true,"settings":{"title":"Specs","content":"<p><strong>Model <\/strong>yeedi vac station\/ yeedi k781+<\/p><p><strong>Navigation<\/strong> Visual SLAM<\/p><p><strong>Suction Power<\/strong> 600\/1500\/3000 Pa<\/p><p><strong>Water Tank Capacity<\/strong> 240 ml<\/p><p><strong>Water Flow Levels <\/strong>3<\/p><p><strong>Dustbin Capacity <\/strong>450 ml<\/p><p><strong>Dust Bag Capacity<\/strong> 2.5 L<\/p><p><strong>Dimensions<\/strong> 350 x 350 x 77 mm (Robot)<\/p><p>300 x 420 x 430 mm (Self-Empty Station)<\/p><p><strong>Battery Capacity <\/strong>5200 mAh<\/p><p><strong>Working Time<\/strong> 200 mins<\/p><p><strong>Charging Time<\/strong> 6 Hours<\/p><p><strong>Carpet Detection<\/strong> Yes<\/p><p><strong>Auto-Boost Suction<\/strong> Yes<\/p><p><strong>Obstacle Crossing Ability <\/strong>9 mm<\/p><p><strong>Control <\/strong>yeedi App\/Alexa<\/p>","page":""}},"18d99559-eda3-40d5-a04e-b7d6a6fd1f0d":{"type":"tab","settings":{"title":"Shipping & Return (Please Read)","content":"<p>yeedi offers free shipping on all products. Please note that <strong>refurbished items CAN NOT be returned or refunded<\/strong> for any reason except for quality issue.<\/p>","page":""}},"8ca5dff7-185c-492c-ba18-61bda8139556":{"type":"tab","settings":{"title":"6-month Warranty","content":"<p>yeedi refurbished robot has automatic <strong>6 months<\/strong> worry-free warranty from purchase date.<\/p>","page":""}}},"block_order":["caeaa0ad-2b9e-4dde-a8e9-a5d6ac80dde2","8ad03144-0d68-4780-b82d-0a4c977ca306","18d99559-eda3-40d5-a04e-b7d6a6fd1f0d","8ca5dff7-185c-492c-ba18-61bda8139556"],"settings":{"max_width":true}},"background-image-text":{"type":"background-image-text","disabled":true,"settings":{"subtitle":"yeedi k650","title":"Purposely-built for Pet Hair Pickup","text":"<p><strong>\"The Best Robot Vacuum for Pet Hair\" on Digital Trends, Wired and Reviewed.<\/strong><\/p>","button_label":"","button_link":"","image":"shopify:\/\/shop_images\/k650_058c28d6-df71-42b0-8307-0a3c6034617d.png","focal_point":"center","layout":"right","height":550,"parallax":false}},"163955301171de49c5":{"type":"text-columns","disabled":true,"blocks":{"1639553011644dfe0d-1":{"type":"text_block","settings":{"enable_image":true,"image":"shopify:\/\/shop_images\/review2.jpg","image_width":650,"title":"","text":"","button_label":"","button_link":""}},"1639553011644dfe0d-0":{"type":"text_block","settings":{"enable_image":true,"image":"shopify:\/\/shop_images\/review1.jpg","image_width":650,"title":"","text":"","button_label":"","button_link":""}},"1639553011644dfe0d-2":{"type":"text_block","settings":{"enable_image":true,"image":"shopify:\/\/shop_images\/review3.jpg","image_width":650,"title":"","text":"","button_label":"","button_link":""}},"41be118f-369a-45fb-8640-fb0b57a75dde":{"type":"text_block","settings":{"enable_image":true,"image":"shopify:\/\/shop_images\/review5.jpg","image_width":650,"title":"","text":"","button_label":"","button_link":""}},"631929f9-ed64-49d5-bd20-6c3e3c8d5f4f":{"type":"text_block","settings":{"enable_image":true,"image":"shopify:\/\/shop_images\/review4.jpg","image_width":650,"title":"","text":"","button_label":"","button_link":""}},"caf7a3a2-491b-4ba2-a061-d96923f4916e":{"type":"text_block","settings":{"enable_image":true,"image":"shopify:\/\/shop_images\/review6.jpg","image_width":650,"title":"","text":"","button_label":"","button_link":""}}},"block_order":["1639553011644dfe0d-1","1639553011644dfe0d-0","1639553011644dfe0d-2","41be118f-369a-45fb-8640-fb0b57a75dde","631929f9-ed64-49d5-bd20-6c3e3c8d5f4f","caf7a3a2-491b-4ba2-a061-d96923f4916e"],"settings":{"title":"","align_text":"center","divider":false,"height":false}},"text-and-image":{"type":"text-and-image","disabled":true,"settings":{"image":"shopify:\/\/shop_images\/Tangle-Free.png","image_width":700,"subtitle":"Silicone Brush","title":"Tangle-Free, Worry-Free","text":"<p>The silicone main brush in a tangle-free design picks up pet hair with ease. Stop worrying about hair clogs and start focusing on what really matters.<\/p>","button_label":"","button_link":"","button_style":"primary","align_text":"left","layout":"right","divider":false}},"1639553357edc82f73":{"type":"text-and-image","disabled":true,"settings":{"image":"shopify:\/\/shop_images\/Slim_Body_with.png","image_width":700,"subtitle":"800ml XXL-sized Dustbin","title":"Eat Up All The Furs","text":"<p><strong>3.1’’<\/strong>ultra slim body removes hair and dust hidden under your sofa and bed for thorough cleaning while the enlarged dust bin with a capacity of <strong>800m<\/strong>l holds more dirt to reduce dustbin emptying frequency.<\/p>","button_label":"","button_link":"","button_style":"primary","align_text":"left","layout":"right","divider":false}},"1639553772b6112ba6":{"type":"text-and-image","disabled":true,"settings":{"image":"shopify:\/\/shop_images\/Compatible_with.png","image_width":700,"subtitle":"Boundary Strips","title":"Clean only where you want","text":"<p>Compatible with Boundary Strips — specialized new and upgraded sensors detect Boundary Taps to ensure your robot only cleans the areas you want. (Purchase as required for your house cleaning needs.)<\/p>","button_label":"","button_link":"","button_style":"primary","align_text":"left","layout":"left","divider":false}},"1639468887afc8eafd":{"type":"text-and-image","disabled":true,"settings":{"image":"shopify:\/\/shop_images\/Smart_Sensors.png","image_width":700,"subtitle":"Smart Sensors","title":"Clean with Safety Protection","text":"<p>Equipped with a full set of sensors to safely navigate your home. Anti-Drop sensors identify stairs, preventing falls. Anti-collision sensors help to avoid bumping into obstacles such as furniture.<\/p>","button_label":"","button_link":"","button_style":"primary","align_text":"left","layout":"left","divider":false}},"16475123950ad5f90d":{"type":"slideshow","disabled":true,"blocks":{"164751239506acd983-1":{"type":"image","settings":{"title":"","title_size":80,"subheading":"","link":"","link_text":"","text_align":"vertical-center horizontal-center","image":"shopify:\/\/shop_images\/k650-package_410d0d6b-8614-4f22-b20d-5d057cfc49b8.jpg","image_mobile":"shopify:\/\/shop_images\/k650-package.jpg","overlay_opacity":0,"focal_point":"center center"}}},"block_order":["164751239506acd983-1"],"settings":{"section_height":"650px","mobile_height":"auto","parallax":false,"style":"arrows","style_position":"right","autoplay":false,"autoplay_speed":5}},"1639464777822560ba":{"type":"apps","blocks":{"cde4a3e6-a54c-4233-97c3-868384e5d76c":{"type":"shopify:\/\/apps\/rivyo-product-reviews-qa\/blocks\/wc-review-section\/f1860e84-309f-40ca-a2df-188435a622f3","settings":{}}},"block_order":["cde4a3e6-a54c-4233-97c3-868384e5d76c"],"settings":{"full_width":false,"space_around":true}},"1639552714be6a0f11":{"type":"logo-list","disabled":true,"blocks":{"1639552714bd399d47-0":{"type":"logo_image","settings":{"image":"shopify:\/\/shop_images\/Reviewed.png","link":""}},"1639552714bd399d47-1":{"type":"logo_image","settings":{"image":"shopify:\/\/shop_images\/Popular_Science.png","link":""}},"1639552714bd399d47-3":{"type":"logo_image","settings":{"image":"shopify:\/\/shop_images\/PCMag_d36cb99b-4213-4558-857a-0f674a25b455.png","link":""}},"1639552714bd399d47-2":{"type":"logo_image","settings":{"image":"shopify:\/\/shop_images\/Digital_Trends.png","link":""}}},"block_order":["1639552714bd399d47-0","1639552714bd399d47-1","1639552714bd399d47-3","1639552714bd399d47-2"],"settings":{"title":"","logo_opacity":76,"divider":false}},"163816769528ea50c8":{"type":"hero-video","disabled":true,"settings":{"title":"","title_size":80,"subheading":"","link_text":"","link":"","text_align":"vertical-center horizontal-center","video_url":"https:\/\/www.youtube.com\/watch?v=LtYTGmk6v6Q","overlay_opacity":0,"section_height":"650px","mobile_height":"auto"}},"16381676612630e74b":{"type":"apps","blocks":{"8a8a2412-a46c-4266-9303-d014a56dc7fb":{"type":"shopify:\/\/apps\/instafeed-instagram-feed\/blocks\/app-block\/c447db20-095d-4a10-9725-b5977662c9d5","settings":{"heading_size":20,"feed_width":100,"html_area":""}}},"block_order":["8a8a2412-a46c-4266-9303-d014a56dc7fb"],"settings":{"full_width":true,"space_around":true}},"product-recommendations":{"type":"product-recommendations","settings":{"show_product_recommendations":true,"product_recommendations_heading":"You may also like","related_count":5}},"collection-return":{"type":"collection-return","settings":{}}},"order":["main","16575181805de1d797","1657518367b340ce43","sub","background-image-text","163955301171de49c5","text-and-image","1639553357edc82f73","1639553772b6112ba6","1639468887afc8eafd","16475123950ad5f90d","1639464777822560ba","1639552714be6a0f11","163816769528ea50c8","16381676612630e74b","product-recommendations","collection-return"]}