{"sections":{"main":{"type":"main-product","blocks":{"d0d01995-611f-4f42-bd49-ee018471925b":{"type":"shopify:\/\/apps\/rivyo-product-reviews-qa\/blocks\/wc-product-review-badge\/f1860e84-309f-40ca-a2df-188435a622f3","disabled":true,"settings":{}},"0233c760-1020-47d7-901c-60981b3a91f6":{"type":"text","settings":{"text":"Vacuum Mop Combo with 3D Obstacle Avoidance"}},"price":{"type":"price","settings":{}},"buy_buttons":{"type":"buy_buttons","settings":{"show_dynamic_checkout":true,"surface_pickup_enable":false,"add_to_cart_text":"Add to cart","sold_out_text":"Currently Unvailable","button_link_text":"","button_link":""}},"separator":{"type":"separator","settings":{}},"variant_picker":{"type":"variant_picker","settings":{"variant_labels":true,"picker_type":"button","color_swatches":false}},"sales_point":{"type":"sales_point","settings":{"icon":"truck","text":"Free US shipping"}},"4bb02be2-5602-4468-ac80-6b9fa50d3aa5":{"type":"sales_point","settings":{"icon":"package","text":"30 days free return"}},"c794f476-368f-4ce1-987f-ddbb7920cae1":{"type":"sales_point","settings":{"icon":"checkmark","text":"One year worry-free warranty"}}},"block_order":["d0d01995-611f-4f42-bd49-ee018471925b","0233c760-1020-47d7-901c-60981b3a91f6","price","buy_buttons","separator","variant_picker","sales_point","4bb02be2-5602-4468-ac80-6b9fa50d3aa5","c794f476-368f-4ce1-987f-ddbb7920cae1"],"settings":{"sku_enable":false,"image_size":"large","product_zoom_enable":true,"thumbnail_position":"beside","thumbnail_arrows":true,"enable_video_looping":true,"product_video_style":"unmuted"}},"sub":{"type":"product-full-width","disabled":true,"blocks":{"caeaa0ad-2b9e-4dde-a8e9-a5d6ac80dde2":{"type":"tab","settings":{"title":"Features","content":"<p><strong>Tap the Map to Clean<br\/><\/strong>Gain a customized cleaning experience via yeedi’s editable home map. Simply tap the targeted room or draw up a specific area on the map to clean or avoid.<\/p><p><strong>Smart Mapping and Navigation<\/strong><\/p><p>Maps and defines specific areas and paths for optimal cleaning trajectory.<\/p><p><strong>110-Minute Runtime<\/strong><\/p><p>The built-in battery fuels up to 110 minutes of non-stop cleaning on a single charge. Battery low? yeedi automatically returns to the charging dock for recharge and resumes cleaning right where it left off.<\/p><p><strong>Complete App Control<\/strong><br\/>Schedule your cleaning and choose a specific area to clean.<\/p><p><strong>Upgradable Cleaning<\/strong> <\/p><p>yeedi vac robotic vacuum works with yeedi mopping modular and self-empty station (sold separately). Mix and match to add mopping or self-emptying features to your smart cleaner whenever you feel like it.<\/p>","page":""}},"8ad03144-0d68-4780-b82d-0a4c977ca306":{"type":"tab","settings":{"title":"Specs","content":"<p><strong>Model <\/strong>yeedi vac \/ yeedi k750<\/p><p><strong>Navigation<\/strong> Visual SLAM<\/p><p><strong>Suction Power<\/strong> 600\/1500\/3000Pa<\/p><p><strong>Dustbin Capacity <\/strong>450 ml<\/p><p><strong>Dimensions<\/strong> 350 x 350 x 77 mm <\/p><p><strong>Battery Capacity <\/strong>2600 mAh<\/p><p><strong>Working Time<\/strong> 110 mins<\/p><p><strong>Charging Time<\/strong> 4 Hours<\/p><p><strong>Carpet Detection<\/strong> Yes<\/p><p><strong>Auto-Boost Suction<\/strong> Yes<\/p><p><strong>Obstacle Crossing Ability <\/strong>9 mm<\/p><p><strong>Control <\/strong>yeedi APP \/ Alexa \/ Google Assistant<\/p>","page":""}},"18d99559-eda3-40d5-a04e-b7d6a6fd1f0d":{"type":"tab","settings":{"title":"Shipping information","content":"<p>yeedi offers free shipping and 30 days worry-free return.<\/p><p>Please check our <a href=\"https:\/\/www.yeedi.com\/policies\/shipping-policy\" target=\"_blank\" title=\"Shipping Policy\">Shipping Policies <\/a>and Return and <a href=\"https:\/\/www.yeedi.com\/policies\/refund-policy\" target=\"_blank\" title=\"Refund Policy\">Refund Policies<\/a> for more information.<\/p>","page":""}},"8ca5dff7-185c-492c-ba18-61bda8139556":{"type":"tab","settings":{"title":"Warranty","content":"<p>yeedi robot has automatic one year worry-free warranty from purchase date. Click to see more <a href=\"\/pages\/warranty\" title=\"yeedi One Year Worry-free Robot Vacuum and Mop Warranty\">warranty policies.<\/a><\/p>","page":""}}},"block_order":["caeaa0ad-2b9e-4dde-a8e9-a5d6ac80dde2","8ad03144-0d68-4780-b82d-0a4c977ca306","18d99559-eda3-40d5-a04e-b7d6a6fd1f0d","8ca5dff7-185c-492c-ba18-61bda8139556"],"settings":{"max_width":true}},"163955301171de49c5":{"type":"text-columns","disabled":true,"blocks":{"1639553011644dfe0d-1":{"type":"text_block","settings":{"enable_image":true,"image":"shopify:\/\/shop_images\/review2.jpg","image_width":650,"title":"","text":"","button_label":"","button_link":""}},"1639553011644dfe0d-0":{"type":"text_block","settings":{"enable_image":true,"image":"shopify:\/\/shop_images\/review1.jpg","image_width":650,"title":"","text":"","button_label":"","button_link":""}},"1639553011644dfe0d-2":{"type":"text_block","settings":{"enable_image":true,"image":"shopify:\/\/shop_images\/review3.jpg","image_width":650,"title":"","text":"","button_label":"","button_link":""}},"41be118f-369a-45fb-8640-fb0b57a75dde":{"type":"text_block","settings":{"enable_image":true,"image":"shopify:\/\/shop_images\/review5.jpg","image_width":650,"title":"","text":"","button_label":"","button_link":""}},"631929f9-ed64-49d5-bd20-6c3e3c8d5f4f":{"type":"text_block","settings":{"enable_image":true,"image":"shopify:\/\/shop_images\/review4.jpg","image_width":650,"title":"","text":"","button_label":"","button_link":""}},"caf7a3a2-491b-4ba2-a061-d96923f4916e":{"type":"text_block","settings":{"enable_image":true,"image":"shopify:\/\/shop_images\/review6.jpg","image_width":650,"title":"","text":"","button_label":"","button_link":""}}},"block_order":["1639553011644dfe0d-1","1639553011644dfe0d-0","1639553011644dfe0d-2","41be118f-369a-45fb-8640-fb0b57a75dde","631929f9-ed64-49d5-bd20-6c3e3c8d5f4f","caf7a3a2-491b-4ba2-a061-d96923f4916e"],"settings":{"title":"","align_text":"center","divider":false,"height":false}},"background-image-text":{"type":"background-image-text","disabled":true,"settings":{"subtitle":"yeedi vac","title":"Accessible Smartness","text":"<p>Luxuriously smart cleaning without luxury price.<\/p>","button_label":"","button_link":"","image":"shopify:\/\/shop_images\/vac-pc__03.png","focal_point":"center","layout":"left","height":650,"parallax":false}},"1639468887afc8eafd":{"type":"text-and-image","disabled":true,"settings":{"image":"shopify:\/\/shop_images\/Landing_Page_APP_3.png","image_width":700,"subtitle":"The Cleaner with GPS","title":"Powered by Real Smarts","text":"<p>The <strong>visual mapping <\/strong>technology works seamlessly with the advanced <strong>floor tracking sensor<\/strong> to map out your pace like a GPS. No more haphazard bumping or missing spots.<\/p>","button_label":"","button_link":"","button_style":"primary","align_text":"left","layout":"left","divider":false}},"1639553772b6112ba6":{"type":"text-and-image","disabled":true,"settings":{"image":"shopify:\/\/shop_images\/vac-pc__06_1.jpg","image_width":700,"subtitle":"2500pa","title":"No Mercy for Dirt","text":"<p>yeedi vac is a real fighter who never compromises with dirt and debris. It sucks up crumbles, pet hair and more from carpet, wood floor and tiles with its 2500Pa strong suction power.<\/p>","button_label":"","button_link":"","button_style":"primary","align_text":"left","layout":"right","divider":false}},"1639553357edc82f73":{"type":"text-and-image","disabled":true,"settings":{"image":"shopify:\/\/shop_images\/img1_4.jpg","image_width":700,"subtitle":"Ultrasonic Carpet Sensor","title":"Power Up When Needed, otherwise Quite.","text":"<p>It takes more power to remove dirt and debris on the carpet. yeedi’s carpet detection sensor recognizes the carpet and increases the suction power automatically to capture dirt hidden deep down.<\/p>","button_label":"","button_link":"","button_style":"primary","align_text":"left","layout":"right","divider":false}},"text-and-image":{"type":"text-and-image","disabled":true,"settings":{"image":"shopify:\/\/shop_images\/vac-pc__08_1.jpg","image_width":700,"subtitle":"yeedi vac series","title":"Upgradable for Even Better Cleaning","text":"<p>You can purchase add-on mop and self-empty station to turn your yeedi vac into a vacuum cleaner with wet mop and self-empty function for an upgraded cleaning experience.<\/p>","button_label":"Shop Upgrading Parts","button_link":"shopify:\/\/collections\/yeedi-vac-series","button_style":"primary","align_text":"left","layout":"left","divider":false}},"1639464777822560ba":{"type":"apps","blocks":{"cde4a3e6-a54c-4233-97c3-868384e5d76c":{"type":"shopify:\/\/apps\/rivyo-product-reviews-qa\/blocks\/wc-review-section\/f1860e84-309f-40ca-a2df-188435a622f3","settings":{}}},"block_order":["cde4a3e6-a54c-4233-97c3-868384e5d76c"],"settings":{"full_width":false,"space_around":true}},"1639552714be6a0f11":{"type":"logo-list","disabled":true,"blocks":{"1639552714bd399d47-0":{"type":"logo_image","settings":{"image":"shopify:\/\/shop_images\/Forbes-logo.png","link":""}},"1639552714bd399d47-1":{"type":"logo_image","settings":{"image":"shopify:\/\/shop_images\/download_becf5931-03ea-4617-b07f-72a222304402.png","link":""}},"1639552714bd399d47-2":{"type":"logo_image","settings":{"image":"shopify:\/\/shop_images\/cosmopolitan-logo-font-free-download-1200x679.jpg","link":""}},"1639552714bd399d47-3":{"type":"logo_image","settings":{"image":"shopify:\/\/shop_images\/Yahoo-logo.png","link":""}}},"block_order":["1639552714bd399d47-0","1639552714bd399d47-1","1639552714bd399d47-2","1639552714bd399d47-3"],"settings":{"title":"","logo_opacity":76,"divider":false}},"163816769528ea50c8":{"type":"hero-video","disabled":true,"settings":{"title":"","title_size":80,"subheading":"","link_text":"","link":"","text_align":"vertical-center horizontal-center","video_url":"https:\/\/www.youtube.com\/watch?v=LtYTGmk6v6Q","overlay_opacity":0,"section_height":"650px","mobile_height":"auto"}},"16381676612630e74b":{"type":"apps","blocks":{"8a8a2412-a46c-4266-9303-d014a56dc7fb":{"type":"shopify:\/\/apps\/instafeed-instagram-feed\/blocks\/app-block\/c447db20-095d-4a10-9725-b5977662c9d5","settings":{"heading_size":20,"feed_width":100,"html_area":""}}},"block_order":["8a8a2412-a46c-4266-9303-d014a56dc7fb"],"settings":{"full_width":true,"space_around":true}},"product-recommendations":{"type":"product-recommendations","settings":{"show_product_recommendations":true,"product_recommendations_heading":"You may also like","related_count":5}},"collection-return":{"type":"collection-return","settings":{}},"1647512675e0ad6f23":{"type":"slideshow","blocks":{"1647512675e51e9822-0":{"type":"image","settings":{"title":"","title_size":80,"subheading":"","link":"","link_text":"","text_align":"vertical-center horizontal-center","image":"shopify:\/\/shop_images\/vac-package.jpg","image_mobile":"shopify:\/\/shop_images\/VAC-package_50f795be-4cce-4cfb-8b30-daff967cdc7e.jpg","overlay_opacity":0,"focal_point":"center center"}}},"block_order":["1647512675e51e9822-0"],"settings":{"section_height":"650px","mobile_height":"auto","parallax":false,"style":"arrows","style_position":"right","autoplay":false,"autoplay_speed":5}}},"order":["main","sub","163955301171de49c5","background-image-text","1639468887afc8eafd","1639553772b6112ba6","1639553357edc82f73","text-and-image","1639464777822560ba","1639552714be6a0f11","163816769528ea50c8","16381676612630e74b","product-recommendations","collection-return","1647512675e0ad6f23"]}