{"current":{"color_borders":"#111111","color_button":"#ffbc00","color_button_text":"#000000","color_header":"#130303","color_header_text":"#ffffff","color_announcement":"#ffbc00","color_announcement_text":"#000000","color_footer":"#111111","color_footer_text":"#ffffff","color_drawer_background":"#ffffff","color_drawer_text":"#1c1d1d","color_drawer_border":"#fafafa","color_drawer_button":"#1c1d1d","color_drawer_button_text":"#ffffff","color_modal_overlays":"#fafafa","color_image_text":"#ffffff","color_image_2":"#ffffff","color_image_2_opacity":0,"color_image_1":"#000000","color_image_1_opacity":62,"color_small_image_bg":"#ffffff","color_large_image_bg":"#ffffff","use_custom_font_heading":true,"type_header_font_family":"sans-serif","custom_font_heading":"SF-Pro-Display-Bold","type_header_spacing":"0","type_header_base_size":48,"type_header_line_height":1,"type_header_capitalize":false,"type_header_accent_transform":false,"use_custom_font_base":true,"type_base_font_family":"sans-serif","custom_font_base":"SF-Pro-Display-Medium","type_base_spacing":"0","type_base_size":16,"type_base_line_height":1.2,"type_base_accent_transform":false,"type_navigation_size":16,"type_navigation_style":true,"icon_weight":"3px","icon_linecaps":"miter","animate_page_transitions":true,"animate_page_transition_style":"page-fade-in-up","animate_sections":false,"animate_sections_background_style":"zoom-fade","animate_sections_text_style":"fade-in","animate_images":false,"animate_images_style":"zoom-fade","animate_buttons":false,"animate_underlines":false,"quick_shop_enable":false,"cart_type":"drawer","cart_icon":"cart","cart_notes_enable":true,"social_facebook_link":"https:\/\/www.facebook.com\/VelotricEbike","social_twitter_link":"","social_instagram_link":"https:\/\/www.instagram.com\/velotricebike\/","social_youtube_link":"https:\/\/www.youtube.com\/channel\/UCQJLsB21tAegFKPTmvErzkA","share_twitter":false,"favicon":"shopify:\/\/shop_images\/LOGO.jpg","show_breadcrumbs":false,"show_breadcrumbs_collection_link":false,"checkout_logo_image":"shopify:\/\/shop_images\/LOGO.jpg","checkout_logo_position":"left","checkout_logo_size":"medium","checkout_body_background_image":"","checkout_body_background_color":"#ffffff","checkout_input_background_color_mode":"white","checkout_sidebar_background_image":"","checkout_sidebar_background_color":"#fafafa","checkout_heading_font":"-apple-system, BlinkMacSystemFont, 'Segoe UI', Roboto, Helvetica, Arial, sans-serif, 'Apple Color Emoji', 'Segoe UI Emoji', 'Segoe UI Symbol'","checkout_body_font":"-apple-system, BlinkMacSystemFont, 'Segoe UI', Roboto, Helvetica, Arial, sans-serif, 'Apple Color Emoji', 'Segoe UI Emoji', 'Segoe UI Symbol'","checkout_accent_color":"#111111","checkout_button_color":"#111111","checkout_error_color":"#ff6d6d","color_image_bg":"#000000","color_input":"#ffffff","checkout_banner_background_color":"#ffffff","checkout_call_to_action_color":"#a26b25","checkout_use_header_image":false,"sections":{"header":{"type":"header","settings":{"logo":"shopify:\/\/shop_images\/Group_b75f2572-f053-42e2-9e23-68b0e8f19480.png","logo-inverted":"shopify:\/\/shop_images\/Group_d3c30c89-54e2-4013-bc64-add750c5a015.png","desktop_logo_width":210,"mobile_logo_width":140,"main_menu_link_list":"main-menu","main_menu_alignment":"left-center","header_sticky":true,"sticky_index":true,"sticky_collection":true,"show_announcement":true,"announcement_text":"Biggest Sale of the Year. Save $600 Now. Limited Time!","announcement_link":"shopify:\/\/products\/velotric-discover-1","announcement_closable":true,"show_service":false,"text_service":"Customer Service","service_image":"shopify:\/\/shop_images\/8e11f54d-836b-49a5-a9a7-0f42059395a8.jpg","service_name":"","service_title":"Ask Our Experts","service_text":"<p>No matter what stage you are in the buying process, our Ebike Experts will take care of you.<br\/>Check out our robust help center for answers to your top questions.<\/p>","service_html":"<ul>\n    <li class=\"h6\"><a href=\"https:\/\/velotric.bike\/pages\/support\">Help Center - FAQs and Articles<\/a><\/li>\n    <li class=\"h6\"><a href=\"https:\/\/velotric.bike\/pages\/return-policy\">Return a Product<\/a><\/li>\n    <li class=\"h6\"><a href=\"https:\/\/velotric.bike\/pages\/contact-us\">Contact Us<\/a><\/li>\n\n<\/ul>","header_shoplink":"shopify:\/\/products\/velotric-discover-1","header_shoplinktext":"Shop now"}},"footer":{"type":"footer","blocks":{"ccd66484-15ec-460b-875e-c514424170f3":{"type":"custom_ho","settings":{"footer_logo":"shopify:\/\/shop_images\/Group_8d01e63a-a109-4fd8-943b-646ac7a9a401.png","show_socialicon":true,"title":"We are here to help","html":"Email: <a href=\"mailto:help@velotricbike.com\">help@velotricbike.com<\/a> <br>\nCall: +1 888-413-6392<br>\nHours: Monday~Friday 1PM~5PM PST","link01":"Terms of Service","link01url":"shopify:\/\/policies\/terms-of-service","link02":"Privacy Policy","link02url":"shopify:\/\/policies\/privacy-policy"}},"1494292487693":{"type":"newsletter","disabled":true,"settings":{"show_footer_title":true,"title":"Newsletter","richtext":"<p>Sign up to get the latest on sales, new releases, and more.<\/p>","container_width":35,"show_media":true}},"1494292485313":{"type":"menu","settings":{"show_footer_title":true,"menu":"features","container_width":20}},"1494301487049":{"type":"menu","settings":{"show_footer_title":true,"menu":"electric-bike","container_width":20}},"642a66c1-d3a4-4ce8-a6fe-cf3131f38510":{"type":"menu","settings":{"show_footer_title":true,"menu":"footer","container_width":20}},"64391508-6b81-4214-8a63-07132fbb5944":{"type":"custom","disabled":true,"settings":{"show_footer_title":false,"title":"Custom text","text":"<p>Add your own custom text here.<\/p>","container_width":20}}},"block_order":["ccd66484-15ec-460b-875e-c514424170f3","1494292487693","1494292485313","1494301487049","642a66c1-d3a4-4ce8-a6fe-cf3131f38510","64391508-6b81-4214-8a63-07132fbb5944"],"settings":{"show_locale_selector":true,"show_currency_selector":true,"show_currency_flags":true,"show_payment_icons":true,"colorize_payment_icons":true,"show_copyright":false,"copyright_text":""}},"footer-promotions":{"type":"footer-promotions","settings":{"hide_homepage":false,"image_size":"wide","align_text":"left"}},"newsletter-popup":{"type":"newsletter-popup","settings":{"mode":"disabled","popup_seconds":5,"popup_days":30,"popup_title":"Become a VELOTRIC Insider!","popup_text":"<p>Get the lastest design stories, new product updates<\/p><p>  and get $150 OFF for Early Launch Deal Special!<\/p>","close_text":"Skip","enable_newsletter":true,"button_label":"Join us","button_link":"","enable_button":false}}},"content_for_index":[],"blocks":{"7570552984445421165":{"type":"shopify:\/\/apps\/yotpo-product-reviews-photos\/blocks\/settings\/eb7dfd7d-db44-4334-bc49-c893b51b36cf","disabled":false,"settings":{}},"855628211100114053":{"type":"shopify:\/\/apps\/klaviyo-email-marketing-sms\/blocks\/klaviyo-onsite-embed\/2632fe16-c075-4321-a88b-50b567f42507","disabled":false,"settings":{}},"16156609502398088594":{"type":"shopify:\/\/apps\/omega-multi-facebook-pixels\/blocks\/app-embed-block\/ecdcc423-3dbd-480c-85e8-fdb9789cf058","disabled":false,"settings":{}}}},"presets":{"Classic":{"color_borders":"#e8e8e1","color_button":"#111111","color_button_text":"#ffffff","color_drawer_background":"#ffffff","color_drawer_text":"#000000","color_drawer_border":"#e8e8e1","color_drawer_button":"#111111","color_drawer_button_text":"#ffffff","color_footer":"#111111","color_footer_text":"#ffffff","color_image_1":"#000000","color_image_1_opacity":62,"color_image_2":"#000000","color_image_2_opacity":0,"color_small_image_bg":"#ffffff","color_large_image_bg":"#111111","type_header_spacing":"0","type_header_font_family":"itc_avant_garde_gothic_n7","type_header_base_size":35,"type_header_line_height":1.2,"type_header_accent_transform":true,"type_base_font_family":"futura_n4","type_base_spacing":"25","type_base_size":17,"type_base_line_height":1.6,"type_base_accent_transform":true,"icon_weight":"3px","icon_linecaps":"miter","animate_page_transitions":true,"animate_page_transition_style":"page-slow-fade","animate_sections":true,"animate_sections_background_style":"zoom-fade","animate_sections_text_style":"rise-up","animate_images":true,"animate_images_style":"zoom-fade","animate_buttons":true,"animate_underlines":true,"cart_type":"drawer","checkout_header_image":"","checkout_logo_image":"","checkout_logo_position":"left","checkout_logo_size":"medium","checkout_body_background_image":"","checkout_body_background_color":"#ffffff","checkout_input_background_color_mode":"white","checkout_sidebar_background_image":"","checkout_sidebar_background_color":"#fafafa","checkout_heading_font":"Helvetica Neue","checkout_body_font":"Helvetica Neue","checkout_accent_color":"#111111","checkout_button_color":"#111111","checkout_error_color":"#ff6d6d","color_image_bg":"#000000","color_input":"#ffffff","checkout_banner_background_color":"#ffffff","checkout_call_to_action_color":"#a26b25","checkout_use_header_image":false,"sections":{"header":{"type":"header","settings":{"main_menu_link_list":"main-menu","sticky_index":true,"sticky_collection":false,"show_announcement":true}},"footer":{"type":"footer","blocks":{"1494292481350":{"type":"logo_social","settings":{"container_width":20}},"1494292485313":{"type":"menu","settings":{"menu":"main-menu","container_width":20}},"1494292487693":{"type":"newsletter","settings":{"container_width":33}},"1494301487049":{"type":"menu","settings":{"menu":"footer","container_width":20}}},"block_order":["1494301487049","1494292485313","1494292487693","1494292481350"],"settings":{}}}},"Elegant":{"color_borders":"#e8e8e1","color_button":"#353956","color_button_text":"#ffffff","color_footer":"#17172c","color_footer_text":"#ffffff","color_drawer_background":"#ffffff","color_drawer_text":"#17172c","color_drawer_border":"#e8e8e1","color_drawer_button":"#353956","color_drawer_button_text":"#ffffff","color_modal_overlays":"#17172c","color_image_2":"#17172c","color_image_2_opacity":0,"color_image_1":"#17172c","color_image_1_opacity":32,"color_small_image_bg":"#f4f4f4","color_large_image_bg":"#17172c","type_header_spacing":"0","type_header_font_family":"bauer_bodoni_n7","type_header_base_size":42,"type_header_line_height":1.3,"type_base_font_family":"futura_n4","type_base_spacing":"25","type_base_size":17,"type_base_line_height":1.6,"icon_weight":"3px","icon_linecaps":"miter","animate_page_transitions":true,"animate_page_transition_style":"page-slow-fade","animate_sections":true,"animate_sections_background_style":"zoom-fade","animate_sections_text_style":"rise-up","animate_images":true,"animate_images_style":"zoom-fade","animate_buttons":true,"animate_underlines":true,"cart_type":"drawer","checkout_header_image":"","checkout_logo_image":"","checkout_logo_position":"left","checkout_logo_size":"medium","checkout_body_background_image":"","checkout_body_background_color":"#ffffff","checkout_input_background_color_mode":"white","checkout_sidebar_background_image":"","checkout_sidebar_background_color":"#fafafa","checkout_heading_font":"Helvetica Neue","checkout_body_font":"Helvetica Neue","checkout_accent_color":"#111111","checkout_button_color":"#111111","checkout_error_color":"#ff6d6d","color_image_bg":"#000000","color_input":"#ffffff","checkout_banner_background_color":"#ffffff","checkout_call_to_action_color":"#a26b25","checkout_use_header_image":false,"sections":{"header":{"type":"header","settings":{"main_menu_link_list":"main-menu","sticky_index":true,"sticky_collection":false,"show_announcement":true}},"footer":{"type":"footer","blocks":{"1494292481350":{"type":"logo_social","settings":{"container_width":20}},"1494292485313":{"type":"menu","settings":{"menu":"main-menu","container_width":20}},"1494292487693":{"type":"newsletter","settings":{"container_width":33}},"1494301487049":{"type":"menu","settings":{"menu":"footer","container_width":20}}},"block_order":["1494292481350","1494301487049","1494292485313","1494292487693"],"settings":{}}}},"Minimal":{"color_borders":"#f0f1f3","color_button":"#111111","color_button_text":"#ffffff","color_footer":"#f0f1f3","color_footer_text":"#2c2c2c","color_drawer_background":"#ffffff","color_drawer_text":"#000000","color_drawer_border":"#f0f1f3","color_drawer_button":"#111111","color_drawer_button_text":"#ffffff","color_modal_overlays":"#aeb1b8","color_image_2":"#000000","color_image_2_opacity":0,"color_image_1":"#000000","color_image_1_opacity":26,"color_small_image_bg":"#ffffff","color_large_image_bg":"#dedfe1","type_header_spacing":"50","type_header_font_family":"chivo_n7","type_header_base_size":34,"type_header_line_height":1.2,"type_header_accent_transform":true,"type_base_font_family":"neuzeit_office_n4","type_base_spacing":"25","type_base_size":16,"type_base_line_height":1.6,"type_base_accent_transform":true,"icon_weight":"2px","icon_linecaps":"round","animate_page_transitions":true,"animate_page_transition_style":"page-slide-reveal-down","animate_sections":true,"animate_sections_background_style":"zoom-fade","animate_sections_text_style":"rise-up","animate_images":true,"animate_images_style":"fade-in","animate_buttons":true,"animate_underlines":true,"cart_type":"drawer","checkout_header_image":"","checkout_logo_image":"","checkout_logo_position":"left","checkout_logo_size":"medium","checkout_body_background_image":"","checkout_body_background_color":"#ffffff","checkout_input_background_color_mode":"white","checkout_sidebar_background_image":"","checkout_sidebar_background_color":"#fafafa","checkout_heading_font":"Helvetica Neue","checkout_body_font":"Helvetica Neue","checkout_accent_color":"#111111","checkout_button_color":"#111111","checkout_error_color":"#ff6d6d","color_image_bg":"#000000","color_input":"#ffffff","checkout_banner_background_color":"#ffffff","checkout_call_to_action_color":"#a26b25","checkout_use_header_image":false,"sections":{"header":{"type":"header","settings":{"main_menu_link_list":"main-menu","sticky_index":false,"sticky_collection":false,"show_announcement":true}},"footer":{"type":"footer","blocks":{"1494292481350":{"type":"logo_social","settings":{"container_width":20}},"1494292485313":{"type":"menu","settings":{"menu":"main-menu","container_width":20}},"1494292487693":{"type":"newsletter","settings":{"container_width":33}},"1494301487049":{"type":"menu","settings":{"menu":"footer","container_width":20}}},"block_order":["1494292481350","1494301487049","1494292485313","1494292487693"],"settings":{}}}}}}