{"current":{"favicon":"shopify:\/\/shop_images\/odinlake-icon.jpg","show_scroll_top_button":true,"container_width":1280,"container_fluid_offset":65,"color_primary":"#103f36","color_body_text":"#103f36","color_heading_text":"#103f36","color_sub_text":"#666666","color_text_link":"#103f36","color_btn_bg":"#103f36","color_btn_bg_hover":"#103f36","product_title_color":"#103f36","prod_regular_price_color":"#369abc","color_annoucement_bg":"#103f36","color_annoucement_text":"#ffffff","color_topbar_bg":"#ffffff","color_topbar_text":"#000000","bg_cart_wishlist_count":"#da3f3f","color_menu_bar_text":"#fff","color_footer_bg":"#103f36","color_footer_text":"#a3a3a3","color_footer_subtext":"#fff","color_footer_link":"#fff","color_footer_link_hover":"#fff","color_footer_bg_mb":"#103f36","color_footer_bottom_bg":"#103f36","color_footer_bottom_text":"#fff","color_footer_bottom_bg_mb":"#103f36","color_border":"#d9d9d9","img_overlay_opacity":20,"tooltip_background_color":"#103f36","type_base_font":"open_sans_n4","use_custom_font_body":false,"custom_body_font":"https:\/\/cdn.shopify.com\/s\/files\/1\/0561\/2742\/2636\/files\/Jost-Light.ttf?v=1618297125@300\nhttps:\/\/cdn.shopify.com\/s\/files\/1\/0561\/2742\/2636\/files\/Jost-Regular.ttf?v=1618297125@400\nhttps:\/\/cdn.shopify.com\/s\/files\/1\/0561\/2742\/2636\/files\/Jost-Medium.ttf?v=1618297125@500\nhttps:\/\/cdn.shopify.com\/s\/files\/1\/0561\/2742\/2636\/files\/Jost-SemiBold.ttf?v=1618297125@600\nhttps:\/\/cdn.shopify.com\/s\/files\/1\/0561\/2742\/2636\/files\/Jost-Bold.ttf?v=1618297125@700","type_header_font":"open_sans_n7","use_custom_font_heading":false,"custom_heading_font":"https:\/\/cdn.shopify.com\/s\/files\/1\/0561\/2742\/2636\/files\/Jost-Light.ttf?v=1618297125@300\nhttps:\/\/cdn.shopify.com\/s\/files\/1\/0561\/2742\/2636\/files\/Jost-Regular.ttf?v=1618297125@400\nhttps:\/\/cdn.shopify.com\/s\/files\/1\/0561\/2742\/2636\/files\/Jost-Medium.ttf?v=1618297125@500\nhttps:\/\/cdn.shopify.com\/s\/files\/1\/0561\/2742\/2636\/files\/Jost-SemiBold.ttf?v=1618297125@600\nhttps:\/\/cdn.shopify.com\/s\/files\/1\/0561\/2742\/2636\/files\/Jost-Bold.ttf?v=1618297125@700","pcard_layout":"1","show_second_img":false,"show_cart_button":false,"show_quickview_button":false,"show_wishlist_button":false,"show_compare_button":false,"show_badge_soldout":false,"show_review_badge":true,"uppercase_prd_name":false,"pcard_show_lowest_prices":true,"variant_option_design_default":"button","variant_option_title1":"Desktop Color","variant_option_design1":"color","variant_option_title2":"Frame Color","variant_option_design2":"color","variant_option_title4":"Desk Size","variant_option_design4":"button","product_colors":"red: #FF6961,\nyellow: #FDDA76,\nblack: #000000,\nblack band: #000000,\nblue: #8DB4D2,\ngreen: #C1E1C1,\npurple: #B19CD9,\nsilver: #EEEEEF,\nwhite: #FFFFFF,\nbrown: #836953,\nlight brown: #B5651D,\ndark turquoise: #23cddc,\norange: #FFB347,\ntan: #E9D1BF,\nviolet: #B490B0,\npink: #FFD1DC,\ngrey: #E0E0E0,\nsky: #96BDC6,\npale leaf: #CCD4BF,\nlight blue: #b1c5d4,\ndark grey: #aca69f,\nbeige: #EBE6DB,\nbeige band: #EED9C4,\ndark blue: #063e66,\ncream: #FFFFCC,\nlight pink: #FBCFCD,\nmint: #bedce3,\ndark gray: #3A3B3C,\nrosy brown: #c4a287,\nlight grey:#D3D3D3,\ncopper: #B87333,\nrose gold: #ECC5C0,\nnight blue: #151B54,\ncoral: #FF7F50,\nlight purple: #C6AEC7","filter_color1":"Maple","filter_color2":"Mood","contact_phone_number":"+1 213-222-6167","contact_email":"customers@odinlake.com","social_twitter_link":"https:\/\/twitter.com\/Odin_lake","social_facebook_link":"https:\/\/www.facebook.com\/OdinlakeChair","social_facebook_label":"","social_pinterest_link":"","social_instagram_link":"https:\/\/www.instagram.com\/odinlake.store","social_instagram_label":"","social_youtube_link":"https:\/\/www.youtube.com\/channel\/UCA9SBDR-Xyeolaj7eatfd0g","enable_cart_drawer":true,"cart_estimate_shipping":false,"enable_predictive_search":false,"popular_search_queries":"","search_unavailable_products":"HIDE","wishlist_page":"","product_compare_page":"","gm_api":"","instagram_token":"","custom_css":".bg-color-topbar-background.sf-topbar {\n  border-bottom-color: #eeeeee;\n}\ndiv.slide__block-description {\n  color: #666666;\n}\n.prod__trus-badges img {\n  width: 357px;\n}\n.sf-footer .form-control.form__control-icon {\n  background: #ffffff;\n}\n.sf__index-testimonial .sf-slider__controls-prev {\n  left: -113px;\n}\n.sf__index-testimonial .sf-slider__controls-next {\n  right: -113px;\n}\n.sf__index-testimonial .text-color-subtext + .not-change p {\n  font-weight: 600;\n}\n.sf__index-testimonial .swiper-pagination-bullet {\n  margin: 0 10px;\n}\n.sf__index-collection-list sup {\n  top: -1em;\n  right: -0.2em;\n}\n\n.sf__index-icon-box {\n  border-top: 1px solid #eeeeee;\n}\n.sf__index-icon-box .section-py {\n  padding-top: 40px;\n  padding-bottom: 40px;\n}\n.sf__index-icon-box .sf-icon-box__text h3 {\n  font-weight: 500;\n  font-size: 20px;\n}\n.sf__index-icon-box .sf-icon-box__text .rte {\n  color: #777777;\n}\n.sf__index-slideshow .sf__btn-link.-mt-1 {\n  margin-top: 0;\n}\n.sf__index-collection-list .collection-card__info h3:hover {\n  color: #666666;\n}\n.sf__index-testimonial .swiper-pagination {\n  margin-top: 60px;\n}\n@media screen and (max-width: 1535px) {\n  .sf__index-testimonial .swiper-pagination {\n    margin-top: 50px;\n  }\n}\n\n@media (min-width: 768px) {\n  .sf__index-collection-list .section-my {\n    margin-top: 30px;\n  }\n}\n\n@media (max-width: 767px) {\n  .sf__index-icon-box {\n    border-top: 0px;\n  }\n  .sf__index-icon-box .section-py {\n    padding-top: 20px;\n  }\n  .sf__index-blog-posts .sf__blog-post-button .sf__btn-secondary {\n    width: 100%;\n  }\n}\n@media (max-width: 576px) {\n  .sf__index-slideshow .sf__btn-primary,\n  .sf__index-featured-collection .sf__btn-secondary {\n    width: 100%;\n  }\n}\n.sf__choose-chair-box .section-py {\n    padding-bottom: 0px;\n  }\n\n.sf__benefit-ergo-box .section-py {\n  padding-top: 0px;\n   padding-bottom: 0px;\n  }\n.sf__odinlake-box .section-py {\n  padding-top: 30px;\n   padding-bottom: 30px;\n  }\n\n.main-product__block+.main-product__block{\n    margin-top: 15px;\nmargin-bottom: 15px;\n}\n\n.nav-swiper-container .swiper-slide-thumb-active .sf-prod-media{\n  border: 1px solid rgb(192 192 192)\n}\n.sf-media-nav-mobile .swiper-slide-thumb-active .sf-prod-media{\n  box-shadow: 0 0 0 1px #C0C0C0;\n}\n\n.text-color-regular-price {\nfont-weight:bold;\n}\n\n.sf__accordion-item .sf__accordion-button{\nfont-weight: 700;\n}\n.sf__odinlake-about-us .swiper-container-autoheight{\npadding-top: 50px !important;\n}\n\n.sf-custom__block--html{\npadding-top: 15px;\npadding-bottom: 15px;\n}\n@media (max-width: 768px){\n.odinlake_block1{\n    order: 1;\n}\n.odinlake_block2{\n    order: 2;\n}\n.odinlake_block3{\n    order: 3;\n}\n.odinlake_block4{\n    order: 4;\n}\n.odinlake_block5{\n    order: 5;\n}\n.odinlake_block6{\n    order: 6;\n}\n.odinlake_block7{\n    order: 7;\n}\n.odinlake_block8{\n    order: 8;\n}\n.odinlake_block9{\n    order: 9;\n}\n.odinlake_block10{\n    order: 10;\n}\n}","review_app":"other","checkout_logo_image":"shopify:\/\/shop_images\/400-75.png","sale_popup_collection":"sale","size_chart":"size-guide","sections":{"header":{"type":"header","blocks":{"ace9fa5d-79c6-4086-a755-b1899956c8ba":{"type":"product-list","settings":{"heading":"ergo chairs","container":"inherit","stretch_width":false,"collection":"ergonomic-chairs","limit":4,"columns":4}}},"block_order":["ace9fa5d-79c6-4086-a755-b1899956c8ba"],"settings":{"header_design":"logo-left-menu-center","container":"container-fluid","header_sticky":true,"transparent_on_top":false,"logo_text":"odinlake","logo_svg":"https:\/\/cdn.shopify.com\/s\/files\/1\/0603\/7431\/9272\/files\/odinlake-logo_5a764b51-2363-4261-9229-9a4252dc8b73.svg?v=1656470825","logo_mobile_svg":"","logo_transparent_svg":"","logo_max_width":190,"sticky_logo_max_width":190,"mobile_logo_max_width":140,"main_menu":"main-menu","secondary_menu":"","mobile_menu":"","uppercase_parent_level":false,"search":"show_icon","show_account_icon":true,"show_cart_icon":true,"show_wishlist_icon":false,"show_compare_icon":false,"show_currency_switcher":false,"show_country_selector":false,"show_language_switcher":false}},"footer":{"type":"footer","blocks":{"70c36098-b374-46f8-af02-226488a0ce03":{"type":"menu","settings":{"menu":"footer","title":"About Odinlake","width":"16%","order_first":false,"open_default":false}},"85209d5e-c364-489f-8320-73d204b3ed46":{"type":"menu","settings":{"menu":"customer-service","title":"Customer Service","width":"16%","order_first":false,"open_default":false}},"d5978e13-bd48-4f66-bbbe-5b0e5bb800f5":{"type":"menu","settings":{"menu":"support","title":"Support","width":"16%","order_first":false,"open_default":false}},"c5f5a464-8b3c-4c63-94a1-aef3586482aa":{"type":"our_store","settings":{"title":"Company","description":"<p>Address: 1589 E Nine St Pomona, CA 91766<br\/>Email: customers@odinlake.com<br\/>Call Us: +1 213-222-6167<\/p>","show_email":false,"show_phone":false,"show_socials_link":false,"width":"25%","order_first":false,"open_default":false}},"8d6ff29d-e8b7-411b-addc-ed3b7d2f67b3":{"type":"newsletter","settings":{"title":"Newsletter","description":"<img width=\"160px\" src=\"https:\/\/cdn.shopifycdn.net\/s\/files\/1\/0603\/7431\/9272\/files\/odinlake-logo-1.svg?v=1652943099\">\n\nPromotions, new products and sales. Directly to your inbox.","email_placeholder":"Enter your email","form_style":"bordered","show_social":true,"show_agree_checkbox":false,"width":"25%","order_first":true,"open_default":true}}},"block_order":["70c36098-b374-46f8-af02-226488a0ce03","85209d5e-c364-489f-8320-73d204b3ed46","d5978e13-bd48-4f66-bbbe-5b0e5bb800f5","c5f5a464-8b3c-4c63-94a1-aef3586482aa","8d6ff29d-e8b7-411b-addc-ed3b7d2f67b3"],"settings":{"design":"footer-1","container":"container-fluid","bordered":false,"copyright":"©2022 Odinlake , LLC. All Rights Reserved.","show_country_selector":false,"show_currency_selector":false,"show_language_selector":false,"show_social_links":false,"show_payment_icons":true,"payment_icons_width":300}},"annoucement":{"type":"annoucement","settings":{"show_announcement":true,"homepage_only":false,"show_close":false,"message":"<div>Back to School Deal <b>$50 OFF <\/b>  Coupon:  \n<b> BTS50<\/b>\n<\/div>","message_link":"shopify:\/\/collections\/ergonomic-chairs","show_divider":true}},"mobile-sticky-bar":{"type":"mobile-sticky-bar","settings":{"show_mobile_sticky":false,"show_home_icon":true,"show_collection_icon":true,"show_cart_icon":true,"show_search_icon":true,"show_account_icon":false,"show_wishlist_icon":false}}},"content_for_index":[],"blocks":{"7612553728132747764":{"type":"shopify:\/\/apps\/stamped-product-reviews-ugc\/blocks\/net-promoter-score-form-modal\/a103faaf-2125-4b0e-89fa-de5149736723","disabled":true,"settings":{"email":"","name":"","title":"","message":"Enable advanced features and increase your monthly order limit to match your business's needs.","reason":"","thank_you":"","label_name":"","label_email":""}},"1575957009345749421":{"type":"shopify:\/\/apps\/stamped-product-reviews-ugc\/blocks\/side-drawer\/a103faaf-2125-4b0e-89fa-de5149736723","disabled":true,"settings":{"show_avatar":true,"position":"left","text":"","title":"","link":"","link_text":"","background_color":"","style_color_button_text":"","style_color_star":"","style_color_text":"","style_color_link":"","review_ids":"","product_ids":"","category":"","product_brand":"","tags":"","min_rating":"none","fill_empty":false,"random":false,"with_photos":false}},"4697538150380142411":{"type":"shopify:\/\/apps\/stamped-product-reviews-ugc\/blocks\/reviews-popup\/a103faaf-2125-4b0e-89fa-de5149736723","disabled":true,"settings":{"layout":"horizontal","effect":"slidetop","delay_seconds":3,"show_seconds":10,"pause_seconds":10,"position":"bottomleft","color_background":"","color_star":"","color_text":"","review_ids":"","product_ids":"","category":"","product_brand":"","tags":"","min_rating":"none","fill_empty":false,"random":false,"with_photos":false}},"5294968793578418440":{"type":"shopify:\/\/apps\/variant-option-product-options\/blocks\/app-embed\/ce104259-52b1-4720-9ecf-76b34cae0401","disabled":true,"settings":{}},"16156609502398088594":{"type":"shopify:\/\/apps\/omega-multi-facebook-pixels\/blocks\/app-embed-block\/ecdcc423-3dbd-480c-85e8-fdb9789cf058","disabled":true,"settings":{}}}},"presets":{"Default":{"sections":{"featured-collection":{"type":"featured-collection","settings":{"collection":"frontpage"}},"featured-product":{"type":"featured-product","settings":{}}},"content_for_index":["featured-collection","featured-product"]}}}